AnalysisMethodID,Name_NO,Description_NO,Name_EN,Description_EN,Withdrawn,Protocol_Name,Comments
NS-ISO 5813,Titrimetrisk metode (ISO 5813),Bestemmelse av oppløst oksygen - Iodometrisk metode - (= EN 25813:1992) (ISO 5813:1983),Titrimetric method,Determination of dissolved oxygen - Iodometrisk method -,FALSE,Other,Classical/non-instrumental analytical method
NS-ISO 5814,Elektrokjemisk metode (ISO 5814; Tilbaketrukket),Bestemmelse av oppløst oksygen - Elektrokjemisk metode - (= EN 25814:1992) (ISO 5814:1990). Tilbaketrukket. Erstattet av NS-EN ISO 5814:2012.,Electrochemical method,Determination of dissolved oxygen - Elektrokjemisk method -. Withdrawn. Erstattet of NS-EN ISO 5814:2012.,TRUE,Other,Classical/non-instrumental analytical method
NS-ISO 5663,Titrimetrisk metode (ISO 5663),Bestemmelse av Kjeldahl-nitrogen - Fremgangsmåte etter oppslutning med selen - (= EN 25663:1993) (ISO 5663:1984),Titrimetric method,Determination of Kjeldahl-nitrogen - Fremgangsmåte etter oppslutning with selen -,FALSE,Other,Classical/non-instrumental analytical method
NS 9425-3 SA,Elektrokjemisk metode (NS 9425-3),Oseanografi - Del 3: Måling av sjøtemperatur og saltholdighet. Salinitet.,Electrochemical method,Oseanografi - Part 3: Måling of seawater temperature and saltholdighet. Salinitet.,FALSE,Other,Classical/non-instrumental analytical method
NS-EN ISO 7887 K3,Spektrofotometri (ISO 7887; Tilbaketrukket),Bestemmelse av farge - Kap. 3: Bestemmelse av sann farge ved hjelp av optiske instrumenter (ISO 7887:1994). Tilbaketrukket. Erstattet av NS-EN ISO 7887:2011 B.,Spectrophotometry,Determination of colour - Kap. 3: determination of sann colour ved hjelp of optiske instrumenter. Withdrawn. Erstattet of NS-EN ISO 7887:2011 B.,TRUE,Spectrophotometry,
NS-EN ISO 10304-1:2009,Væskekromatografi (ISO 10304-1:2009),"Bestemmelse av oppløste anioner med væskekromatografi. Del 1: Bestemmelse av bromid, klorid, fluorid, nitrat, nitritt, fosfat og sulfat (ISO 10304-1:2009)",Liquid chromatography,"Determination of dissolved anions with liquid chromatography. Part 1: determination of bromide, chloride, fluoride, nitrate, nitrite, phosphate and sulfate",FALSE,LC-MS,Generic liquid chromatography; inferred LC-MS from context
NS 4761,Titrimetrisk metode (NS 4761:1987; Tilbaketrukket),Bestemmelse av sulfat i vann - Titrimetrisk thorin-metode. Tilbaketrukket. Erstattet av NS-EN ISO 10304-1:2009.,Titrimetric method,Determination of sulfate in water - Titrimetrisk thorin-method. Withdrawn. Erstattet of NS-EN ISO 10304-1:2009.,TRUE,Other,Classical/non-instrumental analytical method
NS 4762,Nefelometrisk metode (NS 4762:1988; Tilbaketrukket),Bestemmelse av sulfat i vann - Nefelometrisk metode. Tilbaketrukket,Nephelometric method,Determination of sulfate in water - Nefelometrisk method. Withdrawn,TRUE,Other,Classical/non-instrumental analytical method
NS 4733,Veiing (NS 4733:1983; Tilbaketrukket),Bestemmelse av suspendert stoff i avløpsvann og dets gløderest. Tilbaketrukket,Veiing,Determination of suspended stoff in wastewater and dets gløderest. Withdrawn,TRUE,Other,Could not determine specific analytical technique
NS-EN 872,Veiing (NS-EN 872),Bestemmelse av suspendert stoff - Metode med filtrering gjennom glassfiberfiltre.,Veiing,Determination of suspended stoff - method with filtrering gjennom glassfiberfiltre.,FALSE,Other,Could not determine specific analytical technique
REUSS_1986,Reuss and Johnson (1986),"Reuss and Johnson, 1986. Acid deposition and the acidification of soils and waters. In: Ecological studies 59, Springer, pp. 62–65.",Reuss and Johnson,"Reuss and Johnson, 1986. Acid deposition and the acidification of soils and waters. In: Ecological studies 59, Springer, pp. 62–65.",FALSE,Not relevant,"Reference method, guideline, or calculation"
NS 9425-3 TE,Termometer (NS 9425-3),Oseanografi - Del 3: Måling av sjøtemperatur og saltholdighet. Termometer.,Termometer,Oseanografi - Part 3: Måling of seawater temperature and saltholdighet. Termometer.,FALSE,Other,Could not determine specific analytical technique
NS 9425-3 TM,Termistor (NS 9425-3),Oseanografi - Del 3: Måling av sjøtemperatur og saltholdighet. Termistor.,Termistor,Oseanografi - Part 3: Måling of seawater temperature and saltholdighet. Termistor.,FALSE,Other,Could not determine specific analytical technique
NS 4764,Veiing (NS 4764:1980),"Tørrstoff og gløderest i vann, slam og sedimenter",Veiing,"Tørrstoff and gløderest in water, slam and sedimenter",FALSE,Other,Could not determine specific analytical technique
NS 4743,Spektrofotometri (NS 4743:1993; Tilbaketrukket),Bestemmelse av nitrogen etter oksidasjon med peroksodisulfat. Tilbaketrukket. Erstatte av NS-EN ISO 11905-1,Spectrophotometry,Determination of nitrogen etter oksidasjon with peroksodisulfat. Withdrawn. Erstatte of NS-EN ISO 11905-1,TRUE,Spectrophotometry,
NS-EN ISO 11905-1,Spektrofotometri (ISO 11905-1),Bestemmelse av nitrogen - Del 1: Metode basert på oksidativ oppslutning med peroksodisulfat (ISO 11905-1:1997),Spectrophotometry,Determination of nitrogen - Part 1: method basert on oksidativ oppslutning with peroksodisulfat,FALSE,Spectrophotometry,
NS 4725,Spektrofotometri (NS 4725:1984; Tilbaketrukket),Bestemmelse av totalfosfor - Oppslutning med peroksodisulfat. Tilbaketrukket. Erstattet av NS-EN 1189.,Spectrophotometry,Determination of totalfosfor - Oppslutning with peroksodisulfat. Withdrawn. Erstattet of NS-EN 1189.,TRUE,Spectrophotometry,
NS-ISO 8245,Infrarød spektrofotometri (ISO 8245; Tilbaketrukket),Retningslinjer for bestemmelse av totalt organisk karbon (TOC). Tilbaketrukket. Erstattet av NS-EN 1484.,Infrared spectrophotometry,Guidelines for bestemmelse of total organic carbon (TOC). Withdrawn. Erstattet of NS-EN 1484.,TRUE,Spectrophotometry,
NS 4723,Nefelometrisk metode (NS 4723; Tilbaketrukket),Nefelometrisk bestemmelse av turbiditet. Tilbaketrukket. Erstattet av NS-ISO 7027.,Nephelometric method,Nefelometrisk bestemmelse of turbiditet. Withdrawn. Erstattet of NS-ISO 7027.,TRUE,Other,Classical/non-instrumental analytical method
NS-EN ISO 17993,Væskekromatografi (ISO 17993),Bestemmelse av 15 polysykliske aromatiske hydrokarboner (PAH) i vann ved HPLC med fluorimetri etter væske-væske ekstraksjon (ISO 17993:2002),Liquid chromatography,Determination of 15 polysykliske aromatiske hydrokarboner (PAH) in water ved HPLC with fluorimetri etter væske-væske ekstraksjon,FALSE,LC-MS,Generic liquid chromatography; inferred LC-MS from context
NS-EN ISO 17294-2,ICP-MS (ISO 17294-2; Tilbaketrukket),Bruk av induktivt koplet plasmamassespektrometri (ICP-MS) - Del 2: Bestemmelse av 62 grunnstoffer (ISO 17294-2:2003). Tilbaketrukket. Erstattet av NS-EN ISO 17294-2:2016,ICP-MS,Bruk of induktivt koplet plasmamassespektrometri (ICP-MS) - Part 2: determination of 62 grunnstoffer. Withdrawn. Erstattet of NS-EN ISO 17294-2:2016,TRUE,ICP-MS,
NS 4773,AAS flamme (NS 4773),"Atomabsorpsjonsspektrometri i flamme - Spesielle retningslinjer for aluminium, bly, jern, kadmium, kobber, kobolt, krom, mangan, nikkel og sink.",AAS flamme,"Atomabsorpsjonsspektrometri in flamme - Spesielle retningslinjer for aluminium, bly, jern, kadmium, kobber, kobolt, krom, mangan, nikkel and sink.",FALSE,AAS,
NS-EN ISO 12020 K2,AAS flamme (ISO 12020),Bestemmelse av aluminium - Atomabsorpsjon-spektrometrisk metode (ISO 12020:1997). Kap 2: AAS flamme.,AAS flamme,Determination of aluminium - Atomabsorpsjon-spektrometrisk method. Kap 2: AAS flamme.,FALSE,AAS,
NS 4781,AAS grafittovn (NS 4781; Tilbaketrukket),"Metaller i vann, slam og sedimenter - Bestemmelse ved flammeløs atomabsorpsjonsspektrometri - Elektrotermisk atomisering i grafittovn - Spesielle retninglinjer for aluminium, bly, jern, kadmium, kobber, kobolt, krom, mangan og nikkel. Tilbaketrukket. Erstattet av NS-EN ISO 15586.",AAS grafittovn,"metals in water, slam and sedimenter - Bestemmelse ved flammeløs atomabsorpsjonsspektrometri - Elektrotermisk atomisering in grafittovn - Spesielle retninglinjer for aluminium, bly, jern, kadmium, kobber, kobolt, krom, mangan and nikkel. Withdrawn. Erstattet of NS-EN ISO 15586.",TRUE,AAS,
NS-EN ISO 12020 K3,AAS grafittovn (ISO 12020),Bestemmelse av aluminium - Atomabsorpsjon-spektrometrisk metode (ISO 12020:1997). Kap. 3: AAS grafittovn.,AAS grafittovn,Determination of aluminium - Atomabsorpsjon-spektrometrisk method. Kap. 3: AAS grafittovn.,FALSE,AAS,
NS-EN ISO 6468,Gasskromatografi (ISO 6468),"Bestemmelse av klorerte organiske insekticider, polyklorerte bifenyler og klorbenzener - Gasskromatografisk analyse etter væske-væske ekstraksjon (ISO 6468:1996)",Gas chromatography,"Determination of klorerte organiske insekticider, polyklorerte bifenyler and klorbenzener - Gasskromatografisk analysis etter væske-væske ekstraksjon",FALSE,Other,Gas Chromatography (of some kind)
NS 9815,Gasskromatografi (NS 9815; Tilbaketrukket),Gasskromatografisk analyse for bestemmelse av polysykliske aromatiske hydrokarboner (PAH). Tilbaketrukket. Erstattet av NS-ISO 28540:2011.,Gas chromatography,Gasskromatografisk analysis for bestemmelse of polysykliske aromatiske hydrokarboner (PAH). Withdrawn. Erstattet of NS-ISO 28540:2011.,TRUE,Other,Gas Chromatography (of some kind)
NS-ISO 6595,Spektrofotometri (ISO 6595),Bestemmelse av totalarsen - Spektrofotometrisk metode med sølvdietylditiokarbamat - (= EN 26595:1992) (ISO 6595:1982),Spectrophotometry,Determination of totalarsen - Spektrofotometrisk method with sølvdietylditiokarbamat -,FALSE,Spectrophotometry,
NS-EN ISO 11969,AAS hydridteknikk (ISO 11969; Tilbaketrukket),Bestemmelse av arsen - Atomabsorpsjons-spektrometrisk metode (hydridteknikk) (ISO 11969:1996). Tilbaketrukket.,AAS hydridteknikk,Determination of arsen - Atomabsorpsjons-spektrometrisk method (hydridteknikk). Withdrawn.,TRUE,AAS,
NS-EN ISO 10695,Gasskromatografi (ISO 10695),Bestemmelse av utvalgte organiske nitrogen- og fosforforbindelser - Gasskromatografiske metoder (ISO 10695:2000),Gas chromatography,Determination of selected organiske nitrogen- and fosforforbindelser - Gasskromatografiske metoder,FALSE,Other,Could not determine specific analytical technique
NS-EN ISO 11369,Væskekromatografi (ISO 11369),Bestemmelse av utvalgte plantevernmidler - Metode basert på væskekromatografi med UV-deteksjon etter fast-faseekstraksjon (ISO 11369:1997),Liquid chromatography,Determination of selected pesticides - method basert on liquid chromatography with UV-deteksjon etter fast-faseekstraksjon,FALSE,LC-MS,Generic liquid chromatography; inferred LC-MS from context
ISO 11423-1,Gasskromatografi (ISO 11423-1),Determination of benzene and some derivatives - Part 1: Head-space gas chromatographic method,Gas chromatography,Determination of benzene and some derivatives - Part 1: Head-space gas chromatographic method,FALSE,Other,Gas Chromatography (of some kind)
NS-EN ISO 10301,Gasskromatografi (ISO 10301),Bestemmelse av svært flyktige halogenerte hydrokarboner - Gasskromatografisk metode (ISO 10301:1997),Gas chromatography,Determination of svært flyktige halogenerte hydrokarboner - Gasskromatografisk method,FALSE,Other,Gas Chromatography (of some kind)
NS-EN ISO 5961 K2,AAS flamme (ISO 5961),Bestemmelse av kadmium med atomabsorpsjons-spektrometri (ISO 5961:1994). Kap 2: AAS flamme.,AAS flamme,Determination of kadmium with atomabsorpsjons-spektrometri. Kap 2: AAS flamme.,FALSE,AAS,
NS-EN ISO 5961 K3,AAS grafittovn (ISO 5961),Bestemmelse av kadmium med atomabsorpsjons-spektrometri (ISO 5961:1994). Kap 3: AAS grafittovn.,AAS grafittovn,Determination of kadmium with atomabsorpsjons-spektrometri. Kap 3: AAS grafittovn.,FALSE,AAS,
NS-EN 12918,Gasskromatografi (NS-EN 12918),"Bestemmelse av paration, paration-metyl og noen andre organofosfor-forbindelser i vann ved diklormetanekstraksjon og gasskromatografisk analyse",Gas chromatography,"Determination of paration, paration-metyl and noen andre organofosfor-forbindelser in water ved diklormetanekstraksjon and gasskromatografisk analysis",FALSE,Other,Gas Chromatography (of some kind)
NS-EN 1233-1,AAS flamme (NS-EN 1233),Bestemmelse av krom - Atomabsorpsjonspektrometriske metoder.,AAS flamme,Determination of krom - Atomabsorpsjonspektrometriske metoder.,FALSE,AAS,
NS-EN 1233-2,AAS grafittovn (NS-EN 1233),Bestemmelse av krom - Atomabsorpsjonspektrometriske metoder.,AAS grafittovn,Determination of krom - Atomabsorpsjonspektrometriske metoder.,FALSE,AAS,
NS-EN ISO 18412,Spektrofotometri (ISO 18412),Bestemmelse av krom (VI) - Fotometrisk metode for lite forurenset vann (ISO 18412:2005),Spectrophotometry,Determination of krom (VI) - Fotometrisk method for lite forurenset water,FALSE,Spectrophotometry,
NS-EN ISO 15680,Gasskromatografi (ISO 15680),"Bestemmelse av utvalgte monosykliske aromatiske hydrokarboner, naftalen og klorinerte forbindelser - Gasskromatisk metode som anvender avdrivning og oppfanging (purge and trap) og termisk avdamping (ISO 15680:2003)",Gas chromatography,"Determination of selected monosykliske aromatiske hydrokarboner, naftalen and klorinerte forbindelser - Gasskromatisk method som anvender avdrivning and oppfanging (purge and trap) and termisk avdamping",FALSE,Other,Gas Chromatography (of some kind)
NS-EN ISO 18856,Gasskromatografi (ISO 18856),Bestemmelse av utvalgte ftalater med gasskromatografi/massespektrometri (ISO 18856:2004),Gas chromatography,Determination of selected ftalater with gasskromatografi/massespektrometri,FALSE,GC-MS,
NS 4741,Spektrofotometri (NS 4741:1975),Bestemmelse av jern - Fotometrisk metode.,Spectrophotometry,Determination of jern - Fotometrisk method.,FALSE,Spectrophotometry,
NS-EN ISO 17852,AFS (ISO 17852),Bestemmelse av kvikksølv - Atomfluorescensspektrometrisk metode.,AFS,Determination of kvikksølv - Atomfluorescensspektrometrisk method.,FALSE,Fluorescence,
NS-EN 13506,AFS (NS-EN 13506; Tilbaketrukket),Bestemmelse av kvikksølv ved atomfluoresensspektrometri. Tilbaketrukket. Erstattet av NS-EN ISO 17852.,AFS,Determination of kvikksølv ved atomfluoresensspektrometri. Withdrawn. Erstattet of NS-EN ISO 17852.,TRUE,Fluorescence,
NS 4768,AAS (NS 4768:1989; Tilbaketrukket),Bestemmelse av kvikksølv ved kalddamp atomabsorpsjonsspektrometri - Oksidasjon med salpetersyre. Tilbaketrukket. Erstattet av NS-EN 1483.,AAS,Determination of kvikksølv ved kalddamp atomabsorpsjonsspektrometri - Oksidasjon with salpetersyre. Withdrawn. Erstattet of NS-EN 1483.,TRUE,AAS,
NS-EN 12338,AAS amalgamering (NS-EN 12338),Bestemmelse av kvikksølv - Metode etter anriking med amalgamering. Tilbaketrukket. Erstattet av NS-EN ISO 12846:2012,AAS amalgamering,Determination of kvikksølv - method etter anriking with amalgamering. Withdrawn. Erstattet of NS-EN ISO 12846:2012,FALSE,AAS,
NS-EN 1483,AAS (NS-EN 1483; Tilbaketrukket),Bestemmelse av kvikksølv. Tilbaketrukket. Erstattet av NS-EN ISO 12846:2012,AAS,Determination of kvikksølv. Withdrawn. Erstattet of NS-EN ISO 12846:2012,TRUE,AAS,
NS 4742,Spektrofotometri (NS 4742:1975; Tilbaketrukket),Bestemmelse av mangan - Fotometrisk metode. Tilbaketrukket,Spectrophotometry,Determination of mangan - Fotometrisk method. Withdrawn,TRUE,Spectrophotometry,
NS-EN ISO 9377-2,Gasskromatografi (ISO 9377-2),Bestemmelse av olje i vann - Del 2: Metode basert på løsemiddelekstraksjon og gasskromatografi (ISO 9377-2:2000),Gas chromatography,Determination of olje in water - Part 2: method basert on løsemiddelekstraksjon and gasskromatografi,FALSE,Other,Gas Chromatography (of some kind)
NS-EN 1485,Titrimetrisk metode (NS-EN 1485; Tilbaketrukket),Bestemmelse av adsorberende organisk bundne halogener (AOX) Tilbaketrukket. Erstattet av NS-EN ISO 9562.,Titrimetric method,Determination of adsorberende organisk bundne halogener (AOX) Withdrawn. Erstattet of NS-EN ISO 9562.,TRUE,Other,Classical/non-instrumental analytical method
NS-EN ISO 9562,Titrimetrisk metode (ISO 9562),Bestemmelse av adsorberbare organisk bundne halogener (AOX) (ISO 9562:2004),Titrimetric method,Determination of adsorberbare organisk bundne halogener (AOX),FALSE,Other,Classical/non-instrumental analytical method
NS 4746,Spektrofotometri (NS 4746:1975; Tilibaketrukket),Bestemmelse av ammoniumnitrogen. Tilbaketrukket,Spectrophotometry,Determination of ammoniumnitrogen. Withdrawn,FALSE,Spectrophotometry,
NS-EN ISO 11732 K3,Spektrofotometri FIA (ISO 11732),Bestemmelse av ammoniumnitrogen - Metoder med automatisert flyt (CFA og FIA) og spektrometrisk bestemmelse (ISO 11732:2005). Kap. 3: Injeksjonsmetode (FIA).,Spectrophotometry FIA,Determination of ammoniumnitrogen - Metoder with automatisert flyt (CFA and FIA) and spektrometrisk bestemmelse. Kap. 3: Injeksjonsmetode (FIA).,FALSE,Spectrophotometry,
NS-EN ISO 11732 K4,Spektrofotometri CFA (ISO 11732),Bestemmelse av ammoniumnitrogen - Metoder med automatisert flyt (CFA og FIA) og spektrometrisk bestemmelse (ISO 11732:2005). Kap. 4: Kontinuerlig gjennomstrømning (CFA).,Spectrophotometry CFA,Determination of ammoniumnitrogen - Metoder with automatisert flyt (CFA and FIA) and spektrometrisk bestemmelse. Kap. 4: Kontinuerlig gjennomstrømning (CFA).,FALSE,Spectrophotometry,
NS-EN ISO 14911,Væskekromatografi (ISO 14911),"Bestemmelse av oppløst Li+, Na+, NH4+, K+, Mn2+, Ca2+, Mg2+, Sr2+ og Ba2+ ved ionekromatografi - Metode for vann og avløpsvann (ISO 14911:1998)",Liquid chromatography,"Determination of dissolved Li+, Na+, NH4+, K+, Mn2+, Ca2+, Mg2+, Sr2+ and Ba2+ ved ionekromatografi - method for water and wastewater",FALSE,LC-MS,Generic liquid chromatography; inferred LC-MS from context
NS-EN ISO 9963-1,Titrimetrisk metode (ISO 9963-1),Bestemmelse av alkalitet - Del 1: Bestemmelse av total og sammensatt alkalitet (ISO 9963-1:1994),Titrimetric method,Determination of alkalitet - Part 1: determination of total and sammensatt alkalitet,FALSE,Other,Classical/non-instrumental analytical method
NS 4758,Manometrisk metode (NS 4758:1981),"Biokjemisk oksygenforbruk, BOD - Manometrisk metode.",Manometrisk metode,"Biokjemisk oksygenforbruk, BOD - Manometrisk method.",FALSE,Other,Could not determine specific analytical technique
NS-EN 1899-1,Titrimetrisk metode fortynnet (NS-EN 1899-1; Tilbaketrukket),Bestemmelse av biokjemisk oksygenforbruk etter n dager (BOFn) - Del 1: Metode basert på fortynning og poding etter tilsetting med allyltiourea. Tilbaketrukket. Erstattet av NS-EN ISO 5815-1:2019.,Titrimetric method fortynnet,Determination of biokjemisk oksygenforbruk etter n dager (BOFn) - Part 1: method basert on fortynning and poding etter tilsetting with allyltiourea. Withdrawn. Erstattet of NS-EN ISO 5815-1:2019.,TRUE,Other,Classical/non-instrumental analytical method
NS-EN 1899-2,Titrimetrisk metode ufortynnet (NS-EN 1899-2),"Bestemmelse av biokjemisk oksygenforbruk etter n dager (BOFn) - Del 2: Metode basert på ufortynnede prøver (ISO 5815:1989, modifisert)",Titrimetric method ufortynnet,Determination of biokjemisk oksygenforbruk etter n dager (BOFn) - Part 2: method basert on ufortynnede prøver,FALSE,Other,Classical/non-instrumental analytical method
NS 4722,Spektrofotometri (NS 4722:1973; Tilbaketrukket),Bestemmelse av fargetall. Tilbaketrukket. Erstattet av NS 4787.,Spectrophotometry,Determination of colour number. Withdrawn. Erstattet of NS 4787.,TRUE,Spectrophotometry,
NS 4786,Visuell metode (NS 4786; Tilbaketrukket),Bestemmelse av fargetall - Komparatormetode. Tilbaketrukket. Erstattet av NS-EN ISO 7887.,Visual method,Determination of colour number - Komparatormetode. Withdrawn. Erstattet of NS-EN ISO 7887.,TRUE,Other,Classical/non-instrumental analytical method
NS 4787,Spektrofotometri (NS 4787; Tilbaketrukket),Bestemmelse av farge - Metode for spektrofotometrisk måling av absorbans ved 410 nm. Tilbaketrukket. Erstattet av NS-EN ISO 7887:2011 C.,Spectrophotometry,Determination of colour - method for spektrofotometrisk måling of absorbans ved 410 nm. Withdrawn. Erstattet of NS-EN ISO 7887:2011 C.,TRUE,Spectrophotometry,
NS-EN ISO 7887 K4,Visuell metode (ISO 7887; Tilbaketrukket),Bestemmelse av farge - Kap. 4: Visuell metode for å bestemme farge i naturlig vann (ISO 7887:1994). Tilbaketrukket. Erstattet av NS-EN ISO 7887:2011 D.,Visual method,Determination of colour - Kap. 4: Visuell method for å bestemme colour in naturlig water. Withdrawn. Erstattet of NS-EN ISO 7887:2011 D.,TRUE,Other,Classical/non-instrumental analytical method
NS 4724,Spektrofotometri (NS 4724; Tilbaketrukket),Bestemmelse av fosfat. Tilbaketrukket. Erstattet av NS-EN 1189.,Spectrophotometry,Determination of phosphate. Withdrawn. Erstattet of NS-EN 1189.,TRUE,Spectrophotometry,
NS-EN 1189,Spektrofotometri (NS-EN 1189; Tilbaketrukket),Bestemmelse av fosfor - Spektrometrisk metode med ammoniummolybdat. Tilbaketrukket. Erstattet av NS-EN ISO 6878.,Spectrophotometry,Determination of phosphorus - Spektrometrisk method with ammoniummolybdat. Withdrawn. Erstattet of NS-EN ISO 6878.,TRUE,Spectrophotometry,
NS-EN ISO 6878,Spektrofotometri (ISO 6878),Bestemmelse av fosfor - Spektrometrisk metode med ammoniummolybdat (ISO 6878:2004).,Spectrophotometry,Determination of phosphorus - Spektrometrisk method with ammoniummolybdat.,FALSE,Spectrophotometry,
NS-EN ISO 15681-1,Spektrofotometri FIA (ISO 15681-1),Bestemmelse av ortofosfat og totalt fosforinnhold ved automatisert analyse (FIA og CFA) - Del 1: Injeksjonsmetode (FIA) (ISO 15681:2003),Spectrophotometry FIA,Determination of ortofosfat and total fosforinnhold ved automatisert analysis (FIA and CFA) - Part 1: Injeksjonsmetode (FIA),FALSE,Spectrophotometry,
NS-EN ISO 15681-2,Spektrofotometri CFA (ISO 15681-2; Tilbaketrukket),Bestemmelse av ortofosfat og totalt fosforinnhold ved automatisert analyse (FIA og CFA) - Del 2: Kontinuerlig gjennomstrømning (CFA) (ISO 15681:2003). Tilbaketrukket. Erstattet av NS-EN ISO 15681-2:2018.,Spectrophotometry CFA,Determination of ortofosfat and total fosforinnhold ved automatisert analysis (FIA and CFA) - Part 2: Kontinuerlig gjennomstrømning (CFA). Withdrawn. Erstattet of NS-EN ISO 15681-2:2018.,TRUE,Spectrophotometry,
NS 4720,Elektrokjemisk metode (NS 4720:1979; Tilbaketrukket),Måling av pH. Tilbaketrukket. Erstattet av NS-EN ISO 10523:2012.,Electrochemical method,Measurement of pH. Withdrawn. Erstattet of NS-EN ISO 10523:2012.,TRUE,Other,Classical/non-instrumental analytical method
NS 4735,Kolorimetrisk metod (NS 4735:1976; Tilbaketrukket),Bestemmelse av sulfid i naturlig vann - Kolorimetrisk metode Tilbaketrukket. Erstattet av NS-ISO 10530.,Kolorimetrisk metod,Determination of sulfid in naturlig water - Kolorimetrisk method Withdrawn. Erstattet of NS-ISO 10530.,TRUE,Spectrophotometry,
NS-ISO 10530,Spektrofotometri (ISO 10530),Vannundersøkelse - Bestemmelse av løst sulfid - Fotometrisk metode basert på metylenblått,Spectrophotometry,Vannundersøkelse - determination of løst sulfid - Fotometrisk method based on metylenblått,FALSE,Spectrophotometry,
NS-ISO 13358,Spektrofotometri (ISO 13358),Vannundersøkelse - Bestemmelse av lett frigjørbar sulfid.,Spectrophotometry,Vannundersøkelse - determination of lett frigjørbar sulfid.,FALSE,Spectrophotometry,
NS 4747,Spektrofotometri (NS 4747; Tilbaketrukket),Bestemmelse av aluminium - Fotometrisk metode. Tilbaketrukket. Erstattet av NS 4799.,Spectrophotometry,Determination of aluminium - Fotometrisk method. Withdrawn. Erstattet of NS 4799.,TRUE,Spectrophotometry,
NS 4799,Spektrofotometri (NS 4799; Tilbaketrukket),Bestemmelse av syreløselig aluminium i vann - Fotometrisk metode. Tilbaketrukket,Spectrophotometry,Determination of syreløselig aluminium in water - Fotometrisk method. Withdrawn,TRUE,Spectrophotometry,
NS 4775,AAS flamme (NS 4775),Atomabsorpsjonsspektrometri i flamme - Spesielle retningslinjer for natrium og kalium,AAS flamme,Atomabsorpsjonsspektrometri in flamme - Spesielle retningslinjer for natrium and kalium,FALSE,AAS,
NS 4728,Titrimetrisk metode (NS 4728:1983; Tilbaketrukket),Bestemmelse av kalsium og magnesium - Titrimetrisk metode. Tilbaketrukket.,Titrimetric method,Determination of kalsium and magnesium - Titrimetrisk method. Withdrawn.,TRUE,Other,Classical/non-instrumental analytical method
NS 4776,AAS flamme (NS 4776; Tilbaketrukket),Atomabsorpsjonsspektrometri i flamme - Spesielle retningslinjer for kalsium og magnesium. Tilbaketrukket. Erstattet av NS-EN ISO 7980.,AAS flamme,Atomabsorpsjonsspektrometri in flamme - Spesielle retningslinjer for kalsium and magnesium. Withdrawn. Erstattet of NS-EN ISO 7980.,TRUE,AAS,
NS-EN ISO 7980,AAS flamme (ISO 7980),Bestemmelse av kalsium og magnesium - Atomabsorpsjonspektrometrisk metode (ISO 7980:1986),AAS flamme,Determination of kalsium and magnesium - Atomabsorpsjonspektrometrisk method,FALSE,AAS,
NS-EN ISO 11885,ICP-AES (ISO 11885; Tilbaketrukket),Bestemmelse av 33 grunnstoffer ved induktivt koblet plasma-atomemisjonsspektrometri (ISO 11885:1996). Tilbaketrukket. Erstattet av NS-EN ISO 11885:2009.,ICP-AES,Determination of 33 grunnstoffer ved induktivt koblet plasma-atomemisjonsspektrometri. Withdrawn. Erstattet of NS-EN ISO 11885:2009.,TRUE,ICP-OES,
NS 4754,Titrimetrisk metode (NS 4754:1981; Tilbaketrukket),Alkalitet - Potensiometrisk metode. Tilbaketrukket. Erstattet av NS-EN ISO 9963-2.,Titrimetric method,Alkalitet - Potensiometrisk method. Withdrawn. Erstattet of NS-EN ISO 9963-2.,TRUE,Other,Classical/non-instrumental analytical method
NS-EN ISO 9963-2,Titrimetrisk metode (ISO 9963-2),Bestemmelse av alkalitet - Del 2: Bestemmelse av karbonatalkalitet (ISO 9963-2:1994),Titrimetric method,Determination of alkalitet - Part 2: determination of karbonatalkalitet,FALSE,Other,Classical/non-instrumental analytical method
NS 4748,Titrimetrisk metode (NS 4748; Tilbaketrukket),Bestemmelse av kjemisk oksygenforbruk - Oksidasjon med dikromat (CODcr). Tilbaketrukket. Erstattet av NS-ISO 6060.,Titrimetric method,Determination of kjemisk oksygenforbruk - Oksidasjon with dikromat (CODcr). Withdrawn. Erstattet of NS-ISO 6060.,TRUE,Other,Classical/non-instrumental analytical method
NS-ISO 6060,Titrimetrisk metode (ISO 6060; Tilbaketrukket),Bestemmelse av kjemisk oksygenforbruk (ISO 6060:1989). Tilbaketrukket. Erstattet av NS-ISO 15705:2002.,Titrimetric method,Determination of kjemisk oksygenforbruk. Withdrawn. Erstattet of NS-ISO 15705:2002.,TRUE,Other,Classical/non-instrumental analytical method
NS 4759,Titrimetrisk metode (NS 4759; Tilbaketrukket),Bestemmelse av kjemisk oksygenforbruk COD Mn - Oksidasjon med permanganat. Tilbaketrukket. Erstattet av NS-EN ISO 8467.,Titrimetric method,Determination of kjemisk oksygenforbruk COD Mn - Oksidasjon with permanganat. Withdrawn. Erstattet of NS-EN ISO 8467.,TRUE,Other,Classical/non-instrumental analytical method
NS-EN ISO 8467,Titrimetrisk metode (ISO 8467),Bestemmelse av permanganatindeks (ISO 8467:1993),Titrimetric method,Determination of permanganatindeks,FALSE,Other,Classical/non-instrumental analytical method
NS 4756,Titrimetrisk metode (NS 4756:1982; Tilbaketrukket),Bestemmelse av klorid - Potensiometrisk titrering. Tilbaketrukket. Erstattet av NS-EN ISO 7393-1:2000,Titrimetric method,Determination of chloride - Potensiometrisk titrering. Withdrawn. Erstattet of NS-EN ISO 7393-1:2000,TRUE,Other,Classical/non-instrumental analytical method
NS 4769,Spektrofotometri (NS 4769:1985; Tilbaketrukket),Bestemmelse av klorid - Fotometrisk metode. Tilbaketrukket. Erstattet av NS-EN ISO 15682:2001 og NS-EN ISO 7393,Spectrophotometry,Determination of chloride - Fotometrisk method. Withdrawn. Erstattet of NS-EN ISO 15682:2001 and NS-EN ISO 7393,TRUE,Spectrophotometry,
NS-EN ISO 10304-1,Væskekromatografi (ISO 10304-1; Tilbaketrukket),"Bestemmelse av oppløst fluorid, klorid, nitritt, ortofosfat, bromid, nitrat og sulfat med væskekromatografi - Del 1: Metode for lite forurenset vann (ISO 10304-1:1992). Tilbaketrukket. Erstattet av NS-EN ISO 10304-1:2009.",Liquid chromatography,"Determination of dissolved fluoride, chloride, nitrite, ortofosfat, bromide, nitrate and sulfate with liquid chromatography - Part 1: method for lite forurenset water. Withdrawn. Erstattet of NS-EN ISO 10304-1:2009.",TRUE,LC-MS,Generic liquid chromatography; inferred LC-MS from context
NS 4721,Elektrokjemisk metode (NS 4721:1973; Tilbaketrukket),Måling av konduktivitet. Tilbaketrukket. Erstattet av NS-ISO 7888.,Electrochemical method,Measurement of konduktivitet. Withdrawn. Erstattet of NS-ISO 7888.,TRUE,Other,Classical/non-instrumental analytical method
NS-ISO 7888,Elektrokjemisk metode (ISO 7888),Bestemmelse av konduktivitet - (= EN 27888:1993),Electrochemical method,Determination of konduktivitet -,FALSE,Other,Classical/non-instrumental analytical method
NS-EN 1484 IR,Infrarød spektrofotometri (NS-EN 1484),Retningslinjer for bestemmelse av totalt organisk karbon (TOC) og løst organisk karbon (DOC),Infrared spectrophotometry,Guidelines for bestemmelse of total organic carbon (TOC) and løst organic carbon (DOC),FALSE,Spectrophotometry,
NS-EN 1484 EL,Elektrokjemisk metode (NS-EN 1484),Retningslinjer for bestemmelse av totalt organisk karbon (TOC) og løst organisk karbon (DOC),Electrochemical method,Guidelines for bestemmelse of total organic carbon (TOC) and løst organic carbon (DOC),FALSE,Other,Classical/non-instrumental analytical method
NS-EN ISO 16264 K4-1,Spektrofotometri FIA (ISO 16264),Bestemmelse av løselige silikater ved automatisert analyse (FIA og CFA) og fotometrisk deteksjon (ISO 16264:2002). Kap. 4.1: Injeksjonsmetode (FIA).,Spectrophotometry FIA,Determination of løselige silikater ved automatisert analysis (FIA and CFA) and fotometrisk deteksjon. Kap. 4.1: Injeksjonsmetode (FIA).,FALSE,Spectrophotometry,
NS-EN ISO 16264 K4-2,Spektrofotometri CFA (ISO 16264),Bestemmelse av løselige silikater ved automatisert analyse (FIA og CFA) og fotometrisk deteksjon (ISO 16264:2002). Kap. 4.2: Kontinuerlig gjennomstrømning (CFA).,Spectrophotometry CFA,Determination of løselige silikater ved automatisert analysis (FIA and CFA) and fotometrisk deteksjon. Kap. 4.2: Kontinuerlig gjennomstrømning (CFA).,FALSE,Spectrophotometry,
NS 4745,Spektrofotometri (NS 4745:1991),Bestemmelse av summen av nitritt- og nitrat-nitrogen.,Spectrophotometry,Determination of summen of nitrite- and nitrate-nitrogen.,FALSE,Spectrophotometry,
NS-EN ISO 13395 K5-1,Spektrofotometri FIA (ISO 13395),Bestemmelse av nitritt-nitrogen og nitrat-nitrogen og summen av begge ved automatisert analyse (CFA og FIA) og spektrometrisk deteksjon (ISO 13395:1996). Kap. 5.1: Injeksjonsmetode (FIA).,Spectrophotometry FIA,Determination of nitrite-nitrogen and nitrate-nitrogen and summen of begge ved automatisert analysis (CFA and FIA) and spektrometrisk deteksjon. Kap. 5.1: Injeksjonsmetode (FIA).,FALSE,Spectrophotometry,
NS-EN ISO 13395 K5-2,Spektrofotometri CFA (ISO 13395),Bestemmelse av nitritt-nitrogen og nitrat-nitrogen og summen av begge ved automatisert analyse (CFA og FIA) og spektrometrisk deteksjon (ISO 13395:1996). Kap. 5.2: Kontinuerlig gjennomstrømning (CFA).,Spectrophotometry CFA,Determination of nitrite-nitrogen and nitrate-nitrogen and summen of begge ved automatisert analysis (CFA and FIA) and spektrometrisk deteksjon. Kap. 5.2: Kontinuerlig gjennomstrømning (CFA).,FALSE,Spectrophotometry,
NS-ISO 6777,Spektrofotometri (ISO 6777),Bestemmelse av nitritt - Spektrofotometrisk metode - (= EN 26777:1993) (ISO 6777:1984),Spectrophotometry,Determination of nitrite - Spektrofotometrisk method -,FALSE,Spectrophotometry,
UKJENT,Ukjent metode,Ukjent metode,Ukjent metode,Ukjent method,FALSE,Other,Could not determine specific analytical technique
NS 9803,Infrarød spektrofotometri (NS 9803; Tilbaketrukket),Bestemmelse av olje i vann - Infrarødspektrofotometrisk metode. Tilbaketrukket. Erstattet av NS-EN ISO 9377-2.,Infrared spectrophotometry,Determination of olje in water - Infrarødspektrofotometrisk method. Withdrawn. Erstattet of NS-EN ISO 9377-2.,TRUE,Spectrophotometry,
NS 4738,Spektrofotometri (NS 4738:1977; Tilbaketrukket),Bestemmelse av fenoler. Tilbaketrukket.,Spectrophotometry,Determination of fenoler. Withdrawn.,TRUE,Spectrophotometry,
NS-EN ISO 18857-1,Gasskromatografi (ISO 18857-1),Bestemmelse av utvalgte alkylfenoler - Del 1: Metode for ikke-filtrerte prøver ved bruk av væske-væske-ekstraksjon og gasskromatografi med masseselektiv deteksjon (ISO 18857-1:2005),Gas chromatography,Determination of selected alkylfenoler - Part 1: method for ikke-filtrerte prøver ved bruk of væske-væske-ekstraksjon and gasskromatografi with masseselektiv deteksjon,FALSE,Other,Could not determine specific analytical technique
NS-EN 12673,Gasskromatografi (NS-EN 12673),Gasskromatografisk bestemmelse av noen utvalgte klorfenoler i vann,Gas chromatography,Gasskromatografisk bestemmelse of noen selected klorfenoler in water,FALSE,Other,Could not determine specific analytical technique
NS-EN ISO 17353,Gasskromatografi (ISO 17353),Bestemmelse av utvalgte organiske tinnforbindelser - Gasskromatografisk metode (ISO 17353:2004),Gas chromatography,Determination of selected organiske tinnforbindelser - Gasskromatografisk method,FALSE,Other,Could not determine specific analytical technique
ARMITAGE_1983,Armitage et al. (1983),"Armitage, P.D., D. Moss, J.F. Wright & M.T. Furse 1983. The performance of a new biological water quality score system based on macroinvertebrates over a wide range of unpolluted runningwater sites. Water Res. 17: 333-347.",Armitage et al.,"Armitage, P.D., D. Moss, J.F. Wright & M.T. Furse 1983. The performance of a new biological water quality score system based on macroinvertebrates over a wide range of unpolluted runningwater sites. Water Res. 17: 333-347.",FALSE,Other,Could not determine specific analytical technique
NS-EN 14407,Bentiske kiselalger i rennende vann (NS-EN 14407; Tilbaketrukket),Retningslinjer for identifisering og telling av bentiske diatomeer (kiselalger) i rennende vann samt tolkning av data. Tilbaketrukket. Erstattet av NS-EN 14407:2014,Bentiske kiselalger i rennende vann,Guidelines for identifisering and telling of bentiske diatomeer (kiselalger) in rennende water samt tolkning of data. Withdrawn. Erstattet of NS-EN 14407:2014,TRUE,Not relevant,"Reference method, guideline, or calculation"
NS 4714,MPN-rørmetode (NS 4714:1990; Tilbaketrukket),"Koliforme bakterier, termotolerante koliforme bakterier og presumptiv E.Coli - MPN-rørmetode. Tilbaketrukket. Erstattet av NS-EN ISO 9308:2014.",MPN-rørmetode,"Koliforme bakterier, termotolerante koliforme bakterier and presumptiv E.Coli - MPN-rørmetode. Withdrawn. Erstattet of NS-EN ISO 9308:2014.",TRUE,Other,Could not determine specific analytical technique
NS 4792,Membranfiltermetode (NS 4792),Termotolerante koliforme bakterier og presumptiv E.coli - Membranfiltermetode.,Membranfiltermetode,Termotolerante koliforme bakterier and presumptiv E.coli - Membranfiltermetode.,FALSE,Other,Could not determine specific analytical technique
NS-EN ISO 9308-1,Membranfiltermetode (ISO 9308-1; Tilbaketrukket),Påvisning og telling av Escherichia coli og koliforme bakterier - Del 1: Membranfiltreringsmetode (ISO 9308-1:2000). Tilbaketrukket. Erstattet av NS-EN ISO 9308-1:2014),Membranfiltermetode,Påvisning and telling of Escherichia coli and koliforme bakterier - Part 1: Membranfiltreringsmetode. Withdrawn. Erstattet of NS-EN ISO 9308-1:2014),TRUE,Other,Could not determine specific analytical technique
NS-EN ISO 9308-3,MPN-mikrotitrerplater (ISO 9308-3),Påvisning og telling av Escherichia coli og koliforme bakterier i overflatevann og avløpsvann - Del 3: Inokulasjon i flytende medium på mikrotitrerplater (MPN-teknikk).,MPN-mikrotitrerplater,Påvisning and telling of Escherichia coli and koliforme bakterier in overflatevann and wastewater - Part 3: Inokulasjon in flytende medium on mikrotitrerplater (MPN-teknikk).,FALSE,Other,Could not determine specific analytical technique
HURLBERT_1971,Hurlbert (1971),"Hurlbert, S. H. 1971. The non-concept of species diversity: A critique and alternative parameters. Ecology 52: 577–586",Hurlbert,"Hurlbert, S. H. 1971. The non-concept of species diversity: A critique and alternative parameters. Ecology 52: 577–586",FALSE,Other,Could not determine specific analytical technique
NS-EN 14011,Elfiske (NS-EN 14011),Innsamling av fisk ved bruk av elektrisk fiskeapparat,Elfiske,Innsamling of fisk ved bruk of elektrisk fiskeapparat,FALSE,Other,Could not determine specific analytical technique
NS-EN 14757,Garnfiske (NS-EN 14757; Tilbaketrukket)),Prøvetaking av fisk med garn. Tilbaketrukket. Erstattet av NS-EN 14757:2015.,Garnfiske),Sampling of fisk with garn. Withdrawn. Erstattet of NS-EN 14757:2015.,TRUE,Other,Could not determine specific analytical technique
NS 9456,Visuell telling (anadrom laksefisk) (Tilbaketrukket),"Visuell telling av laks, sjøørret og sjørøye. Tilbaketrukket. Ertsattet av NS 9456:2015",Visuell telling (anadrom laksefisk) (Tilbaketrukket),"Visuell telling of laks, sjøørret and sjørøye. Withdrawn. Ertsattet of NS 9456:2015",TRUE,Other,Classical/non-instrumental analytical method
RYGG_2002,Rygg (2002),"Rygg, B. 2002. Indicator species index for assessing benthic ecological quality in marine waters of Norway. NIVA-rapport 4548-2002. 32 s.",Rygg,"Rygg, B. 2002. Indicator species index for assessing benthic ecological quality in marine waters of Norway. NIVA-rapport 4548-2002. 32 s.",FALSE,Other,Could not determine specific analytical technique
NS-EN ISO 6222,Innstøpning i næringsmedium (ISO 6222),Bestemmelse av dyrkbare mikroorganismer (kimtall) - Kolonitelling ved innstøpning i næringsagarmedium (ISO 6222:1999),Innstøpning i næringsmedium,Determination of dyrkbare mikroorganismer (kimtall) - Kolonitelling ved innstøpning in næringsagarmedium,FALSE,Other,Could not determine specific analytical technique
NS 4766,Spektrofotometri (NS 4766:1983; Tilbaketrukket),"Bestemmelse av klorofyll a, spektrofotometrisk måling i acetonekstrakt. Tilbaketrukket. Erstattet av NS-EN ISO 10519:2015",Spectrophotometry,"Determination of klorofyll a, spektrofotometrisk måling in acetonekstrakt. Withdrawn. Erstattet of NS-EN ISO 10519:2015",TRUE,Spectrophotometry,
NS 4767,Spektrofotometri (NS 4767:1983),"Bestemmelse av klorofyll a, spektrofotometrisk måling i metanolekstrakt",Spectrophotometry,"Determination of klorofyll a, spektrofotometrisk måling in metanolekstrakt",FALSE,Spectrophotometry,
NS 4788,Membranfiltermetode (NS 4788),Koliforme bakterier - Membranfiltermetode.,Membranfiltermetode,Koliforme bakterier - Membranfiltermetode.,FALSE,Other,Could not determine specific analytical technique
NS-EN ISO 19493:2007,Marin hardbunn (ISO 19493:2007),Veiledning for marinbiologisk undersøkelse av litoral og sublitoral hard bunn (ISO 19493:2007),Marin hardbunn,Veiledning for marinbiologisk undersøkelse of litoral and sublitoral hard bunn,FALSE,Other,Could not determine specific analytical technique
SHANNON_1948,Shannon (1948),"Shannon, C.E. 1948. A mathematical theory of communication. Bell System Technical Journal 27: 379-423 and 623-656.",Shannon,"Shannon, C.E. 1948. A mathematical theory of communication. Bell System Technical Journal 27: 379-423 and 623-656.",FALSE,Not relevant,"Reference method, guideline, or calculation"
NS-EN ISO 16665,Marin bløtbunnsfauna (ISO 16665; Tilbaketrukket),Retningslinjer for kvantitativ prøvetaking og prøvebehandling av marin bløtbunnsfauna (ISO 16665:2005). Tilbaketrukket. Erstattet av NS-EN ISO 16665:2014,Marin bløtbunnsfauna,Guidelines for kvantitativ sampling and prøvebehandling of marin bløtbunnsfauna. Withdrawn. Erstattet of NS-EN ISO 16665:2014,TRUE,Not relevant,"Reference method, guideline, or calculation"
NS-EN 15460:2007,Makrovegetasjon i innsjøer (NS-EN 15460:2007),Veiledning i overvåking av makrovegetasjon i innsjøer,Makrovegetasjon i innsjøer,Veiledning in overvåking of makrovegetasjon in innsjøer,FALSE,Other,Could not determine specific analytical technique
NS-EN 14184,Makrovegetasjon i rennende vann (NS-EN 14184; Tilbaketrukket),Veiledning for overvåking av akvatisk makrovegetasjon i rennende vann. Tilbaketrukket. Erstattet av NS-EN 14184:2014,Makrovegetasjon i rennende vann,Veiledning for overvåking of akvatisk makrovegetasjon in rennende water. Withdrawn. Erstattet of NS-EN 14184:2014,TRUE,Other,Could not determine specific analytical technique
BAEKKEN_1990,Bækken & Aanes (1990),"Bækken, T., Aanes, K. 1990. Bruk av vassdragets bunnfauna i vannkvalitetsklassifiseringen. Rapport 2: Forsuring. NIVA-rapport 2491-1990. 46 s.",Bækken & Aanes,"Bækken, T., Aanes, K. 1990. Bruk of vassdragets bunnfauna in vannkvalitetsklassifiseringen. Rapport 2: Forsuring. NIVA-rapport 2491-1990. 46 s.",FALSE,Other,Could not determine specific analytical technique
NS 9429:2007,Marine planktonalger (NS 9429:2007; Tilbaketrukket),Retningslinjer for kvantitative og kvalitative undersøkelser av marine planktonalger. Tilbaketrukket. Erstatttet av NS-EN 15972:2011,Marine planktonalger,Guidelines for kvantitative and kvalitative undersøkelser of marine planktonalger. Withdrawn. Erstatttet of NS-EN 15972:2011,TRUE,Not relevant,"Reference method, guideline, or calculation"
NS-EN 15204,Utermöhls metode (NS-EN 15204),Veiledning for kvantifisering av planteplankton ved bruk av omvendt mikroskop (Utermöhls metode),Utermöhls metode,Veiledning for kvantifisering of planteplankton ved bruk of omvendt mikroskop (Utermöhls method),FALSE,Other,Could not determine specific analytical technique
STEEMAN-NIELSEN_1952,Steeman-Nielsen metode (1952),"Steeman-Nielsen, E.  1952.  The use of radioactive carbon (14C) for measuring organic production in the sea.  Journal du Conseil 18: 117-140.",Steeman-Nielsen metode,"Steeman-Nielsen, E. 1952. The use of radioactive carbon (14C) for measuring organic production in the sea. Journal du Conseil 18: 117-140.",FALSE,Other,Could not determine specific analytical technique
FJELLHEIM_1990,Fjellheim & Raddum (1990),"Fjellheim, A. & Raddum, G.G. 1990. Acid precipitation. Biological monitoring of streams and lakes. The Science of the Total Environment 96: 57-66.",Fjellheim & Raddum,"Fjellheim, A. & Raddum, G.G. 1990. Acid precipitation. Biological monitoring of streams and lakes. The Science of the total Environment 96: 57-66.",FALSE,Other,Could not determine specific analytical technique
RADDUM_1999,Raddum (1999),"Raddum, G.G. 1999. Large scale monitoring of invertebrates: Aims, possibilities and acidification indexes. In: Raddum, G.G., Rosseland, B.O. & Bowman, J. (eds.) Workshop on biological assessment and monitoring: evaluation of models. ICP-Waters Report 50/99: 7-16.",Raddum,"Raddum, G.G. 1999. Large scale monitoring of invertebrates: Aims, possibilities and acidification indexes. In: Raddum, G.G., Rosseland, B.O. & Bowman, J. (eds.) Workshop on biological assessment and monitoring: evaluation of models. ICP-Waters Report 50/99: 7-16.",FALSE,Other,Could not determine specific analytical technique
MJELDE_2007,Mjelde (2007),"Mjelde, 2007. Macrophytes and eutrophication in lakes. In: Moe, J. & Pederesen, A. (ed.) 2007.",Mjelde,"Mjelde, 2007. Macrophytes and eutrophication in lakes. In: Moe, J. & Pederesen, A. (ed.) 2007.",FALSE,Other,Could not determine specific analytical technique
NS-EN ISO 7027 K6,Nefelometrisk metode (ISO 7027; Tilbaketrukket),Bestemmelse av turbiditet (ISO 7027:1999) - Kap. 6: Kvantitative metoder for bestemmelse av turbiditet med optiske turbidimetre. Tilbaketrukket. Erstattet av NS-EN ISO 7027-1:2016.,Nephelometric method,Determination of turbiditet - Kap. 6: Kvantitative metoder for bestemmelse of turbiditet with optiske turbidimetre. Withdrawn. Erstattet of NS-EN ISO 7027-1:2016.,TRUE,Other,Classical/non-instrumental analytical method
NS-EN ISO 7027 K5,Visuell metode (ISO 7027; Tilbaketrukket)),Bestemmelse av turbiditet (ISO 7027:1999) - Kap. 5: Semikvantitative metoder for bestemmelse av turbiditet. Tilbaketrukket. Erstattet av NS-EN ISO 7027-2:2019.,Visual method),Determination of turbiditet - Kap. 5: Semikvantitative metoder for bestemmelse of turbiditet. Withdrawn. Erstattet of NS-EN ISO 7027-2:2019.,TRUE,Other,Classical/non-instrumental analytical method
NS-EN 12260,Kjemiluminiscens (EN 12260; Tilbaketrukket),Bestemmelse av bundet nitrogen (TNb) etter oksidasjon til nitrogenoksider. Tilbaketrukket. Erstattet av NS-EN ISO 20236:2021.,Kjemiluminiscens,Determination of bundet nitrogen (TNb) etter oksidasjon til nitrogenoksider. Withdrawn. Erstattet of NS-EN ISO 20236:2021.,TRUE,Other,Could not determine specific analytical technique
SPOERRESKJEMA,Spørreundersøkelse,Spørreundersøkelse,Spørreundersøkelse,Spørreundersøkelse,FALSE,Other,Could not determine specific analytical technique
NS-EN 15708:2009,Bentiske alger i grunne elver (NS-EN 15708:2009),"Veiledning i overvåking, innsamling og laboratorieanalyse av bentiske alger i grunne elver",Bentiske alger i grunne elver,"Veiledning in overvåking, innsamling and laboratorieanalyse of bentiske alger in grunne elver",FALSE,Other,Could not determine specific analytical technique
SCHNEIDER_2009,Schneider & Lindstrøm (2009),"Schneider, S. & Lindstrøm, E.A. 2009. Bioindication in Norwegian rivers using non-diatomaceous benthic algea: The acidification index periphyton (AIP). Ecol. Indicators 9: 1206-1211.",Schneider & Lindstrøm,"Schneider, S. & Lindstrøm, E.A. 2009. Bioindication in Norwegian rivers using non-diatomaceous benthic algea: The acidification index periphyton (AIP). Ecol. Indicators 9: 1206-1211.",FALSE,Other,Could not determine specific analytical technique
NS 9462:2006,UV-absorbans (NS 9462),Bestemmelse av UV-absorbans (NS 9462:2006),UV-absorbans,Determination of UV-absorbans,FALSE,Spectrophotometry,
NS-EN ISO 15586,AAS grafittovn (ISO 15586),Bestemmelse av sporelementer med atomabsorpsjonsspektrometri i grafittovn (ISO 15586:2003),AAS grafittovn,Determination of sporelementer with atomabsorpsjonsspektrometri in grafittovn,FALSE,AAS,
SCHNEIDER_2011,Schneider & Lindstrøm (2011),"Schneider, S. & Lindstrøm, E.A. 2011. The periphyton index of trophic status PIT: a new eutrophication metric based on non-diatomaceous benthic algae in Nordic rivers. Hydrobiologia 655:143-155",Schneider & Lindstrøm,"Schneider, S. & Lindstrøm, E.A. 2011. The periphyton index of trophic status PIT: a new eutrophication metric based on non-diatomaceous benthic algae in Nordic rivers. Hydrobiologia 655:143-155",FALSE,Other,Could not determine specific analytical technique
NS-EN 13137:2001,Karakterisering av avfall,"Karakterisering av avfall - Bestemmelse av totalt organisk karbon (TOC) i avfall, slam og sedimenter",Karakterisering av avfall,"Karakterisering of avfall - determination of total organic carbon (TOC) in avfall, slam and sedimenter",FALSE,Other,Could not determine specific analytical technique
NS 4780,AAS grafittovn (NS 4780; Tilbaketrukket),"Metaller i vann, slam og sedimenter - Bestemmelse ved flammeløs atomabsorpsjonsspektrometri - Elektrotermisk atomisering i grafittovn. Generelle prinsipper og retningslinjer. Tilbaktrukket. Erstattet av NS-EN ISO 15586.",AAS grafittovn,"metals in water, slam and sedimenter - Bestemmelse ved flammeløs atomabsorpsjonsspektrometri - Elektrotermisk atomisering in grafittovn. Generelle prinsipper and retningslinjer. Tilbaktrukket. Erstattet of NS-EN ISO 15586.",TRUE,AAS,
ISO 10382,Gasskromatografi (ISO 10382; Tilbaketrukket),Determination of organochlorine pesticides and polychlorinated biphenyls - Gas-chromatographic method with electron capture detection. Tilbaketrukket. Erstattet av ISO 23646:2022.,Gas chromatography,Determination of organochlorine pesticides and polychlorinated biphenyls - Gas-chromatographic method with electron capture detection. Withdrawn. Erstattet of ISO 23646:2022.,TRUE,Other,Could not determine specific analytical technique
IREL,Ikke relevant,Ikke relevant,Ikke relevant,Ikke relevant,FALSE,Other,Could not determine specific analytical technique
MC-LR ELISA,Spektrofotometri-mikrotitrerplate ELISA,"Spektrofotometrisk bestemmelse av mikrocystin i vann ved ""Enzyme-Linked ImmunoSorbent Assay"" (ELISA).",Spectrophotometry-mikrotitrerplate ELISA,"Spektrofotometrisk bestemmelse of mikrocystin in water ved ""Enzyme-Linked ImmunoSorbent Assay"" (ELISA).",FALSE,Spectrophotometry,
NS-EN ISO 11885:2009,ICP-OES (ISO 11885),Bestemmelse av utvalgte elementer ved induktivt koblet plasma-optisk emisjonsspektrometrisk analyse (ISO 11885:2007),ICP-OES,Determination of selected elementer ved induktivt koblet plasma-optisk emisjonsspektrometrisk analysis,FALSE,ICP-OES,
NS-ISO 7027,Nefelometrisk metode (EN 27027; Tilbaketrukket),Bestemmelse av turbiditet (= EN 27027:1994). Tilbaketrukket. Erstattet av NS-EN ISO 7027. ,Nephelometric method,Determination of turbiditet. Withdrawn. Erstattet of NS-EN ISO 7027.,TRUE,Other,Classical/non-instrumental analytical method
PIELOU_1966,Pielou (1966),"Pielou, E.C. 1966. The measurement of diversity in different types of biological collections. Journal of Theoretical Biology 13: 131-144.",Pielou,"Pielou, E.C. 1966. The measurement of diversity in different types of biological collections. Journal of Theoretical Biology 13: 131-144.",FALSE,Other,Could not determine specific analytical technique
NS 4719,Bunndyr: Prøvetaking i rennende vann. (NS 4719:1988; Tilbaketrukket),Bunnfauna - Prøvetaking med elvehåv i rennende vann. Tilbaketrukket.,Bunndyr: Prøvetaking i rennende vann.,Bunnfauna - sampling with elvehåv in rennende water. Withdrawn.,TRUE,Other,Could not determine specific analytical technique
ISO 16703,Gasskromatografi (ISO 16703),Determination of content of hydrocarbon in the range C10 to C40 by gas chromatography,Gas chromatography,Determination of content of hydrocarbon in the range C10 to C40 by gas chromatography,FALSE,Other,Could not determine specific analytical technique
NS-ISO 6461-1,Anrikning i flytende medium (NS-ISO 6461-1),Påvisning og telling av sporer fra sulfittreduserende anaerobe mikroorganismer (Clostridium). Del 1: Metode ved anrikning i flytende medium.,Enrichment in liquid medium,Påvisning and telling of sporer fra sulfittreduserende anaerobe mikroorganismer (Clostridium). Part 1: method ved anrikning in flytende medium.,FALSE,Other,Could not determine specific analytical technique
NS-ISO 6461-2,Membranfiltermetode (NS-ISO 6461-2),Påvisning og telling av sporer fra sulfittreduserende anaerobe mikroorganismer (Clostridium). Del 2: Membranfiltreringsmetode.,Membranfiltermetode,Påvisning and telling of sporer fra sulfittreduserende anaerobe mikroorganismer (Clostridium). Part 2: Membranfiltreringsmetode.,FALSE,Other,Could not determine specific analytical technique
NS-EN ISO 7899-1,MPN-mikrotitrerplater (NS-EN ISO 7899-1),Påvisning og telling av enterokokker i overflatevann og avløpsvann. Del 1: Inokulasjon i flytende medium på mikrotitrerplater (MPN-teknikk).,MPN-mikrotitrerplater,Påvisning and telling of enterokokker in overflatevann and wastewater. Part 1: Inokulasjon in flytende medium on mikrotitrerplater (MPN-teknikk).,FALSE,Other,Could not determine specific analytical technique
NS-EN ISO 7899-2,Membranfiltermetode (NS-EN ISO 7899-2),Påvisning og telling av intestinale enterokokker. Del 2: Membranfiltreringsmetode.,Membranfiltermetode,Påvisning and telling of intestinale enterokokker. Part 2: Membranfiltreringsmetode.,FALSE,Other,Could not determine specific analytical technique
NS-EN 15972:2011,Marine planktonalger (NS-EN 15972:2011),Veiledning for kvantitative og kvalitative undersøkelser av marine planktonalger.,Marine planktonalger,Veiledning for kvantitative and kvalitative undersøkelser of marine planktonalger.,FALSE,Other,Could not determine specific analytical technique
NS-EN 12880:2000,Veiing (NS-EN 12880),Karakterisering av slam - Bestemmelse av tørrstoff og vanninnhold,Veiing,Karakterisering of slam - determination of tørrstoff and vanninnhold,FALSE,Other,Could not determine specific analytical technique
BERG_1998,Van den Berg et al. (1998),"Van den Berg M, Birnbaum L, Bosveld AT, Brunström B, Cook P, Feeley M, et al. 1998. Toxic equivalency factors (TEFs) for PCBs, PCDDs, PCDFs for humans and wildlife. Environ Health Perspect 106:775-792.",Van den Berg et al.,"Van den Berg M, Birnbaum L, Bosveld AT, Brunström B, Cook P, Feeley M, et al. 1998. Toxic equivalency factors (TEFs) for PCBs, PCDDs, PCDFs for humans and wildlife. Environ Health Perspect 106:775-792.",FALSE,Other,Could not determine specific analytical technique
NS-EN ISO 7887:2011 B,Spektrofotometri (ISO 7887:2011),Bestemmelse av farge - Metode B: Bestemmelse av sann farge ved hjelp av optiske instrumenter (ISO 7887:2011).,Spectrophotometry,Determination of colour - method B: determination of sann colour ved hjelp of optiske instrumenter.,FALSE,Spectrophotometry,
NS-EN ISO 7887:2011 D,Visuell metode (ISO 7887:2011),Bestemmelse av farge - Metode D: Visuell metode for å bestemme farge i naturlig vann (ISO 7887:2011).,Visual method,Determination of colour - method D: Visuell method for å bestemme colour in naturlig water.,FALSE,Other,Classical/non-instrumental analytical method
NS-EN ISO 7887:2011 C,Spektrofotometri 410 nm  (ISO 7887:2011),Bestemmelse av farge - Metode C: Bestemmelse av sann farge ved hjelp av optiske instrumenter for måling av absorbans ved bølgelengde 410 nm (ISO 7887:2011).,Spectrophotometry 410 nm,Determination of colour - method C: determination of sann colour ved hjelp of optiske instrumenter for måling of absorbans ved bølgelengde 410 nm.,FALSE,Spectrophotometry,
NS-EN ISO 12846:2012,AAS (ISO 12846:2012),Bestemmelse av kvikksølv. Atomabsorpsjonsspektrometrisk metode med og uten anriking (ISO 12846:2012),AAS,Determination of kvikksølv. Atomabsorpsjonsspektrometrisk method with and uten anriking,FALSE,AAS,
NS-EN 14184:2014,Makrovegetasjon i rennende vann (NS-EN 14184:2014),Veiledning for overvåking av akvatisk makrovegetasjon i rennende vann,Makrovegetasjon i rennende vann,Veiledning for overvåking of akvatisk makrovegetasjon in rennende water,FALSE,Other,Could not determine specific analytical technique
SOP6A,SOP 6a - Potentiometric pH,Dickson et. al. (2007). Determination of the pH of sea water using a glass/reference electrode cell.,SOP 6a - Potentiometric pH,Dickson et. al.. Determination of the pH of sea water using a glass/reference electrode cell.,FALSE,Other,Classical/non-instrumental analytical method
SOP6B,SOP 6b - Spectrophotometric pH,Dickson et. al. (2007). Determination of the pH of sea water using the indicator dye m-cresol purple.,SOP 6b - Spectrophotometric pH,Dickson et. al.. Determination of the pH of sea water using the indicator dye m-cresol purple.,FALSE,Other,Could not determine specific analytical technique
SOP5,SOP 5 - Underway p(CO2),Dickson et. al. (2007). Determination of p(CO2) in air that is in equilibrium with a continuous stream of sea water.,SOP 5 - Underway p(CO2),Dickson et. al.. Determination of p(CO2) in air that is in equilibrium with a continuous stream of sea water.,FALSE,Other,Could not determine specific analytical technique
SOP4,SOP 4 - Discrete p(CO2),Dickson et. al. (2007). Determination of p(CO2) in air that is in equilibrium with a discrete sample of sea water.,SOP 4 - Discrete p(CO2),Dickson et. al.. Determination of p(CO2) in air that is in equilibrium with a discrete sample of sea water.,FALSE,Other,Could not determine specific analytical technique
SOP3A,SOP 3a - Total alkalinity (closed cell),Dickson et. al. (2007). Determination of total alkalinity in sea water using a closed-cell titration.,SOP 3a - Total alkalinity (closed cell),Dickson et. al.. Determination of total alkalinity in sea water using a closed-cell titration.,FALSE,Other,Classical/non-instrumental analytical method
SOP3B,SOP 3b - Total alkalinity (open cell),Dickson et. al. (2007). Determination of total alkalinity in sea water using an open-cell titration.,SOP 3b - Total alkalinity (open cell),Dickson et. al.. Determination of total alkalinity in sea water using an open-cell titration.,FALSE,Other,Classical/non-instrumental analytical method
SOP2,SOP 2 - Total dissolved inorganic carbon,Dickson et. al. (2007). Determination of dissolved inorganic carbon in sea water.,SOP 2 - Total dissolved inorganic carbon,Dickson et. al.. Determination of dissolved inorganic carbon in sea water.,FALSE,Other,Could not determine specific analytical technique
SEACARB,Seacarb,Lavigne & Gattuso (2010). Seacarb: Seawater carbonate checmistry with R.,Seacarb,Lavigne & Gattuso. Seacarb: Seawater carbonate checmistry with R.,FALSE,Other,Could not determine specific analytical technique
CO2SYS_AT_CT,CO2SYS beregnet med total alkalinitet (AT) og totalt uorganisk karbon løst i sjøvann (CT) som input-parametre.,"The program CO2SYS performs calculations relating parameters of the carbon dioxide (CO2) system in seawater and freshwater. The program uses two of the four measurable parameters of the CO2 system [total alkalinity (TA), total dissolved inorganic carbon (CT), pH, and either fugacity (fCO2) or partial pressure of CO2 (pCO2)] to calculate the other two parameters at a set of input conditions (temperature and pressure) and a set of output conditions chosen by the user. Mehrbach et al (1973), modifiisert av Dickson & Millero (1987).",CO2SYS beregnet med total alkalinitet (AT) og totalt uorganisk karbon løst i sjøvann (CT) som input-parametre.,"The program CO2SYS performs calculations relating parameters of the carbon dioxide (CO2) system in seawater and freshwater. The program uses two of the four measurable parameters of the CO2 system [total alkalinity (TA), total dissolved inorganic carbon (CT), pH, and either fugacity (fCO2) or partial pressure of CO2 (pCO2)] to calculate the other two parameters at a set of input conditions (temperature and pressure) and a set of output conditions chosen by the user. Mehrbach et al, modifiisert of Dickson & Millero.",FALSE,Other,Could not determine specific analytical technique
NS 4718,Bunndyr: Prøvetaking på bløtbunn. (NS 4718:1988; Tilbaketrukket),Bunnfauna - Prøvetaking med Ekmanhenter på bløtbunn. Tilbaketrukket.,Bunndyr: Prøvetaking på bløtbunn.,Bunnfauna - sampling with Ekmanhenter on bløtbunn. Withdrawn.,TRUE,Other,Could not determine specific analytical technique
NS-EN ISO 5814:2012,Elektrokjemisk metode (ISO 5814:2012),Bestemmelse av oppløst oksygen. Elektrokjemisk metode (ISO 5814:2012).,Electrochemical method,Determination of dissolved oxygen. Elektrokjemisk method.,FALSE,Other,Classical/non-instrumental analytical method
NS-EN ISO 10523:2012,Elektrokjemisk metode (ISO 10523:2012),Måling av pH (ISO 10523:2008) ,Electrochemical method,Measurement of pH,FALSE,Other,Classical/non-instrumental analytical method
NS-EN ISO 16665:2014,Marin bløtbunnsfauna (ISO 16665:2014),Retningslinjer for kvantitativ prøvetaking og prøvebehandling av marin bløtbunnsfauna (ISO 16665:2014) ,Marin bløtbunnsfauna,Guidelines for kvantitativ sampling and prøvebehandling of marin bløtbunnsfauna,FALSE,Not relevant,"Reference method, guideline, or calculation"
NS-ISO 15705:2002,Spektrofotometri (ISO 15705:2002),Bestemmelse av indeks for kjemisk oksygenforbruk (ST-COD) - Småskalametode i forseglede rør,Spectrophotometry,Determination of indeks for kjemisk oksygenforbruk (ST-COD) - Småskalametode in forseglede rør,FALSE,Spectrophotometry,
MJELDE_2013,Mjelde et al. (2013),"Mjelde, M., Hellsten, S. & Ecke, F. 2012. A water level drawdown index for aquatic macrophytes in Nordic lakes. Hydrobiologia DOI 10.1007/s10750-012-1323-6.",Mjelde et al.,"Mjelde, M., Hellsten, S. & Ecke, F. 2012. A water level drawdown index for aquatic macrophytes in Nordic lakes. Hydrobiologia DOI 10.1007/s10750-012-1323-6.",FALSE,Other,Could not determine specific analytical technique
CO2SYS_AT_PH,CO2SYS beregnet med total alkalinitet (AT) og pH (totalskala) som input-parametre.,"The program CO2SYS performs calculations relating parameters of the carbon dioxide (CO2) system in seawater and freshwater. The program uses two of the four measurable parameters of the CO2 system [total alkalinity (TA), total dissolved inorganic carbon (CT), pH, and either fugacity (fCO2) or partial pressure of CO2 (pCO2)] to calculate the other two parameters at a set of input conditions (temperature and pressure) and a set of output conditions chosen by the user. Mehrbach et al (1973), modifiisert av Dickson & Millero (1987).",CO2SYS beregnet med total alkalinitet (AT) og pH (totalskala) som input-parametre.,"The program CO2SYS performs calculations relating parameters of the carbon dioxide (CO2) system in seawater and freshwater. The program uses two of the four measurable parameters of the CO2 system [total alkalinity (TA), total dissolved inorganic carbon (CT), pH, and either fugacity (fCO2) or partial pressure of CO2 (pCO2)] to calculate the other two parameters at a set of input conditions (temperature and pressure) and a set of output conditions chosen by the user. Mehrbach et al, modifiisert of Dickson & Millero.",FALSE,Other,Could not determine specific analytical technique
NS-EN 15216:2007,Veiing (NS-EN 15216:2007),Karakterisering av avfall - Bestemmelse av totalt løst tørrstoff (TLS) i vann og eluater.,Veiing,Karakterisering of avfall - determination of total løst tørrstoff (TLS) in water and eluater.,FALSE,Other,Could not determine specific analytical technique
NS-EN 14407:2014,Bentiske kiselalger fra rennende vann og innsjøer (NS-EN 14407:2014),Veiledning for identifisering og telling av prøver av bentiske kiselalger fra rennende vann og innsjøer,Bentiske kiselalger fra rennende vann og innsjøer,Veiledning for identifisering and telling of prøver of bentiske kiselalger fra rennende water and innsjøer,FALSE,Other,Could not determine specific analytical technique
NS-EN 16161:2012,Spektrofotometri In vivo (NS-EN 16161:2012),Veiledning i bruk av in vivo absorpsjonsteknikker for estimering av konsentrasjonen av klorofyll a i prøver fra marint vann og fra ferskvann.,Spectrophotometry In vivo,Veiledning in bruk of in vivo absorpsjonsteknikker for estimering of konsentrasjonen of klorofyll a in prøver fra marint water and fra ferskvann.,FALSE,Spectrophotometry,
PTACNIK_2009,Ptacnik et al. (2009),"Ptacnik, R., A. Solimini & P. Brettum 2009. Water framework directive intercalibration technical report Part 2: lakes. Luxembourg, European Commission JRC report 23838: 176 pp.",Ptacnik et al.,"Ptacnik, R., A. Solimini & P. Brettum 2009. Water framework directive intercalibration technical report Part 2: lakes. Luxembourg, European Commission JRC report 23838: 176 pp.",FALSE,Other,Could not determine specific analytical technique
NS-EN 1541:2001,Ukjent metode (EN 1541:2001),Papir og papp beregnet på kontakt med næringsmidler. Bestemmelse av formaldehyd i vannekstrakt. (EN 1541:2001),Ukjent metode,Papir and papp beregnet on kontakt with næringsmidler. determination of formaldehyd in vannekstrakt.,FALSE,Other,Could not determine specific analytical technique
NS-ISO 28540:2011,Gasskromatografi (ISO 28540:2011),Vannundersøkelse - Bestemmelse av 16 polysykliske aromatiske hydrokarboner (PAH) i vann - Metode basert på gasskromatografi med massespektrometrisk deteksjon (GC-MS) ,Gas chromatography,Vannundersøkelse - determination of 16 polysykliske aromatiske hydrokarboner (PAH) in water - method basert on gasskromatografi with massespektrometrisk deteksjon (GC-MS),FALSE,GC-MS,
ISO 10694 IR,Infrarød spektrofotometri (ISO 10694),Determination of organic and total carbon after dry combustion (elementary analysis),Infrared spectrophotometry,Determination of organic and total carbon after dry combustion (elementary analysis),FALSE,Spectrophotometry,
ISO 10694 EL,Elektrokjemisk metode (ISO 10694),Determination of organic and total carbon after dry combustion (elementary analysis),Electrochemical method,Determination of organic and total carbon after dry combustion (elementary analysis),FALSE,Other,Classical/non-instrumental analytical method
ISO 10694 GC,Gasskromatografi (ISO 10694),Determination of organic and total carbon after dry combustion (elementary analysis),Gas chromatography,Determination of organic and total carbon after dry combustion (elementary analysis),FALSE,Other,Could not determine specific analytical technique
LYDERSEN_2004,Lydersen et al. (2004),"Lydersen, E., T. Larssen & E. Fjeld 2004. The influence of total organic carbon (TOC) on the relationship between acid neutralizing capacity (ANC) and fish status in Norwegian lakes. Science of the total environment. 326: 63-69.",Lydersen et al.,"Lydersen, E., T. Larssen & E. Fjeld 2004. The influence of total organic carbon (TOC) on the relationship between acid neutralizing capacity (ANC) and fish status in Norwegian lakes. Science of the total environment. 326: 63-69.",FALSE,Other,Could not determine specific analytical technique
NS-EN ISO 22032:2009,Gasskromatografi (ISO 22032),Bestemmelse av utvalgte polybromerte difenyletere i sedimenter og kloakkslam. Metode med ekstraksjon og gasskromatografi/massespektrometri (ISO 22032:2006),Gas chromatography,Determination of selected polybromerte difenyletere in sedimenter and kloakkslam. method with ekstraksjon and gasskromatografi/massespektrometri,FALSE,GC-MS,
LAMI_2008,"NGIG WG LAMI, Unpublished",Lake Acidification Macroinvertebrate Index (LAMI),"NGIG WG LAMI, Unpublished",Lake Acidification Macroinvertebrate Index (LAMI),FALSE,Other,Could not determine specific analytical technique
RAMI_2009,"NGIG WG RAMI, Unpublished",River Acidification Macroinvertebrate Index (RAMI),"NGIG WG RAMI, Unpublished",River Acidification Macroinvertebrate Index (RAMI),FALSE,Other,Could not determine specific analytical technique
NS-EN ISO 10870:2012-1,Bunndyr: Prøvetaking i ferskvann (håv),Veiledning i valg av prøvetakingsmetoder og utstyr til bentiske makroinvertebrater i ferskvann (ISO 10870:2012),Bunndyr: Prøvetaking i ferskvann (håv),Veiledning in valg of prøvetakingsmetoder and utstyr til bentiske makroinvertebrater in ferskvann,FALSE,Other,Could not determine specific analytical technique
NS-EN ISO 10870:2012-2,Bunndyr: Prøvetaking i ferskvann (Surber sampler),Veiledning i valg av prøvetakingsmetoder og utstyr til bentiske makroinvertebrater i ferskvann (ISO 10870:2012),Bunndyr: Prøvetaking i ferskvann (Surber sampler),Veiledning in valg of prøvetakingsmetoder and utstyr til bentiske makroinvertebrater in ferskvann,FALSE,Other,Could not determine specific analytical technique
NS-EN ISO 10870:2012-4,Bunndyr: Prøvetaking i ferskvann (grabb),Veiledning i valg av prøvetakingsmetoder og utstyr til bentiske makroinvertebrater i ferskvann (ISO 10870:2012),Bunndyr: Prøvetaking i ferskvann (grabb),Veiledning in valg of prøvetakingsmetoder and utstyr til bentiske makroinvertebrater in ferskvann,FALSE,Other,Could not determine specific analytical technique
BORJA_2000,Borja et al. (2000),"Á. Borja, J. Franco, V. Pérez 2000. A marine biotic index to establish the ecological quality of soft-bottom benthos within European estuarine and coastal environments. Marine Pollution Bulletin, 40 (2000), pp. 1100–1114",Borja et al.,"Á. Borja, J. Franco, V. Pérez 2000. A marine biotic index to establish the ecological quality of soft-bottom benthos within European estuarine and coastal environments. Marine Pollution Bulletin, 40, pp. 1100–1114",FALSE,Other,Could not determine specific analytical technique
NS-EN ISO 16703:2011,Gasskromatografi (NS-EN ISO 16703:2011),Bestemmelse av innholdet av hydrokarboner i størrelsesområdet C10 til C40 ved hjelp av gasskromatografi (ISO 16703),Gas chromatography,Determination of innholdet of hydrokarboner in størrelsesområdet C10 til C40 ved hjelp of gasskromatografi,FALSE,Other,Could not determine specific analytical technique
RYGG_2013,Rygg & Norling (2013),"Rygg, B. & Norling, K. 2013. Norwegian Sensitivity Index (NSI) for marine macroinvertebrates, and an update of Indicator Species Index (ISI). NIVA-rapport 6475-2013. 46 s.",Rygg & Norling,"Rygg, B. & Norling, K. 2013. Norwegian Sensitivity Index (NSI) for marine macroinvertebrates, and an update of Indicator Species Index (ISI). NIVA-rapport 6475-2013. 46 s.",FALSE,Other,Could not determine specific analytical technique
RYGG_2006,Rygg (2006),"Rygg, B. 2006. Developing indices for quality-status classification of marine soft-bottom fauna in Norway. NIVA-rapport 5208-2006. 33s.",Rygg,"Rygg, B. 2006. Developing indices for quality-status classification of marine soft-bottom fauna in Norway. NIVA-rapport 5208-2006. 33s.",FALSE,Not relevant,"Reference method, guideline, or calculation"
ISO 11277,Sikting og sedimentering (ISO 11277),Determination of particle size distribution in mineral soil material - Method by sieving and sedimentation.,Sikting og sedimentering,Determination of particle size distribution in mineral soil material - Method by sieving and sedimentation.,FALSE,Other,Could not determine specific analytical technique
NS 4797:1987-1,Spektrofotometri (ISO 6703-2:1984; Tilbaketrukket),Bestemmelse av lett tilgjengelig cyanid - Fotometrisk sluttbestemmelse (ISO 6703-2:1984). Tilbaketrukket. Erstattet av NS-EN ISO 17380:2013,Spectrophotometry,Determination of lett tilgjengelig cyanid - Fotometrisk sluttbestemmelse. Withdrawn. Erstattet of NS-EN ISO 17380:2013,TRUE,Spectrophotometry,
NS 4797:1987-2,Titrimetrisk metode (ISO 6703-2:1984; Tilbaketrukket),Bestemmelse av lett tilgjengelig cyanid - Titrimetrisk sluttbestemmelse (ISO 6703-2:1984). Tilbaketrukket. Erstattet av NS-EN ISO 17380:2013,Titrimetric method,Determination of lett tilgjengelig cyanid - Titrimetrisk sluttbestemmelse. Withdrawn. Erstattet of NS-EN ISO 17380:2013,TRUE,Other,Classical/non-instrumental analytical method
NS-EN ISO 7027-1:2016,Nefelometrisk metode (ISO 7027-1:2016),Bestemmelse av turbidittet. Del 1: Kvantitative metoder (ISO 7027-1:2016),Nephelometric method,Determination of turbidittet. Part 1: Kvantitative metoder,FALSE,Other,Classical/non-instrumental analytical method
FBOX-SENSOR,FerryBox sensormålinger (Petersen et. al. 2003),"FerryBox-systemer med sensorer for måling av temperatur, salinitet, turbiditet og fluorescens (klorofyll a). Petersen, W. et al., 2003. FerryBox systems for monitoring coastal waters, In: H. Dahlin, N.C.F.K.N., Petersson, S.E. (Eds.), Elsevier Oceanography Series. Elsevier, pp. 325-333",FerryBox sensormålinger (Petersen et. al. 2003),"FerryBox-systemer with sensorer for måling of temperatur, salinitet, turbiditet and fluorescens (klorofyll a). Petersen, W. et al., 2003. FerryBox systems for monitoring coastal waters, In: H. Dahlin, N.C.F.K.N., Petersson, S.E. (Eds.), Elsevier Oceanography Series. Elsevier, pp. 325-333",FALSE,Fluorescence,
NS-EN ISO 17294-2:2016,ICP-MS (ISO 17294-2:2016; Tilbaketrukket),Bruk av induktivt koplet plasmamassespektrometri (ICP-MS) - Del 2: Bestemmelse av utvalgte elementer inkludert uranisotoper (ISO 17294-2:2016). Tilbaketrukket. Erstattet av NS-EN ISO 17294-2:2023,ICP-MS,Bruk of induktivt koplet plasmamassespektrometri (ICP-MS) - Part 2: determination of selected elementer inkludert uranisotoper. Withdrawn. Erstattet of NS-EN ISO 17294-2:2023,TRUE,ICP-MS,
NS 4755,Titrimetrisk metode (NS 4755:1981; Tilbaketrukket),Aciditet - Potensiometrisk titrering. Tilbaketrukket.,Titrimetric method,Aciditet - Potensiometrisk titrering. Withdrawn.,TRUE,Other,Classical/non-instrumental analytical method
NS 9456:2015,Visuell registrering (anadrom laksefisk),Visuell registrering av sjøvandrende laksefisk i vassdrag,Visuell registrering (anadrom laksefisk),Visuell registrering of sjøvandrende laksefisk in vassdrag,FALSE,Other,Classical/non-instrumental analytical method
CO2SYS_CT_PH,CO2SYS beregnet med totalt uorganisk karbon løst i sjøvann (CT) og pH (totalskala) som input-parametre.,"The program CO2SYS performs calculations relating parameters of the carbon dioxide (CO2) system in seawater and freshwater. The program uses two of the four measurable parameters of the CO2 system [total alkalinity (TA), total dissolved inorganic carbon (CT), pH, and either fugacity (fCO2) or partial pressure of CO2 (pCO2)] to calculate the other two parameters at a set of input conditions (temperature and pressure) and a set of output conditions chosen by the user. Mehrbach et al (1973), modifiisert av Dickson & Millero (1987).",CO2SYS beregnet med totalt uorganisk karbon løst i sjøvann (CT) og pH (totalskala) som input-parametre.,"The program CO2SYS performs calculations relating parameters of the carbon dioxide (CO2) system in seawater and freshwater. The program uses two of the four measurable parameters of the CO2 system [total alkalinity (TA), total dissolved inorganic carbon (CT), pH, and either fugacity (fCO2) or partial pressure of CO2 (pCO2)] to calculate the other two parameters at a set of input conditions (temperature and pressure) and a set of output conditions chosen by the user. Mehrbach et al, modifiisert of Dickson & Millero.",FALSE,Other,Could not determine specific analytical technique
VAN_BEMMELEN,TOC beregnet på grunnlag av glødetap.,"Beregning av totalt organisk karbon (TOC) ved hjelp av omregningsfaktor 0,58 fra glødetap.",TOC beregnet på grunnlag av glødetap.,"Beregning of total organic carbon (TOC) ved hjelp of omregningsfaktor 0,58 fra glødetap.",FALSE,Other,Could not determine specific analytical technique
NS-EN ISO 9308-1:2014,Membranfiltermetode (ISO 9308-1:2014),Påvisning og telling av Escherichia coli og koliforme bakterier - Del 1: Membranfiltreringsmetode for vann med lav bakgrunnsverdi for bakterietall (ISO 9308-1:2014),Membranfiltermetode,Påvisning and telling of Escherichia coli and koliforme bakterier - Part 1: Membranfiltreringsmetode for water with lav bakgrunnsverdi for bakterietall,FALSE,Other,Could not determine specific analytical technique
NS-EN ISO 7393-1:2000,Titrimetrisk metod (ISO 7393-1:1985),"Bestemmelse av fritt klor og totalklor - Del 1: Titrimetrisk metode med N,N-dietyl-1,4-fenylendiamin (ISO 7393-1:1985)",Titrimetrisk metod,"Determination of fritt klor and totalklor - Part 1: Titrimetrisk method with N,N-dietyl-1,4-fenylendiamin",FALSE,Other,Classical/non-instrumental analytical method
NS-EN ISO 7393-2:2018,Kolorimetrisk metode (ISO 7393-2:2017),"Bestemmelse av fritt klor og totalklor - Del 2: Kolorimetrisk metode med N,N-dietyl-1,4-fenylendiamin for rutinekontroll (ISO 7393-2:2017)",Colorimetric method,"Determination of fritt klor and totalklor - Part 2: Kolorimetrisk method with N,N-dietyl-1,4-fenylendiamin for rutinekontroll",FALSE,Spectrophotometry,
NS-EN ISO 7393-3:2000,Titrimetrisk metode (ISO 7393-3:1990),Bestemmelse av fritt klor og totalklor- Del 3: Iodometrisk titreringsmetode for bestemmelse av totalklor (ISO 7393-3:1990),Titrimetric method,Determination of fritt klor and totalklor- Part 3: Iodometrisk titreringsmetode for bestemmelse of totalklor,FALSE,Other,Classical/non-instrumental analytical method
NS-EN ISO 11348-3:2008,Økotoksisitet: Vibrio fischeri (ISO 11348-3:2008),Bestemmelse av inhiberende effekt av vannprøver på lysutskillelse hos Vibrio fischeri (luminiscerende bakterier). Del 3: Metode med frysetørkede bakterier (ISO 11348-3:2007).,Økotoksisitet: Vibrio fischeri,Determination of inhiberende effekt of vannprøver on lysutskillelse hos Vibrio fischeri (luminiscerende bakterier). Part 3: method with frysetørkede bakterier.,FALSE,Other,Could not determine specific analytical technique
NS-EN ISO 10253:2016,Økotoksisitet: Skeletonema sp. og Phaeodactylum tricornutum (ISO 10253:2016; Tilbaketrukket)),Prøving av veksthemming av marine alger (Skeletonema sp. og Phaeodactylum tricornutum) (ISO 10253:2016). Tilbaketrukket. Erstattet av NS-EN ISO 10253:2024.,Økotoksisitet: Skeletonema sp. og Phaeodactylum tricornutum),Prøving of veksthemming of marine alger (Skeletonema sp. and Phaeodactylum tricornutum). Withdrawn. Erstattet of NS-EN ISO 10253:2024.,TRUE,Other,Could not determine specific analytical technique
NS-EN 15110-1,Dyreplankton i stillestående vann - kvalitative metoder,Veiledning i prøvetaking av dyreplankton fra stillestående vann,Dyreplankton i stillestående vann - kvalitative metoder,Veiledning in sampling of dyreplankton fra stillestående water,FALSE,Other,Could not determine specific analytical technique
NS-EN ISO 15681-2:2018,Spektrofotometri CFA (ISO 15681-2:2018),Bestemmelse av ortofosfat og totalt fosforinnhold ved automatisert analyse (FIA og CFA) - Del 2: Kontinuerlig gjennomstrømning (CFA) (ISO 15681-2:2018),Spectrophotometry CFA,Determination of ortofosfat and total fosforinnhold ved automatisert analysis (FIA and CFA) - Part 2: Kontinuerlig gjennomstrømning (CFA),FALSE,Spectrophotometry,
NS-EN ISO 7027-2:2019,Visuell metode (ISO 7027-2:2019),Bestemmelse av turbiditet. Del 2: Semikvantitative metoder for vurdering av gjennomsiktighet i vann (ISO 7027-2:2019),Visual method,Determination of turbiditet. Part 2: Semikvantitative metoder for vurdering of gjennomsiktighet in water,FALSE,Other,Classical/non-instrumental analytical method
NS-EN 12916:2019,Væskekromatografi (EN 12916:2019; Tilbaketrukket)),Bestemmelse av aromatiske hydrokarbontyper i mellomdestillater. Væskekromatografi med deteksjon av brytningsindeks. Tilbaketrukket. Erstattet av NS-EN 12916:2022,Liquid chromatography),Determination of aromatiske hydrokarbontyper in mellomdestillater. liquid chromatography with deteksjon of brytningsindeks. Withdrawn. Erstattet of NS-EN 12916:2022,TRUE,LC-MS,Generic liquid chromatography; inferred LC-MS from context
NS-EN ISO 18857-2:2011,Gasskromatografi (ISO 18857-2),"Bestemmelse av utvalgte alkylfenoler - Del 2: Gasskromatografisk-massespektrometrisk bestemmelse av alkylfenoler, deres etoksylater og bisfenol A i ikke-filtrerte prøver ved bruk av fastfase-ekstraksjon og derivatdannelse (ISO 18857-2:2009)",Gas chromatography,"Determination of selected alkylfenoler - Part 2: Gasskromatografisk-massespektrometrisk bestemmelse of alkylfenoler, deres etoksylater and bisfenol A in ikke-filtrerte prøver ved bruk of fastfase-ekstraksjon and derivatdannelse",FALSE,GC-MS,
DI_2013,"NGIG WG DI, Unpublished",Density Index (DI),"NGIG WG DI, Unpublished",Density Index (DI),FALSE,Other,Could not determine specific analytical technique
NS-EN 14757:2015,Garnfiske (NS-EN 14757:2015),Prøvetaking av fisk med garn.,Garnfiske,Sampling of fisk with garn.,FALSE,Other,Could not determine specific analytical technique
NS-EN ISO 9308-2:2014,Metode med mest sannsynlig antall (ISO 9308-2:2012),Påvisning og telling av Escherichia coli og koliforme bakterier - Del 2: Metode med mest sannsynlige antall (ISO 9308-2:2012),Metode med mest sannsynlig antall,Påvisning and telling of Escherichia coli and koliforme bakterier - Part 2: method with mest sannsynlige antall,FALSE,Other,Could not determine specific analytical technique
NS-EN ISO 5815-1:2019,Titrimetrisk metode fortynnet (NS-EN ISO 5815-1:2019),Bestemmelse av biokjemisk oksygenforbruk etter n dager (BOFn) - Del 1: Metode basert på fortynning og poding etter tilsetning av allytiourea (ISO 5815-1:2019),Titrimetric method fortynnet,Determination of biokjemisk oksygenforbruk etter n dager (BOFn) - Part 1: method basert on fortynning and poding etter tilsetning of allytiourea,FALSE,Other,Classical/non-instrumental analytical method
ISO 15923-1:2013,Spektrofotometri (ISO 15923-1:2013),"Determination of selected parameters by discrete analysis systems — Part 1: Ammonium, nitrate, nitrite, chloride, orthophosphate, sulfate and silicate with photometric detection",Spectrophotometry,"Determination of selected parameters by discrete analysis systems — Part 1: Ammonium, nitrate, nitrite, chloride, orthophosphate, sulfate and silicate with photometric detection",FALSE,Spectrophotometry,
NS-EN 16171:2016,ICP-MS (EN 16171:2016),"Slam, behandlet organisk avfall og jord - Bestemmelse av sporstoffer ved bruk av induktorkoplet plasma i massespektrometri (ICP-MS)",ICP-MS,"Slam, behandlet organisk avfall and jord - determination of sporstoffer ved bruk of induktorkoplet plasma in massespektrometri (ICP-MS)",FALSE,ICP-MS,
NS-EN ISO 12010:2019,Gasskromatografi (ISO 12010:2019),Bestemmelse av kortkjedete polyklorerte alkaner (SCCP) i vann - Metode ved bruk av gasskromatografi-massespektrometri (GC-MS) og negativ kjemisk ionisering (NCI) (ISO 12010:2019),Gas chromatography,Determination of kortkjedete polyklorerte alkaner (SCCP) in water - method ved bruk of gasskromatografi-massespektrometri (GC-MS) and negativ kjemisk ionisering (NCI),FALSE,GC-MS,
NS-EN 14372:2004,Gasskromatografi (EN 14372),Spedbarns- og småbarnsprodukter - Spisebestikk - Sikkerhetskrav og prøvinger,Gas chromatography,Spedbarns- and småbarnsprodukter - Spisebestikk - Sikkerhetskrav and prøvinger,FALSE,Other,Could not determine specific analytical technique
ISO 14154:2005,Gasskromatografi (ISO 14154:2005),Determination of some selected chlorophenols — Gas-chromatographic method with electron-capture detection,Gas chromatography,Determination of some selected chlorophenols — Gas-chromatographic method with electron-capture detection,FALSE,Other,Could not determine specific analytical technique
NS-EN 71-12:2016,Sikkerhet for leketøy (EN 71-12),Sikkerhet for leketøy. Del 12: N-nitrosaminer og N-nitrosamindannende stoffer.,Sikkerhet for leketøy,Sikkerhet for leketøy. Part 12: N-nitrosaminer and N-nitrosamindannende stoffer.,FALSE,Other,Could not determine specific analytical technique
NS-EN ISO 17075-1:2017,Kolirimetri (ISO 17075-1),Kjemisk bestemmelse av krom(VI)-innhold i lær - Del 1: Kolorimetrisk metode (ISO 17075-1:2017),Kolirimetri,Kjemisk bestemmelse of krom(VI)-innhold in lær - Part 1: Kolorimetrisk method,FALSE,Spectrophotometry,
NS-EN ISO 17075-2:2017,Væskekromatografi (ISO 17075-2),Kjemisk bestemmelse av krom(VI)-innhold i lær - Del 2: Kromatografisk metode (ISO 17075-2:2017),Liquid chromatography,Kjemisk bestemmelse of krom(VI)-innhold in lær - Part 2: Kromatografisk method,FALSE,LC-MS,Generic liquid chromatography; inferred LC-MS from context
NS-EN 14614:2020,Hydromorfologi (EN 14614:2020),Veiledning for å vurdere hydromorfologiske egenskaper til elver,Hydromorfologi,Veiledning for å vurdere hydromorfologiske egenskaper til elver,FALSE,Other,Could not determine specific analytical technique
NS-EN 14614:2004,Hydromorfologi (EN 14614:2004; Tilbaketrukket),Veiledning for å vurdere hydromorfologiske egenskaper til elver. Tilbaketrukket. Erstattet av NS-EN 14614:2020,Hydromorfologi,Veiledning for å vurdere hydromorfologiske egenskaper til elver. Withdrawn. Erstattet of NS-EN 14614:2020,TRUE,Other,Could not determine specific analytical technique
NS-EN ISO 14189:2016,Membranfiltreringsmetode (NS-EN ISO 14189:2016),Påvisning og telling av Clostridium perfringens - Membranfiltreringsmetode (ISO 14189:2013),Membranfiltreringsmetode,Påvisning and telling of Clostridium perfringens - Membranfiltreringsmetode,FALSE,Other,Could not determine specific analytical technique
NS-EN ISO 6341:2012,Økotoksisitet: Daphnia magna (ISO 6341:2012),"Bestemmelse av hemming av mobiliteten til Daphnia magna Straus (Cladocera, Crustacea) - Prøving av akutt toksisitet (ISO 6341:2012)",Økotoksisitet: Daphnia magna,"Determination of hemming of mobiliteten til Daphnia magna Straus (Cladocera, Crustacea) - Prøving of akutt toksisitet",FALSE,Other,Could not determine specific analytical technique
NS-EN ISO 16712:2006,Økotoksisitet: Amfipoder i marine sedimenter (ISO 16712:2006),Vannundersøkelse - Bestemmelse av akutt toksisitet til marine og estuarine sedimenter for amfipoder (ISO 16712:2006),Økotoksisitet: Amfipoder i marine sedimenter,Vannundersøkelse - determination of akutt toksisitet til marine and estuarine sedimenter for amfipoder,FALSE,Other,Could not determine specific analytical technique
NS-EN 16039:2011,Hydromorfologi (EN 16039:2011),Veiledning for å vurdere hydromorfologiske egenskaper til innsjøer,Hydromorfologi,Veiledning for å vurdere hydromorfologiske egenskaper til innsjøer,FALSE,Other,Could not determine specific analytical technique
NS-EN 71-11:2005,Sikkerhet for leketøy (EN 71-11),Sikkerhet for leketøy - Del 11: Organiske kjemiske forbindelser - Analysemetoder,Sikkerhet for leketøy,Sikkerhet for leketøy - Part 11: Organiske kjemiske forbindelser - Analysemetoder,FALSE,Other,Could not determine specific analytical technique
NS-EN ISO 20236:2021,Kjemiluminiscens (ISO 20236:2018),"Bestemmelse av totalt innhold av organisk karbon (TOC), løst organisk karbon (DOC), totalt innhold av bundet nitrogen (TNb) og løst bundet nitrogen (DNb) etter katalytisk oksidasjonsforbrenning ved høy temperatur (ISO 20236:2018)",Kjemiluminiscens,"Determination of total innhold of organic carbon (TOC), løst organic carbon (DOC), total innhold of bundet nitrogen (TNb) and løst bundet nitrogen (DNb) etter katalytisk oksidasjonsforbrenning ved høy temperatur",FALSE,Other,Could not determine specific analytical technique
ISO 23646:2022,Gasskromatografi (ISO 23646),Determination of organochlorine pesticides by gas chromatography with mass selective detection (GC-MS) and gas chromatography with electron-capture detection (GC-ECD),Gas chromatography,Determination of organochlorine pesticides by gas chromatography with mass selective detection (GC-MS) and gas chromatography with electron-capture detection (GC-ECD),FALSE,Other,Could not determine specific analytical technique
IOCCG 2021,Spektrofotometri (IOCCG 2021),Measurment protocol of absorption by chromophoric dissolved organic matter (cDOM) and other dissolved materials.,Spectrophotometry (IOCCG 2021),Measurment protocol of absorption by chromophoric dissolved organic matter (cDOM) and other dissolved materials.,FALSE,Spectrophotometry,
NS-EN ISO 17943:2016,Gasskromatografi (ISO 17943),Bestemmelse av flyktige organiske forbindelser i vann - Metode ved bruk av fastfase-mikroekstraksjon fulgt av gasskromatografi-massespektrometri (GC-MS),Gas chromatography,Determination of flyktige organiske forbindelser in water - method ved bruk of fastfase-mikroekstraksjon fulgt of gasskromatografi-massespektrometri (GC-MS),FALSE,GC-MS,
NS-EN ISO 16017-1:2000,Gasskromatografi (ISO 16017-1),"Prøvetaking og analyse av flyktige organiske forbindelser basert på adsorpsjon, termisk desorpsjon og kapillar gasskromatografi - Del 1: Aktiv prøvetaking",Gas chromatography,"sampling and analysis of flyktige organiske forbindelser basert on adsorpsjon, termisk desorpsjon and kapillar gasskromatografi - Part 1: Aktiv sampling",FALSE,Other,Could not determine specific analytical technique
NS-EN ISO 16017-2:2003,Gasskromatografi (ISO 16017-2),"Prøvetaking og analyse av flyktige organiske forbindelser basert på adsorpsjon, termisk desorpsjon og kapillar gasskromatografi - Del 2: Diffusjonsprøvetaking",Gas chromatography,"sampling and analysis of flyktige organiske forbindelser basert on adsorpsjon, termisk desorpsjon and kapillar gasskromatografi - Part 2: Diffusjonsprøvetaking",FALSE,Other,Could not determine specific analytical technique
NS-EN 16859:2017,Overvåking av elvemuslingpopulasjoner (NS-EN 16859:2017),Veiledning for overvåking av  elvemuslingpopulasjoner (Margaritifera  margaritifera) og deres livsmiljø,Overvåking av elvemuslingpopulasjoner,Veiledning for overvåking of elvemuslingpopulasjoner (Margaritifera margaritifera) and deres livsmiljø,FALSE,Other,Could not determine specific analytical technique
KIRK_2011,Kirk (2021),"Kirk, J.T.O. 2011. Light and Photosynthesis in Aquatic Ecosystems. 3rd Edition, Cambridge University Press, Cambridge, England.",Kirk,"Kirk, J.T.O. 2011. Light and Photosynthesis in Aquatic Ecosystems. 3rd Edition, Cambridge University Press, Cambridge, England.",FALSE,Other,Could not determine specific analytical technique
FT-IR_MT250,Mikroplast: FTIR (>250 µm),Mikroplast: Filtrering og infrarød (IR) bildebehandling av partikler >250 µm.,Mikroplast: FTIR (>250 µm),Mikroplast: Filtrering and infrarød (IR) bildebehandling of partikler >250 µm.,FALSE,Other,Could not determine specific analytical technique
FT-IR_LT250,Mikroplast: FTIR (<250 µm),Mikroplast: Filtrering og infrarød (IR) bildebehandling av partikler <250 µm.,Mikroplast: FTIR (<250 µm),Mikroplast: Filtrering and infrarød (IR) bildebehandling of partikler <250 µm.,FALSE,Other,Could not determine specific analytical technique
PY-GC-MS_LT250,Mikroplast: Pyrolyse og GC-MS (< 250 µm),Mikroplast: Pyrolyse og gasskromatografi massespektrometri (py-GC-MS) av partikler < 250 µm.,Mikroplast: Pyrolyse og GC-MS (< 250 µm),Mikroplast: Pyrolyse and gasskromatografi massespektrometri (py-GC-MS) of partikler < 250 µm.,FALSE,GC-MS,
NS-EN 12916:2022,Væskekromatografi (EN 12916:2019+A1:2022; Tilbaketrukket),Bestemmelse av aromatiske hydrokarbontyper i mellomdestillater — Væskekromatografi med deteksjon av brytningsindeks. Tilbaketrukket. Erstattet av EN 12916:2024),Liquid chromatography,Determination of aromatiske hydrokarbontyper in mellomdestillater — liquid chromatography with deteksjon of brytningsindeks. Withdrawn. Erstattet of EN 12916:2024),TRUE,LC-MS,Generic liquid chromatography; inferred LC-MS from context
NS-EN ISO 15682:2001,Spektrofotometri (ISO 15682:2000),Bestemmelse av klorid ved automatisert analyse (CFA og FIA) og fotometrisk eller potensiometrisk deteksjon (ISO 15682:2000),Spectrophotometry,Determination of chloride ved automatisert analysis (CFA and FIA) and fotometrisk or potensiometrisk deteksjon,FALSE,Spectrophotometry,
NS-EN ISO 17380:2013,Spektrofotometri (ISO 17380:2013),Bestemmelse av totalt cyanid og lett frigjort cyanid — Kontinuerlig gjennomstrømningsmetode (ISO 17380:2013),Spectrophotometry,Determination of total cyanid and lett frigjort cyanid — Kontinuerlig gjennomstrømningsmetode,FALSE,Spectrophotometry,
NS-EN ISO 10519:2015 ,Spektrofotometri (ISO 10519:2015),Bestemmelse av klorofyllinnhold — Spektrometrisk metode (ISO 10519:2015),Spectrophotometry,Determination of klorofyllinnhold — Spektrometrisk method,FALSE,Spectrophotometry,
NS-EN 15910:2014,Fiskeforekomst: Hydroakustisk metode,Veiledning i beregning av fiskeforekomst med mobil hydroakustisk metode (EN 15910),Fiskeforekomst: Hydroakustisk metode,Veiledning in beregning of fiskeforekomst with mobil hydroakustisk method,FALSE,Other,Could not determine specific analytical technique
ISO 29441,Spektrofotometri CFA og FIA (ISO 29441:2010),Determination of total nitrogen after UV digestion — Method using flow analysis (CFA and FIA) and spectrometric detection. (ISO 29441:2010),Spectrophotometry CFA og FIA,Determination of total nitrogen after UV digestion — Method using flow analysis (CFA and FIA) and spectrometric detection.,FALSE,Spectrophotometry,
ISO 15553:2006,Membranfiltermetode (ISO 15553:2006),Isolation and identification of Cryptosporidium oocysts and Giardia cysts from water,Membranfiltermetode,Isolation and identification of Cryptosporidium oocysts and Giardia cysts from water,FALSE,Other,Could not determine specific analytical technique
ISO 11465:1993,Gravimetrisk metode (ISO 11465),Bestemmelse av tørrstoff og vanninnhold på vektbasis. Grvimetrisk metode.,Gravimetrisk metode,Determination of tørrstoff and vanninnhold on vektbasis. Grvimetrisk method.,FALSE,Other,Classical/non-instrumental analytical method
NS-EN 71-3:2019,Sikkerhet for leketøy (EN 71-3),Sikkerhet for leketøy. Del 3: Migrasjon av visse grunnstoffer,Sikkerhet for leketøy,Sikkerhet for leketøy. Part 3: Migrasjon of visse grunnstoffer,FALSE,Other,Could not determine specific analytical technique
NS 4796:1987-1,Spektrofotometri (ISO 6703-1:1984; Tilbaketrukket),Bestemmelse av lett tilgjengelig cyanid - Fotometrisk sluttbestemmelse (ISO 6703-1:1984). Tilbaketrukket. Erstattet av NS-EN ISO 17380:2013,Spectrophotometry,Determination of lett tilgjengelig cyanid - Fotometrisk sluttbestemmelse. Withdrawn. Erstattet of NS-EN ISO 17380:2013,TRUE,Spectrophotometry,
NS 4796:1987-2,Titrimetrisk metode (ISO 6703-1:1984; Tilbaketrukket),Bestemmelse av lett tilgjengelig cyanid - Titrimetrisk sluttbestemmelse (ISO 6703-1:1984).  Tilbaketrukket. Erstattet av NS-EN ISO 17380:2013,Titrimetric method,Determination of lett tilgjengelig cyanid - Titrimetrisk sluttbestemmelse. Withdrawn. Erstattet of NS-EN ISO 17380:2013,TRUE,Other,Classical/non-instrumental analytical method
CLAESSENS_2013,Claessens et al. (2013),"Claessens et al., 2013. New techniques for the detection of microplastics in sediments and field collected organisms. Marine Pollution Bulletin, vol. 70, pp. 227-233.",Claessens et al.,"Claessens et al., 2013. New techniques for the detection of microplastics in sediments and field collected organisms. Marine Pollution Bulletin, vol. 70, pp. 227-233.",FALSE,Other,Could not determine specific analytical technique
ISO 6332:1988,Spektrofotometri (ISO 6332),"Determination of iron — Spectrometric method using 1,10-phenanthroline",Spectrophotometry,"Determination of iron — Spectrometric method using 1,10-phenanthroline",FALSE,Spectrophotometry,
FT-IR,Mikroplast: FTIR,Mikroplast: Filtrering og infrarød (IR) bildebehandling av partikler (størrelsesuavhengig),Mikroplast: FTIR,Mikroplast: Filtrering and infrarød (IR) bildebehandling of partikler (størrelsesuavhengig),FALSE,Other,Could not determine specific analytical technique
NS-EN 12916:2024,Væskekromatografi (EN 12916:2024),Bestemmelse av aromatiske hydrokarbontyper i mellomdestillater - Væskekromatografi med deteksjon av brytningsindeks.,Liquid chromatography,Determination of aromatiske hydrokarbontyper in mellomdestillater - liquid chromatography with deteksjon of brytningsindeks.,FALSE,LC-MS,Generic liquid chromatography; inferred LC-MS from context
OLENINA_2006,Olenina et. al. (2006),"Olenina et. al., 2006. Biovolumes and Size-Classes of Phytoplankton in the Baltic Sea. Baltic Sea Environment Proceedings No.106",Olenina et. al.,"Olenina et. al., 2006. Biovolumes and Size-Classes of Phytoplankton in the Baltic Sea. Baltic Sea Environment Proceedings No.106",FALSE,Other,Could not determine specific analytical technique
CCARB_CALC,Metoder for beregning av cellekarbon,"NS-EN 15204; NS-EN 15972:2011; Olenina et al. 2006. «Biovolumes and Size-Classes of Phytoplankton in the Baltic Sea.» Baltic Sea Environment Proceedings No.106; Putt & Stoecker 1989. «An experimentally determined carbon: volume ratio for marine “oligotrichous” ciliates from estuarine and coastal waters.» Limnol. Oceanogr. 34(6), pp. 1097-1103; Menden-Deuer & Lessard 2000. «Carbon to volume relationships for dinoflagellates, diatoms, and other protist plankton.» Limnol. Oceanogr. 45(3), pp. 569-579.",Metoder for beregning av cellekarbon,"NS-EN 15204; NS-EN 15972:2011; Olenina et al. 2006. «Biovolumes and Size-Classes of Phytoplankton in the Baltic Sea.» Baltic Sea Environment Proceedings No.106; Putt & Stoecker 1989. «An experimentally determined carbon: volume ratio for marine “oligotrichous” ciliates from estuarine and coastal waters.» Limnol. Oceanogr. 34, pp. 1097-1103; Menden-Deuer & Lessard 2000. «Carbon to volume relationships for dinoflagellates, diatoms, and other protist plankton.» Limnol. Oceanogr. 45, pp. 569-579.",FALSE,Other,Could not determine specific analytical technique
HASSEL_2013,Hassel et al. (2013),"Arne Hassel, Berit Endresen, Monica Martinussen, Tor Knutsen og Magnus E. Johannessen 2013. Håndbok for prøvetaking og pre-analyse av plankton. Prosedyrer for prøvetaking og pre-analyse av dyre- og planteplankton på forskningsfartøy og i laboratorium på land.",Hassel et al.,"Arne Hassel, Berit Endresen, Monica Martinussen, Tor Knutsen and Magnus E. Johannessen 2013. Håndbok for sampling and pre-analysis of plankton. Prosedyrer for sampling and pre-analysis of dyre- and planteplankton on forskningsfartøy and in laboratorium on land.",FALSE,Other,Could not determine specific analytical technique
NS-EN ISO 10253:2024,Økotoksisitet: Skeletonema sp. og Phaeodactylum tricornutum (ISO 10253:2024),Prøving av veksthemming av marine alger med Skeletonema sp. og Phaeodactylum tricornutum (ISO 10253:2024).,Økotoksisitet: Skeletonema sp. og Phaeodactylum tricornutum,Prøving of veksthemming of marine alger with Skeletonema sp. and Phaeodactylum tricornutum.,FALSE,Other,Could not determine specific analytical technique
BAUER_1995,Bauer et al. (1995),"Bauer, B., P. Fiorini, I. Ide, S. Liebe, J Oehlmann, E. Stroben & B. Watermann 1995. TBT effects on the female genital system of Littorina littorea: a possible indicator of tributyltin pollution. Hydrobiologia 309, pp. 15-27",Bauer et al.,"Bauer, B., P. Fiorini, I. Ide, S. Liebe, J Oehlmann, E. Stroben & B. Watermann 1995. TBT effects on the female genital system of Littorina littorea: a possible indicator of tributyltin pollution. Hydrobiologia 309, pp. 15-27",FALSE,Other,Could not determine specific analytical technique
NS-EN ISO 17294-2:2023,ICP-MS (ISO 17294-2:2023),"Bruk av induktivt koblet plasmamassespektrometri (ICP-MS) - Del 2: Bestemmelse av utvalgte elementer inkludert uraniumisotoper (ISO 17294-2:2023, korrigert versjon 2024-02)",ICP-MS,Bruk of induktivt koblet plasmamassespektrometri (ICP-MS) - Part 2: determination of selected elementer inkludert uraniumisotoper,FALSE,ICP-MS,
OSPAR_2015,JAMP Fulmar Plastic North Sea - Guideline,Coordinated Environmental Monitoring Programme (CEMP) Guidelines for Monitoring and Assessment of plastic particles in stomachs of fulmars in the North Sea area. Guidelines for Monitoring and Assessment of plastic particles in stomachs of fulmars in the North Sea area. Agreement 2015-03.,JAMP Fulmar Plastic North Sea - Guideline,Coordinated Environmental Monitoring Programme (CEMP) Guidelines for Monitoring and Assessment of plastic particles in stomachs of fulmars in the North Sea area. Guidelines for Monitoring and Assessment of plastic particles in stomachs of fulmars in the North Sea area. Agreement 2015-03.,FALSE,Not relevant,"Reference method, guideline, or calculation"
NS-EN ISO 10705-2:2001,MSA agarplate,Påvisning og telling av bakteriofager. Del 2: Telling av somatiske kolifager (ISO 10705-2000) ,MSA agarplate,Påvisning and telling of bakteriofager. Part 2: Telling of somatiske kolifager,FALSE,Other,Could not determine specific analytical technique
NS-EN ISO 15923-1:2024,Spektrofotometri (ISO 15293-1:2013),"Determination of selected parameters by discrete analysis systems - Part 1: Ammonium, nitrate, nitrite, chloride, orthophosphate, sulfate and silicate with photometric detection (ISO 15923-1:2013)",Spectrophotometry,"Determination of selected parameters by discrete analysis systems - Part 1: Ammonium, nitrate, nitrite, chloride, orthophosphate, sulfate and silicate with photometric detection",FALSE,Spectrophotometry,
NS-EN 27888:1993,Elektrokjemisk metode (ISO 7888),Bestemmelse av elektrisk konduktivitet (ISO 7888),Electrochemical method,Determination of elektrisk konduktivitet,FALSE,Other,Classical/non-instrumental analytical method
S2-MSI-KLFA,Sentinel 2 MSI klorofyll a,Klorofyll a konsentrasjon fra MSI sensoren på Copernicus Sentinel 2 satellitt.,Sentinel 2 MSI klorofyll a,Klorofyll a konsentrasjon fra MSI sensoren on Copernicus Sentinel 2 satellitt.,FALSE,Other,Could not determine specific analytical technique
S3-OLCI-KLFA,Sentinel 3 OLCI klorofyll a,Klorofyll a konsentrasjon fra OLCI sensoren på Copernicus Sentinel 3 satellitt.,Sentinel 3 OLCI klorofyll a,Klorofyll a konsentrasjon fra OLCI sensoren on Copernicus Sentinel 3 satellitt.,FALSE,Other,Could not determine specific analytical technique
S2-MSI-SECCHI,Sentinel 2 MSI siktedyp,Siktedyp fra MSI sensoren på Copernicus Sentinel 2 satellitt.,Sentinel 2 MSI siktedyp,Siktedyp fra MSI sensoren on Copernicus Sentinel 2 satellitt.,FALSE,Other,Could not determine specific analytical technique
S3-OLCI-SECCHI,Sentinel 3 OLCI siktedyp,Siktedyp fra OLCI sensoren på Copernicus Sentinel 3 satellitt.,Sentinel 3 OLCI siktedyp,Siktedyp fra OLCI sensoren on Copernicus Sentinel 3 satellitt.,FALSE,Other,Could not determine specific analytical technique
S2-MSI-TURB,Sentinel 2 MSI turbiditet,Turbiditet fra MSI sensoren på Copernicus Sentinel 2 satellitt.,Sentinel 2 MSI turbiditet,Turbiditet fra MSI sensoren on Copernicus Sentinel 2 satellitt.,FALSE,Other,Could not determine specific analytical technique
S3-OLCI-TURB,Sentinel 3 OLCI turbiditet,Turbiditet fra OLCI sensoren på Copernicus Sentinel 3 satellitt.,Sentinel 3 OLCI turbiditet,Turbiditet fra OLCI sensoren on Copernicus Sentinel 3 satellitt.,FALSE,Other,Could not determine specific analytical technique
PY-GC-MS_LT500,Mikroplast: Pyrolyse og GC-MS (< 500 µm),Mikroplast: Pyrolyse og gasskromatografi massespektrometri (py-GC-MS) av bildekkpartilker < 500 µm.,Mikroplast: Pyrolyse og GC-MS (< 500 µm),Mikroplast: Pyrolyse and gasskromatografi massespektrometri (py-GC-MS) of bildekkpartilker < 500 µm.,FALSE,GC-MS,
NS-EN ISO 14184-1:2011,Kolorimetri (ISO 14184-1),Bestemmelse av formaldehyd - Del 1: Fri og hydrolysert formaldehyd (vannekstraksjonsmetode) (ISO 14184-1:2011),Kolorimetri,Determination of formaldehyd - Part 1: Fri and hydrolysert formaldehyd (vannekstraksjonsmetode),FALSE,Spectrophotometry,
NS-EN ISO 8692:2012,Økotoksisitet: Hemming av algevekst (ISO 8692:2012),Prøving av hemming av algevekst i ferskvann med encellede grønnalger (ISO 8692:2012),Økotoksisitet: Hemming av algevekst,Prøving of hemming of algevekst in ferskvann with encellede grønnalger,FALSE,Other,Could not determine specific analytical technique
ISO 14669:1999,Økotoksisitet: Marine hoppekreps (Copepoda) (ISO 14669:1999)," Determination of acute lethal toxicity to marine copepods (Copepoda, Crustacea)",Økotoksisitet: Marine hoppekreps (Copepoda),"Determination of acute lethal toxicity to marine copepods (Copepoda, Crustacea)",FALSE,Other,Could not determine specific analytical technique
NS 4771,AAS flamme (NS 4771:1980; Tilbaketrukket),"Metaller i vann, slam og sedimenter — Bestemmelse ved atomabsorpsjonsspektrofotometri i flamme — Ekstraksjon. Tilbaketrukket.",AAS flamme,"metals in water, slam and sedimenter — Bestemmelse ved atomabsorpsjonsspektrofotometri in flamme — Ekstraksjon. Withdrawn.",TRUE,AAS,
BIOVOL_CALC,Metoder for beregning av biovolum,NS-EN 15204; NS-EN 15972:2011; Olenina et al. 2006. «Biovolumes and Size-Classes of Phytoplankton in the Baltic Sea.» Baltic Sea Environment Proceedings No. 106,Metoder for beregning av biovolum,NS-EN 15204; NS-EN 15972:2011; Olenina et al. 2006. «Biovolumes and Size-Classes of Phytoplankton in the Baltic Sea.» Baltic Sea Environment Proceedings No. 106,FALSE,Other,Could not determine specific analytical technique
IND_CALC,Metoder for beregning av celletall,NS-EN 15204; NS-EN 15972:2011,Metoder for beregning av celletall,NS-EN 15204; NS-EN 15972:2011,FALSE,Other,Could not determine specific analytical technique
