"SAMPLING_DATE","SITE_CODE","PARAMETER_NAME","CAMPAIGN_NAME_SHORT","REFERENCE_ID","ENVIRON_COMPARTMENT","ENVIRON_COMPARTMENT_SUB","PARAMETER_TYPE","MEASURED_TYPE","SUBSAMPLE","SAMPLE_ID","MEASURED_FLAG","MEASURED_VALUE","MEASURED_UNIT","MEASURED_N","UNCERTAINTY_TYPE","UNCERTAINTY_UPPER","UNCERTAINTY_LOWER","LOQ_VALUE","LOQ_UNIT","LOD_VALUE","LOD_UNIT","SAMPLING_PROTOCOL","EXTRACTION_PROTOCOL","FRACTIONATION_PROTOCOL","ANALYTICAL_PROTOCOL","MEASUREMENT_COMMENT"
"2025-05-08","Vannmiljø_055-28146","Copper","Vm_2025","VannmiljøCopper2025","Aquatic","Freshwater","Stressor","Concentration","1","Fake ID","",2.6,"µg/L",1,"Not reported",,,0.05,"µg/L",,"µg/L","1","2","3","4",
"2025-05-08","Vannmiljø_055-28146","Copper","Vm_2025","VannmiljøCopper2025","Aquatic","Freshwater","Stressor","Concentration","1","Fake ID","",2.6,"µg/L",1,"Not reported",,,0.05,"µg/L",,"µg/L","1","2","3","4",
"2025-09-18","Vannmiljø_011-28691","Copper","Vm_2025","VannmiljøCopper2025","Aquatic","Freshwater","Stressor","Concentration","1","Fake ID","",4.1,"µg/L",1,"Not reported",,,,"µg/L",,"µg/L","1","2","3","4",
"2025-06-23","Vannmiljø_012-28712","Copper","Vm_2025","VannmiljøCopper2025","Aquatic","Freshwater","Stressor","Concentration","1","Fake ID","",4,"µg/L",1,"Not reported",,,,"µg/L",,"µg/L","1","2","3","4",
"2025-09-18","Vannmiljø_012-28712","Copper","Vm_2025","VannmiljøCopper2025","Aquatic","Freshwater","Stressor","Concentration","1","Fake ID","",1.2,"µg/L",1,"Not reported",,,,"µg/L",,"µg/L","1","2","3","4",
"2025-08-13","Vannmiljø_012-28712","Copper","Vm_2025","VannmiljøCopper2025","Aquatic","Freshwater","Stressor","Concentration","1","Fake ID","",1.6,"µg/L",1,"Not reported",,,,"µg/L",,"µg/L","1","2","3","4",
"2025-10-30","Vannmiljø_012-29039","Copper","Vm_2025","VannmiljøCopper2025","Aquatic","Freshwater","Stressor","Concentration","1","Fake ID","",0.51,"µg/L",1,"Not reported",,,,"µg/L",,"µg/L","1","2","3","4",
"2025-09-11","Vannmiljø_139-29164","Copper","Vm_2025","VannmiljøCopper2025","Aquatic","Freshwater","Stressor","Concentration","1","Fake ID","",11,"µg/L",1,"Not reported",,,,"µg/L",,"µg/L","1","2","3","4",
"2025-05-09","Vannmiljø_056-29774","Copper","Vm_2025","VannmiljøCopper2025","Aquatic","Freshwater","Stressor","Concentration","1","Fake ID","",1.8,"µg/L",1,"Not reported",,,0.05,"µg/L",,"µg/L","1","2","3","4",
"2025-05-09","Vannmiljø_056-29774","Copper","Vm_2025","VannmiljøCopper2025","Aquatic","Freshwater","Stressor","Concentration","1","Fake ID","",2.6,"µg/L",1,"Not reported",,,0.05,"µg/L",,"µg/L","1","2","3","4",
"2025-05-09","Vannmiljø_056-29886","Copper","Vm_2025","VannmiljøCopper2025","Aquatic","Freshwater","Stressor","Concentration","1","Fake ID","",2.5,"µg/L",1,"Not reported",,,0.05,"µg/L",,"µg/L","1","2","3","4",
"2025-05-09","Vannmiljø_056-29886","Copper","Vm_2025","VannmiljøCopper2025","Aquatic","Freshwater","Stressor","Concentration","1","Fake ID","",0.71,"µg/L",1,"Not reported",,,0.05,"µg/L",,"µg/L","1","2","3","4",
"2025-05-09","Vannmiljø_061-30052","Copper","Vm_2025","VannmiljøCopper2025","Aquatic","Freshwater","Stressor","Concentration","1","Fake ID","",0.77,"µg/L",1,"Not reported",,,0.05,"µg/L",,"µg/L","1","2","3","4",
"2025-05-09","Vannmiljø_061-30052","Copper","Vm_2025","VannmiljøCopper2025","Aquatic","Freshwater","Stressor","Concentration","1","Fake ID","",0.84,"µg/L",1,"Not reported",,,0.05,"µg/L",,"µg/L","1","2","3","4",
"2025-09-11","Vannmiljø_139-30256","Copper","Vm_2025","VannmiljøCopper2025","Aquatic","Freshwater","Stressor","Concentration","1","Fake ID","< LOQ",1.6,"µg/L",1,"Not reported",,,,"µg/L",,"µg/L","1","2","3","4",
"2025-09-29","Vannmiljø_140-30303","Copper","Vm_2025","VannmiljøCopper2025","Aquatic","Freshwater","Stressor","Concentration","1","Fake ID","",2.3,"µg/L",1,"Not reported",,,,"µg/L",,"µg/L","1","2","3","4",
"2025-03-31","Vannmiljø_124-30416","Copper","Vm_2025","VannmiljøCopper2025","Aquatic","Freshwater","Stressor","Concentration","1","Fake ID","",1.3,"µg/L",1,"Not reported",,,,"µg/L",,"µg/L","1","2","3","4",
"2025-06-25","Vannmiljø_124-30416","Copper","Vm_2025","VannmiljøCopper2025","Aquatic","Freshwater","Stressor","Concentration","1","Fake ID","",1.3,"µg/L",1,"Not reported",,,,"µg/L",,"µg/L","1","2","3","4",
"2025-09-25","Vannmiljø_124-30416","Copper","Vm_2025","VannmiljøCopper2025","Aquatic","Freshwater","Stressor","Concentration","1","Fake ID","",1.9,"µg/L",1,"Not reported",,,,"µg/L",,"µg/L","1","2","3","4",
"2025-03-31","Vannmiljø_124-30425","Copper","Vm_2025","VannmiljøCopper2025","Aquatic","Freshwater","Stressor","Concentration","1","Fake ID","",1.4,"µg/L",1,"Not reported",,,,"µg/L",,"µg/L","1","2","3","4",
"2025-06-25","Vannmiljø_124-30425","Copper","Vm_2025","VannmiljøCopper2025","Aquatic","Freshwater","Stressor","Concentration","1","Fake ID","",1.6,"µg/L",1,"Not reported",,,,"µg/L",,"µg/L","1","2","3","4",
"2025-09-25","Vannmiljø_124-30425","Copper","Vm_2025","VannmiljøCopper2025","Aquatic","Freshwater","Stressor","Concentration","1","Fake ID","",2.2,"µg/L",1,"Not reported",,,,"µg/L",,"µg/L","1","2","3","4",
"2025-09-22","Vannmiljø_139-30523","Copper","Vm_2025","VannmiljøCopper2025","Aquatic","Freshwater","Stressor","Concentration","1","Fake ID","< LOQ",1.6,"µg/L",1,"Not reported",,,,"µg/L",,"µg/L","1","2","3","4",
"2025-09-11","Vannmiljø_139-30568","Copper","Vm_2025","VannmiljøCopper2025","Aquatic","Freshwater","Stressor","Concentration","1","Fake ID","< LOQ",1.6,"µg/L",1,"Not reported",,,,"µg/L",,"µg/L","1","2","3","4",
"2025-06-16","Vannmiljø_109-31502","Copper","Vm_2025","VannmiljøCopper2025","Aquatic","Freshwater","Stressor","Concentration","1","Fake ID","",0.73,"µg/L",1,"Not reported",,,,"µg/L",,"µg/L","1","2","3","4","Prøve ID: 2025-16585-4. Måleusikkerhet +/- 0,11."
"2025-06-16","Vannmiljø_109-31569","Copper","Vm_2025","VannmiljøCopper2025","Aquatic","Freshwater","Stressor","Concentration","1","Fake ID","",0.8,"µg/L",1,"Not reported",,,,"µg/L",,"µg/L","1","2","3","4","Prøve ID: 2025-16585-1. Måleusikkerhet +/- 0,12."
"2025-10-30","Vannmiljø_012-37954","Copper","Vm_2025","VannmiljøCopper2025","Aquatic","Freshwater","Stressor","Concentration","1","Fake ID","< LOQ",0.5,"µg/L",1,"Not reported",,,,"µg/L",,"µg/L","1","2","3","4",
"2025-03-03","Vannmiljø_123-38341","Copper","Vm_2025","VannmiljøCopper2025","Aquatic","Freshwater","Stressor","Concentration","1","Fake ID","",0.68,"µg/L",1,"Not reported",,,,"µg/L",,"µg/L","1","2","3","4",
"2025-03-03","Vannmiljø_123-38341","Copper","Vm_2025","VannmiljøCopper2025","Aquatic","Freshwater","Stressor","Concentration","1","Fake ID","",1.5,"µg/L",1,"Not reported",,,,"µg/L",,"µg/L","1","2","3","4",
"2025-06-10","Vannmiljø_123-38341","Copper","Vm_2025","VannmiljøCopper2025","Aquatic","Freshwater","Stressor","Concentration","1","Fake ID","",0.69,"µg/L",1,"Not reported",,,,"µg/L",,"µg/L","1","2","3","4",
"2025-06-10","Vannmiljø_123-38341","Copper","Vm_2025","VannmiljøCopper2025","Aquatic","Freshwater","Stressor","Concentration","1","Fake ID","",0.69,"µg/L",1,"Not reported",,,,"µg/L",,"µg/L","1","2","3","4",
"2025-09-10","Vannmiljø_123-38341","Copper","Vm_2025","VannmiljøCopper2025","Aquatic","Freshwater","Stressor","Concentration","1","Fake ID","",0.68,"µg/L",1,"Not reported",,,,"µg/L",,"µg/L","1","2","3","4",
"2025-09-10","Vannmiljø_123-38341","Copper","Vm_2025","VannmiljøCopper2025","Aquatic","Freshwater","Stressor","Concentration","1","Fake ID","",0.62,"µg/L",1,"Not reported",,,,"µg/L",,"µg/L","1","2","3","4",
"2025-05-09","Vannmiljø_056-43268","Copper","Vm_2025","VannmiljøCopper2025","Aquatic","Freshwater","Stressor","Concentration","1","Fake ID","",1.4,"µg/L",1,"Not reported",,,0.05,"µg/L",,"µg/L","1","2","3","4",
"2025-05-09","Vannmiljø_056-43268","Copper","Vm_2025","VannmiljøCopper2025","Aquatic","Freshwater","Stressor","Concentration","1","Fake ID","",2.5,"µg/L",1,"Not reported",,,0.05,"µg/L",,"µg/L","1","2","3","4",
"2025-05-09","Vannmiljø_056-43318","Copper","Vm_2025","VannmiljøCopper2025","Aquatic","Freshwater","Stressor","Concentration","1","Fake ID","",3.3,"µg/L",1,"Not reported",,,0.05,"µg/L",,"µg/L","1","2","3","4",
"2025-05-09","Vannmiljø_056-43318","Copper","Vm_2025","VannmiljøCopper2025","Aquatic","Freshwater","Stressor","Concentration","1","Fake ID","",2.7,"µg/L",1,"Not reported",,,0.05,"µg/L",,"µg/L","1","2","3","4",
"2025-09-23","Vannmiljø_307-44549","Copper","Vm_2025","VannmiljøCopper2025","Aquatic","Freshwater","Stressor","Concentration","1","Fake ID","< LOQ",1.6,"µg/L",1,"Not reported",,,,"µg/L",,"µg/L","1","2","3","4",
"2025-08-21","Vannmiljø_307-44549","Copper","Vm_2025","VannmiljøCopper2025","Aquatic","Freshwater","Stressor","Concentration","1","Fake ID","< LOQ",1.6,"µg/L",1,"Not reported",,,,"µg/L",,"µg/L","1","2","3","4",
"2025-09-23","Vannmiljø_307-44558","Copper","Vm_2025","VannmiljøCopper2025","Aquatic","Freshwater","Stressor","Concentration","1","Fake ID","< LOQ",1.6,"µg/L",1,"Not reported",,,,"µg/L",,"µg/L","1","2","3","4",
"2025-09-23","Vannmiljø_139-44646","Copper","Vm_2025","VannmiljøCopper2025","Aquatic","Freshwater","Stressor","Concentration","1","Fake ID","< LOQ",1.6,"µg/L",1,"Not reported",,,,"µg/L",,"µg/L","1","2","3","4",
"2025-02-11","Vannmiljø_024-46016","Copper","Vm_2025","VannmiljøCopper2025","Aquatic","Freshwater","Stressor","Concentration","1","Fake ID","",0.25,"µg/L",1,"Not reported",,,,"µg/L",,"µg/L","1","2","3","4",
"2025-05-08","Vannmiljø_024-46016","Copper","Vm_2025","VannmiljøCopper2025","Aquatic","Freshwater","Stressor","Concentration","1","Fake ID","",0.19,"µg/L",1,"Not reported",,,,"µg/L",,"µg/L","1","2","3","4",
"2025-03-18","Vannmiljø_020-46659","Copper","Vm_2025","VannmiljøCopper2025","Aquatic","Freshwater","Stressor","Concentration","1","Fake ID","",1.47,"µg/L",1,"Not reported",,,1,"µg/L",,"µg/L","1","2","3","4","ICP-SFMS Metals in waste water no digestion"
"2025-04-14","Vannmiljø_020-46659","Copper","Vm_2025","VannmiljøCopper2025","Aquatic","Freshwater","Stressor","Concentration","1","Fake ID","",1.59,"µg/L",1,"Not reported",,,1,"µg/L",,"µg/L","1","2","3","4","ICP-SFMS Metals in waste water no digestion"
"2025-02-26","Vannmiljø_128-46715","Copper","Vm_2025","VannmiljøCopper2025","Aquatic","Freshwater","Stressor","Concentration","1","Fake ID","",1.2,"µg/L",1,"Not reported",,,,"µg/L",,"µg/L","1","2","3","4",
"2025-02-26","Vannmiljø_128-46715","Copper","Vm_2025","VannmiljøCopper2025","Aquatic","Freshwater","Stressor","Concentration","1","Fake ID","",1.5,"µg/L",1,"Not reported",,,,"µg/L",,"µg/L","1","2","3","4",
"2025-04-29","Vannmiljø_128-46715","Copper","Vm_2025","VannmiljøCopper2025","Aquatic","Freshwater","Stressor","Concentration","1","Fake ID","",1,"µg/L",1,"Not reported",,,,"µg/L",,"µg/L","1","2","3","4",
"2025-04-29","Vannmiljø_128-46715","Copper","Vm_2025","VannmiljøCopper2025","Aquatic","Freshwater","Stressor","Concentration","1","Fake ID","",1.2,"µg/L",1,"Not reported",,,,"µg/L",,"µg/L","1","2","3","4",
"2025-05-06","Vannmiljø_029-50876","Copper","Vm_2025","VannmiljøCopper2025","Aquatic","Freshwater","Stressor","Concentration","1","Fake ID","",1.2,"µg/L",1,"Not reported",,,0.05,"µg/L",,"µg/L","1","2","3","4",
"2025-05-06","Vannmiljø_029-50876","Copper","Vm_2025","VannmiljøCopper2025","Aquatic","Freshwater","Stressor","Concentration","1","Fake ID","",1.4,"µg/L",1,"Not reported",,,0.05,"µg/L",,"µg/L","1","2","3","4",
"2025-06-10","Vannmiljø_246-53326","Copper","Vm_2025","VannmiljøCopper2025","Aquatic","Freshwater","Stressor","Concentration","1","Fake ID","",2.2,"µg/L",1,"Not reported",,,,"µg/L",,"µg/L","1","2","3","4",
"2025-06-10","Vannmiljø_246-53326","Copper","Vm_2025","VannmiljøCopper2025","Aquatic","Freshwater","Stressor","Concentration","1","Fake ID","",2.4,"µg/L",1,"Not reported",,,,"µg/L",,"µg/L","1","2","3","4",
"2025-07-29","Vannmiljø_246-53326","Copper","Vm_2025","VannmiljøCopper2025","Aquatic","Freshwater","Stressor","Concentration","1","Fake ID","",2.1,"µg/L",1,"Not reported",,,,"µg/L",,"µg/L","1","2","3","4",
"2025-07-29","Vannmiljø_246-53326","Copper","Vm_2025","VannmiljøCopper2025","Aquatic","Freshwater","Stressor","Concentration","1","Fake ID","",2.1,"µg/L",1,"Not reported",,,,"µg/L",,"µg/L","1","2","3","4",
"2025-09-17","Vannmiljø_246-53326","Copper","Vm_2025","VannmiljøCopper2025","Aquatic","Freshwater","Stressor","Concentration","1","Fake ID","",2.2,"µg/L",1,"Not reported",,,,"µg/L",,"µg/L","1","2","3","4",
"2025-09-17","Vannmiljø_246-53326","Copper","Vm_2025","VannmiljøCopper2025","Aquatic","Freshwater","Stressor","Concentration","1","Fake ID","",2.5,"µg/L",1,"Not reported",,,,"µg/L",,"µg/L","1","2","3","4",
"2025-07-28","Vannmiljø_246-53328","Copper","Vm_2025","VannmiljøCopper2025","Aquatic","Freshwater","Stressor","Concentration","1","Fake ID","",0.74,"µg/L",1,"Not reported",,,,"µg/L",,"µg/L","1","2","3","4",
"2025-07-28","Vannmiljø_246-53328","Copper","Vm_2025","VannmiljøCopper2025","Aquatic","Freshwater","Stressor","Concentration","1","Fake ID","",1.1,"µg/L",1,"Not reported",,,,"µg/L",,"µg/L","1","2","3","4",
"2025-06-03","Vannmiljø_246-53328","Copper","Vm_2025","VannmiljøCopper2025","Aquatic","Freshwater","Stressor","Concentration","1","Fake ID","",0.94,"µg/L",1,"Not reported",,,,"µg/L",,"µg/L","1","2","3","4",
"2025-06-03","Vannmiljø_246-53328","Copper","Vm_2025","VannmiljøCopper2025","Aquatic","Freshwater","Stressor","Concentration","1","Fake ID","",1.3,"µg/L",1,"Not reported",,,,"µg/L",,"µg/L","1","2","3","4",
"2025-09-17","Vannmiljø_246-53328","Copper","Vm_2025","VannmiljøCopper2025","Aquatic","Freshwater","Stressor","Concentration","1","Fake ID","",0.64,"µg/L",1,"Not reported",,,,"µg/L",,"µg/L","1","2","3","4",
"2025-09-17","Vannmiljø_246-53328","Copper","Vm_2025","VannmiljøCopper2025","Aquatic","Freshwater","Stressor","Concentration","1","Fake ID","",0.86,"µg/L",1,"Not reported",,,,"µg/L",,"µg/L","1","2","3","4",
"2025-09-22","Vannmiljø_139-53331","Copper","Vm_2025","VannmiljøCopper2025","Aquatic","Freshwater","Stressor","Concentration","1","Fake ID","",8.9,"µg/L",1,"Not reported",,,,"µg/L",,"µg/L","1","2","3","4",
"2025-08-26","Vannmiljø_143-54355","Copper","Vm_2025","VannmiljøCopper2025","Aquatic","Freshwater","Stressor","Concentration","1","Fake ID","",2.5,"µg/L",1,"Not reported",,,,"µg/L",,"µg/L","1","2","3","4",
"2025-07-08","Vannmiljø_143-54355","Copper","Vm_2025","VannmiljøCopper2025","Aquatic","Freshwater","Stressor","Concentration","1","Fake ID","",2.2,"µg/L",1,"Not reported",,,,"µg/L",,"µg/L","1","2","3","4",
"2025-01-16","Vannmiljø_057-55398","Copper","Vm_2025","VannmiljøCopper2025","Aquatic","Freshwater","Stressor","Concentration","1","Fake ID","",0.9,"µg/L",1,"Not reported",,,,"µg/L",,"µg/L","1","2","3","4",
"2025-02-20","Vannmiljø_057-55398","Copper","Vm_2025","VannmiljøCopper2025","Aquatic","Freshwater","Stressor","Concentration","1","Fake ID","",0.92,"µg/L",1,"Not reported",,,,"µg/L",,"µg/L","1","2","3","4",
"2025-01-16","Vannmiljø_057-55469","Copper","Vm_2025","VannmiljøCopper2025","Aquatic","Freshwater","Stressor","Concentration","1","Fake ID","",0.24,"µg/L",1,"Not reported",,,,"µg/L",,"µg/L","1","2","3","4",
"2025-02-20","Vannmiljø_057-55469","Copper","Vm_2025","VannmiljøCopper2025","Aquatic","Freshwater","Stressor","Concentration","1","Fake ID","",0.33,"µg/L",1,"Not reported",,,,"µg/L",,"µg/L","1","2","3","4",
"2025-01-16","Vannmiljø_057-55487","Copper","Vm_2025","VannmiljøCopper2025","Aquatic","Freshwater","Stressor","Concentration","1","Fake ID","",0.38,"µg/L",1,"Not reported",,,,"µg/L",,"µg/L","1","2","3","4",
"2025-02-20","Vannmiljø_057-55487","Copper","Vm_2025","VannmiljøCopper2025","Aquatic","Freshwater","Stressor","Concentration","1","Fake ID","",0.45,"µg/L",1,"Not reported",,,,"µg/L",,"µg/L","1","2","3","4",
"2025-02-07","Vannmiljø_139-55740","Copper","Vm_2025","VannmiljøCopper2025","Aquatic","Freshwater","Stressor","Concentration","1","Fake ID","",2.7,"µg/L",1,"Not reported",,,,"µg/L",,"µg/L","1","2","3","4",
"2025-09-11","Vannmiljø_139-55740","Copper","Vm_2025","VannmiljøCopper2025","Aquatic","Freshwater","Stressor","Concentration","1","Fake ID","",2.3,"µg/L",1,"Not reported",,,,"µg/L",,"µg/L","1","2","3","4",
"2025-05-07","Vannmiljø_039-56356","Copper","Vm_2025","VannmiljøCopper2025","Aquatic","Freshwater","Stressor","Concentration","1","Fake ID","",0.78,"µg/L",1,"Not reported",,,0.05,"µg/L",,"µg/L","1","2","3","4",
"2025-05-07","Vannmiljø_039-56356","Copper","Vm_2025","VannmiljøCopper2025","Aquatic","Freshwater","Stressor","Concentration","1","Fake ID","",0.99,"µg/L",1,"Not reported",,,0.05,"µg/L",,"µg/L","1","2","3","4",
"2025-05-09","Vannmiljø_056-56371","Copper","Vm_2025","VannmiljøCopper2025","Aquatic","Freshwater","Stressor","Concentration","1","Fake ID","",2,"µg/L",1,"Not reported",,,0.05,"µg/L",,"µg/L","1","2","3","4",
"2025-05-09","Vannmiljø_056-56371","Copper","Vm_2025","VannmiljøCopper2025","Aquatic","Freshwater","Stressor","Concentration","1","Fake ID","",2.7,"µg/L",1,"Not reported",,,0.05,"µg/L",,"µg/L","1","2","3","4",
"2025-05-08","Vannmiljø_041-56372","Copper","Vm_2025","VannmiljøCopper2025","Aquatic","Freshwater","Stressor","Concentration","1","Fake ID","",0.76,"µg/L",1,"Not reported",,,0.05,"µg/L",,"µg/L","1","2","3","4",
"2025-05-08","Vannmiljø_041-56372","Copper","Vm_2025","VannmiljøCopper2025","Aquatic","Freshwater","Stressor","Concentration","1","Fake ID","",0.5,"µg/L",1,"Not reported",,,0.05,"µg/L",,"µg/L","1","2","3","4",
"2025-05-10","Vannmiljø_064-56374","Copper","Vm_2025","VannmiljøCopper2025","Aquatic","Freshwater","Stressor","Concentration","1","Fake ID","",0.31,"µg/L",1,"Not reported",,,0.05,"µg/L",,"µg/L","1","2","3","4",
"2025-05-10","Vannmiljø_064-56374","Copper","Vm_2025","VannmiljøCopper2025","Aquatic","Freshwater","Stressor","Concentration","1","Fake ID","",0.7,"µg/L",1,"Not reported",,,0.05,"µg/L",,"µg/L","1","2","3","4",
"2025-01-16","Vannmiljø_057-56375","Copper","Vm_2025","VannmiljøCopper2025","Aquatic","Freshwater","Stressor","Concentration","1","Fake ID","",1.4,"µg/L",1,"Not reported",,,,"µg/L",,"µg/L","1","2","3","4",
"2025-02-20","Vannmiljø_057-56375","Copper","Vm_2025","VannmiljøCopper2025","Aquatic","Freshwater","Stressor","Concentration","1","Fake ID","",1.2,"µg/L",1,"Not reported",,,,"µg/L",,"µg/L","1","2","3","4",
"2025-05-07","Vannmiljø_039-56392","Copper","Vm_2025","VannmiljøCopper2025","Aquatic","Freshwater","Stressor","Concentration","1","Fake ID","",0.62,"µg/L",1,"Not reported",,,0.05,"µg/L",,"µg/L","1","2","3","4",
"2025-05-07","Vannmiljø_039-56392","Copper","Vm_2025","VannmiljøCopper2025","Aquatic","Freshwater","Stressor","Concentration","1","Fake ID","",1.3,"µg/L",1,"Not reported",,,0.05,"µg/L",,"µg/L","1","2","3","4",
"2025-05-10","Vannmiljø_069-56393","Copper","Vm_2025","VannmiljøCopper2025","Aquatic","Freshwater","Stressor","Concentration","1","Fake ID","",0.3,"µg/L",1,"Not reported",,,0.05,"µg/L",,"µg/L","1","2","3","4",
"2025-05-10","Vannmiljø_069-56393","Copper","Vm_2025","VannmiljøCopper2025","Aquatic","Freshwater","Stressor","Concentration","1","Fake ID","",0.58,"µg/L",1,"Not reported",,,0.05,"µg/L",,"µg/L","1","2","3","4",
"2025-04-23","Vannmiljø_123-56397","Copper","Vm_2025","VannmiljøCopper2025","Aquatic","Freshwater","Stressor","Concentration","1","Fake ID","",0.53,"µg/L",1,"Not reported",,,,"µg/L",,"µg/L","1","2","3","4",
"2025-04-23","Vannmiljø_123-56397","Copper","Vm_2025","VannmiljøCopper2025","Aquatic","Freshwater","Stressor","Concentration","1","Fake ID","",0.62,"µg/L",1,"Not reported",,,,"µg/L",,"µg/L","1","2","3","4",
"2025-06-12","Vannmiljø_123-56397","Copper","Vm_2025","VannmiljøCopper2025","Aquatic","Freshwater","Stressor","Concentration","1","Fake ID","",0.47,"µg/L",1,"Not reported",,,,"µg/L",,"µg/L","1","2","3","4",
"2025-06-12","Vannmiljø_123-56397","Copper","Vm_2025","VannmiljøCopper2025","Aquatic","Freshwater","Stressor","Concentration","1","Fake ID","< LOQ",0.5,"µg/L",1,"Not reported",,,,"µg/L",,"µg/L","1","2","3","4",
"2025-05-09","Vannmiljø_056-56454","Copper","Vm_2025","VannmiljøCopper2025","Aquatic","Freshwater","Stressor","Concentration","1","Fake ID","",2,"µg/L",1,"Not reported",,,0.05,"µg/L",,"µg/L","1","2","3","4",
"2025-05-09","Vannmiljø_056-56454","Copper","Vm_2025","VannmiljøCopper2025","Aquatic","Freshwater","Stressor","Concentration","1","Fake ID","",2.3,"µg/L",1,"Not reported",,,0.05,"µg/L",,"µg/L","1","2","3","4",
"2025-02-13","Vannmiljø_056-57035","Copper","Vm_2025","VannmiljøCopper2025","Aquatic","Freshwater","Stressor","Concentration","1","Fake ID","",2.3,"µg/L",1,"Not reported",,,,"µg/L",,"µg/L","1","2","3","4",
"2025-02-13","Vannmiljø_056-57036","Copper","Vm_2025","VannmiljøCopper2025","Aquatic","Freshwater","Stressor","Concentration","1","Fake ID","",2.8,"µg/L",1,"Not reported",,,,"µg/L",,"µg/L","1","2","3","4",
"2025-02-13","Vannmiljø_056-57039","Copper","Vm_2025","VannmiljøCopper2025","Aquatic","Freshwater","Stressor","Concentration","1","Fake ID","",1.5,"µg/L",1,"Not reported",,,,"µg/L",,"µg/L","1","2","3","4",
"2025-02-13","Vannmiljø_056-57041","Copper","Vm_2025","VannmiljøCopper2025","Aquatic","Freshwater","Stressor","Concentration","1","Fake ID","",3.2,"µg/L",1,"Not reported",,,,"µg/L",,"µg/L","1","2","3","4",
"2025-10-27","Vannmiljø_006-58048","Copper","Vm_2025","VannmiljøCopper2025","Aquatic","Freshwater","Stressor","Concentration","1","Fake ID","",5.05,"µg/L",1,"Not reported",,,1,"µg/L",,"µg/L","1","2","3","4","ICP-SFMS Avløpsvann etter oppslutning"
"2025-02-11","Vannmiljø_024-59558","Copper","Vm_2025","VannmiljøCopper2025","Aquatic","Freshwater","Stressor","Concentration","1","Fake ID","",0.24,"µg/L",1,"Not reported",,,,"µg/L",,"µg/L","1","2","3","4",
"2025-05-08","Vannmiljø_024-59558","Copper","Vm_2025","VannmiljøCopper2025","Aquatic","Freshwater","Stressor","Concentration","1","Fake ID","",0.19,"µg/L",1,"Not reported",,,,"µg/L",,"µg/L","1","2","3","4",
"2025-09-23","Vannmiljø_139-61064","Copper","Vm_2025","VannmiljøCopper2025","Aquatic","Freshwater","Stressor","Concentration","1","Fake ID","",4.9,"µg/L",1,"Not reported",,,,"µg/L",,"µg/L","1","2","3","4",
"2025-08-21","Vannmiljø_139-61064","Copper","Vm_2025","VannmiljøCopper2025","Aquatic","Freshwater","Stressor","Concentration","1","Fake ID","",3.6,"µg/L",1,"Not reported",,,,"µg/L",,"µg/L","1","2","3","4",
"2025-01-16","Vannmiljø_057-61701","Copper","Vm_2025","VannmiljøCopper2025","Aquatic","Freshwater","Stressor","Concentration","1","Fake ID","",1.3,"µg/L",1,"Not reported",,,,"µg/L",,"µg/L","1","2","3","4",
"2025-02-20","Vannmiljø_057-61701","Copper","Vm_2025","VannmiljøCopper2025","Aquatic","Freshwater","Stressor","Concentration","1","Fake ID","",1.2,"µg/L",1,"Not reported",,,,"µg/L",,"µg/L","1","2","3","4",
"2025-09-22","Vannmiljø_139-63457","Copper","Vm_2025","VannmiljøCopper2025","Aquatic","Freshwater","Stressor","Concentration","1","Fake ID","< LOQ",1.6,"µg/L",1,"Not reported",,,,"µg/L",,"µg/L","1","2","3","4",
"2025-05-08","Vannmiljø_055-63640","Copper","Vm_2025","VannmiljøCopper2025","Aquatic","Freshwater","Stressor","Concentration","1","Fake ID","",2.3,"µg/L",1,"Not reported",,,0.05,"µg/L",,"µg/L","1","2","3","4",
"2025-05-08","Vannmiljø_055-63640","Copper","Vm_2025","VannmiljøCopper2025","Aquatic","Freshwater","Stressor","Concentration","1","Fake ID","",1.5,"µg/L",1,"Not reported",,,0.05,"µg/L",,"µg/L","1","2","3","4",
"2025-05-07","Vannmiljø_039-63652","Copper","Vm_2025","VannmiljøCopper2025","Aquatic","Freshwater","Stressor","Concentration","1","Fake ID","",1.9,"µg/L",1,"Not reported",,,0.05,"µg/L",,"µg/L","1","2","3","4",
"2025-05-07","Vannmiljø_039-63652","Copper","Vm_2025","VannmiljøCopper2025","Aquatic","Freshwater","Stressor","Concentration","1","Fake ID","",1.9,"µg/L",1,"Not reported",,,0.05,"µg/L",,"µg/L","1","2","3","4",
"2025-06-23","Vannmiljø_002-79526","Copper","Vm_2025","VannmiljøCopper2025","Aquatic","Freshwater","Stressor","Concentration","1","Fake ID","",1.02,"µg/L",1,"Not reported",,,1,"µg/L",,"µg/L","1","2","3","4","ICP-SFMS Metals in waste water no digestion"
"2025-05-27","Vannmiljø_002-79526","Copper","Vm_2025","VannmiljøCopper2025","Aquatic","Freshwater","Stressor","Concentration","1","Fake ID","",1.81,"µg/L",1,"Not reported",,,1,"µg/L",,"µg/L","1","2","3","4","ICP-SFMS Avløpsvann etter oppslutning"
"2025-02-17","Vannmiljø_018-80321","Copper","Vm_2025","VannmiljøCopper2025","Aquatic","Freshwater","Stressor","Concentration","1","Fake ID","",0.91,"µg/L",1,"Not reported",,,0.05,"µg/L",,"µg/L","1","2","3","4","Metode: SS-EN ISO 17294-2:2023"
"2025-02-17","Vannmiljø_018-80321","Copper","Vm_2025","VannmiljøCopper2025","Aquatic","Freshwater","Stressor","Concentration","1","Fake ID","",0.89,"µg/L",1,"Not reported",,,0.5,"µg/L",,"µg/L","1","2","3","4","Oppsluttet - Metode: SS-EN ISO 15587-2:2002/SS-EN ISO 17294-2:2023"
"2025-06-19","Vannmiljø_018-80321","Copper","Vm_2025","VannmiljøCopper2025","Aquatic","Freshwater","Stressor","Concentration","1","Fake ID","",0.84,"µg/L",1,"Not reported",,,0.05,"µg/L",,"µg/L","1","2","3","4","Metode: SS-EN ISO 17294-2:2023"
"2025-10-16","Vannmiljø_018-80321","Copper","Vm_2025","VannmiljøCopper2025","Aquatic","Freshwater","Stressor","Concentration","1","Fake ID","",1.2,"µg/L",1,"Not reported",,,0.05,"µg/L",,"µg/L","1","2","3","4","Metode: SS-EN ISO 17294-2:2023"
"2025-10-16","Vannmiljø_018-80321","Copper","Vm_2025","VannmiljøCopper2025","Aquatic","Freshwater","Stressor","Concentration","1","Fake ID","",1.5,"µg/L",1,"Not reported",,,0.5,"µg/L",,"µg/L","1","2","3","4","Oppsluttet - Metode: SS-EN ISO 15587-2:2002/SS-EN ISO 17294-2:2023"
"2025-02-17","Vannmiljø_018-80326","Copper","Vm_2025","VannmiljøCopper2025","Aquatic","Freshwater","Stressor","Concentration","1","Fake ID","",1.1,"µg/L",1,"Not reported",,,0.05,"µg/L",,"µg/L","1","2","3","4","Metode: SS-EN ISO 17294-2:2023"
"2025-02-17","Vannmiljø_018-80326","Copper","Vm_2025","VannmiljøCopper2025","Aquatic","Freshwater","Stressor","Concentration","1","Fake ID","",1.2,"µg/L",1,"Not reported",,,0.5,"µg/L",,"µg/L","1","2","3","4","Oppsluttet - Metode: SS-EN ISO 15587-2:2002/SS-EN ISO 17294-2:2023"
"2025-06-19","Vannmiljø_018-80326","Copper","Vm_2025","VannmiljøCopper2025","Aquatic","Freshwater","Stressor","Concentration","1","Fake ID","",0.68,"µg/L",1,"Not reported",,,0.05,"µg/L",,"µg/L","1","2","3","4","Metode: SS-EN ISO 17294-2:2023"
"2025-10-16","Vannmiljø_018-80326","Copper","Vm_2025","VannmiljøCopper2025","Aquatic","Freshwater","Stressor","Concentration","1","Fake ID","",1.1,"µg/L",1,"Not reported",,,0.05,"µg/L",,"µg/L","1","2","3","4","Metode: SS-EN ISO 17294-2:2023"
"2025-10-16","Vannmiljø_018-80326","Copper","Vm_2025","VannmiljøCopper2025","Aquatic","Freshwater","Stressor","Concentration","1","Fake ID","",1.1,"µg/L",1,"Not reported",,,0.5,"µg/L",,"µg/L","1","2","3","4","Oppsluttet - Metode: SS-EN ISO 15587-2:2002/SS-EN ISO 17294-2:2023"
"2025-06-19","Vannmiljø_018-80326","Copper","Vm_2025","VannmiljøCopper2025","Aquatic","Freshwater","Stressor","Concentration","1","Fake ID","",0.99,"µg/L",1,"Not reported",,,0.5,"µg/L",,"µg/L","1","2","3","4","Oppsluttet - Metode: SS-EN ISO 15587-2:2002/SS-EN ISO 17294-2:2023"
"2025-02-17","Vannmiljø_018-80330","Copper","Vm_2025","VannmiljøCopper2025","Aquatic","Freshwater","Stressor","Concentration","1","Fake ID","",0.62,"µg/L",1,"Not reported",,,0.05,"µg/L",,"µg/L","1","2","3","4","Metode: SS-EN ISO 17294-2:2023"
"2025-02-17","Vannmiljø_018-80330","Copper","Vm_2025","VannmiljøCopper2025","Aquatic","Freshwater","Stressor","Concentration","1","Fake ID","",0.74,"µg/L",1,"Not reported",,,0.5,"µg/L",,"µg/L","1","2","3","4","Oppsluttet - Metode: SS-EN ISO 15587-2:2002/SS-EN ISO 17294-2:2023"
"2025-06-19","Vannmiljø_018-80330","Copper","Vm_2025","VannmiljøCopper2025","Aquatic","Freshwater","Stressor","Concentration","1","Fake ID","",0.87,"µg/L",1,"Not reported",,,0.05,"µg/L",,"µg/L","1","2","3","4","Metode: SS-EN ISO 17294-2:2023"
"2025-10-16","Vannmiljø_018-80330","Copper","Vm_2025","VannmiljøCopper2025","Aquatic","Freshwater","Stressor","Concentration","1","Fake ID","",0.85,"µg/L",1,"Not reported",,,0.05,"µg/L",,"µg/L","1","2","3","4","Metode: SS-EN ISO 17294-2:2023"
"2025-10-16","Vannmiljø_018-80330","Copper","Vm_2025","VannmiljøCopper2025","Aquatic","Freshwater","Stressor","Concentration","1","Fake ID","",0.87,"µg/L",1,"Not reported",,,0.5,"µg/L",,"µg/L","1","2","3","4","Oppsluttet - Metode: SS-EN ISO 15587-2:2002/SS-EN ISO 17294-2:2023"
"2025-06-19","Vannmiljø_018-80330","Copper","Vm_2025","VannmiljøCopper2025","Aquatic","Freshwater","Stressor","Concentration","1","Fake ID","",0.87,"µg/L",1,"Not reported",,,0.5,"µg/L",,"µg/L","1","2","3","4","Oppsluttet - Metode: SS-EN ISO 15587-2:2002/SS-EN ISO 17294-2:2023"
"2025-02-17","Vannmiljø_019-80331","Copper","Vm_2025","VannmiljøCopper2025","Aquatic","Freshwater","Stressor","Concentration","1","Fake ID","",1.5,"µg/L",1,"Not reported",,,0.05,"µg/L",,"µg/L","1","2","3","4","Metode: SS-EN ISO 17294-2:2023"
"2025-02-17","Vannmiljø_019-80331","Copper","Vm_2025","VannmiljøCopper2025","Aquatic","Freshwater","Stressor","Concentration","1","Fake ID","",1.7,"µg/L",1,"Not reported",,,0.5,"µg/L",,"µg/L","1","2","3","4","Oppsluttet - Metode: SS-EN ISO 15587-2:2002/SS-EN ISO 17294-2:2023"
"2025-10-16","Vannmiljø_019-80331","Copper","Vm_2025","VannmiljøCopper2025","Aquatic","Freshwater","Stressor","Concentration","1","Fake ID","",1.2,"µg/L",1,"Not reported",,,0.05,"µg/L",,"µg/L","1","2","3","4","Metode: SS-EN ISO 17294-2:2023"
"2025-10-16","Vannmiljø_019-80331","Copper","Vm_2025","VannmiljøCopper2025","Aquatic","Freshwater","Stressor","Concentration","1","Fake ID","",1.3,"µg/L",1,"Not reported",,,0.5,"µg/L",,"µg/L","1","2","3","4","Oppsluttet - Metode: SS-EN ISO 15587-2:2002/SS-EN ISO 17294-2:2023"
"2025-06-19","Vannmiljø_019-80331","Copper","Vm_2025","VannmiljøCopper2025","Aquatic","Freshwater","Stressor","Concentration","1","Fake ID","",1.6,"µg/L",1,"Not reported",,,0.05,"µg/L",,"µg/L","1","2","3","4","Metode: SS-EN ISO 17294-2:2023"
"2025-06-19","Vannmiljø_019-80331","Copper","Vm_2025","VannmiljøCopper2025","Aquatic","Freshwater","Stressor","Concentration","1","Fake ID","",1.9,"µg/L",1,"Not reported",,,0.5,"µg/L",,"µg/L","1","2","3","4","Oppsluttet - Metode: SS-EN ISO 15587-2:2002/SS-EN ISO 17294-2:2023"
"2025-02-17","Vannmiljø_018-80526","Copper","Vm_2025","VannmiljøCopper2025","Aquatic","Freshwater","Stressor","Concentration","1","Fake ID","",0.53,"µg/L",1,"Not reported",,,0.05,"µg/L",,"µg/L","1","2","3","4","Metode: SS-EN ISO 17294-2:2023"
"2025-02-17","Vannmiljø_018-80526","Copper","Vm_2025","VannmiljøCopper2025","Aquatic","Freshwater","Stressor","Concentration","1","Fake ID","",0.6,"µg/L",1,"Not reported",,,0.5,"µg/L",,"µg/L","1","2","3","4","Oppsluttet - Metode: SS-EN ISO 15587-2:2002/SS-EN ISO 17294-2:2023"
"2025-06-19","Vannmiljø_018-80526","Copper","Vm_2025","VannmiljøCopper2025","Aquatic","Freshwater","Stressor","Concentration","1","Fake ID","",0.5,"µg/L",1,"Not reported",,,0.05,"µg/L",,"µg/L","1","2","3","4","Metode: SS-EN ISO 17294-2:2023"
"2025-10-16","Vannmiljø_018-80526","Copper","Vm_2025","VannmiljøCopper2025","Aquatic","Freshwater","Stressor","Concentration","1","Fake ID","",0.56,"µg/L",1,"Not reported",,,0.05,"µg/L",,"µg/L","1","2","3","4","Metode: SS-EN ISO 17294-2:2023"
"2025-10-16","Vannmiljø_018-80526","Copper","Vm_2025","VannmiljøCopper2025","Aquatic","Freshwater","Stressor","Concentration","1","Fake ID","",0.64,"µg/L",1,"Not reported",,,0.5,"µg/L",,"µg/L","1","2","3","4","Oppsluttet - Metode: SS-EN ISO 15587-2:2002/SS-EN ISO 17294-2:2023"
"2025-02-17","Vannmiljø_018-80529","Copper","Vm_2025","VannmiljøCopper2025","Aquatic","Freshwater","Stressor","Concentration","1","Fake ID","",1.2,"µg/L",1,"Not reported",,,0.05,"µg/L",,"µg/L","1","2","3","4","Metode: SS-EN ISO 17294-2:2023"
"2025-02-17","Vannmiljø_018-80529","Copper","Vm_2025","VannmiljøCopper2025","Aquatic","Freshwater","Stressor","Concentration","1","Fake ID","",1.2,"µg/L",1,"Not reported",,,0.5,"µg/L",,"µg/L","1","2","3","4","Oppsluttet - Metode: SS-EN ISO 15587-2:2002/SS-EN ISO 17294-2:2023"
"2025-06-19","Vannmiljø_018-80529","Copper","Vm_2025","VannmiljøCopper2025","Aquatic","Freshwater","Stressor","Concentration","1","Fake ID","",1.3,"µg/L",1,"Not reported",,,0.05,"µg/L",,"µg/L","1","2","3","4","Metode: SS-EN ISO 17294-2:2023"
"2025-10-16","Vannmiljø_018-80529","Copper","Vm_2025","VannmiljøCopper2025","Aquatic","Freshwater","Stressor","Concentration","1","Fake ID","",1.4,"µg/L",1,"Not reported",,,0.05,"µg/L",,"µg/L","1","2","3","4","Metode: SS-EN ISO 17294-2:2023"
"2025-10-16","Vannmiljø_018-80529","Copper","Vm_2025","VannmiljøCopper2025","Aquatic","Freshwater","Stressor","Concentration","1","Fake ID","",1.7,"µg/L",1,"Not reported",,,0.5,"µg/L",,"µg/L","1","2","3","4","Oppsluttet - Metode: SS-EN ISO 15587-2:2002/SS-EN ISO 17294-2:2023"
"2025-02-17","Vannmiljø_018-80530","Copper","Vm_2025","VannmiljøCopper2025","Aquatic","Freshwater","Stressor","Concentration","1","Fake ID","",1.1,"µg/L",1,"Not reported",,,0.05,"µg/L",,"µg/L","1","2","3","4","Metode: SS-EN ISO 17294-2:2023"
"2025-02-17","Vannmiljø_018-80530","Copper","Vm_2025","VannmiljøCopper2025","Aquatic","Freshwater","Stressor","Concentration","1","Fake ID","",1.3,"µg/L",1,"Not reported",,,0.5,"µg/L",,"µg/L","1","2","3","4","Oppsluttet - Metode: SS-EN ISO 15587-2:2002/SS-EN ISO 17294-2:2023"
"2025-06-19","Vannmiljø_018-80530","Copper","Vm_2025","VannmiljøCopper2025","Aquatic","Freshwater","Stressor","Concentration","1","Fake ID","",1.8,"µg/L",1,"Not reported",,,0.05,"µg/L",,"µg/L","1","2","3","4","Metode: SS-EN ISO 17294-2:2023"
"2025-10-16","Vannmiljø_018-80530","Copper","Vm_2025","VannmiljøCopper2025","Aquatic","Freshwater","Stressor","Concentration","1","Fake ID","",1.4,"µg/L",1,"Not reported",,,0.05,"µg/L",,"µg/L","1","2","3","4","Metode: SS-EN ISO 17294-2:2023"
"2025-10-16","Vannmiljø_018-80530","Copper","Vm_2025","VannmiljøCopper2025","Aquatic","Freshwater","Stressor","Concentration","1","Fake ID","",1.8,"µg/L",1,"Not reported",,,0.5,"µg/L",,"µg/L","1","2","3","4","Oppsluttet - Metode: SS-EN ISO 15587-2:2002/SS-EN ISO 17294-2:2023"
"2025-02-17","Vannmiljø_018-80536","Copper","Vm_2025","VannmiljøCopper2025","Aquatic","Freshwater","Stressor","Concentration","1","Fake ID","",1.9,"µg/L",1,"Not reported",,,0.05,"µg/L",,"µg/L","1","2","3","4","Metode: SS-EN ISO 17294-2:2023"
"2025-02-17","Vannmiljø_018-80536","Copper","Vm_2025","VannmiljøCopper2025","Aquatic","Freshwater","Stressor","Concentration","1","Fake ID","",2.1,"µg/L",1,"Not reported",,,0.5,"µg/L",,"µg/L","1","2","3","4","Oppsluttet - Metode: SS-EN ISO 15587-2:2002/SS-EN ISO 17294-2:2023"
"2025-06-19","Vannmiljø_018-80536","Copper","Vm_2025","VannmiljøCopper2025","Aquatic","Freshwater","Stressor","Concentration","1","Fake ID","",2.4,"µg/L",1,"Not reported",,,0.05,"µg/L",,"µg/L","1","2","3","4","Metode: SS-EN ISO 17294-2:2023"
"2025-10-16","Vannmiljø_018-80536","Copper","Vm_2025","VannmiljøCopper2025","Aquatic","Freshwater","Stressor","Concentration","1","Fake ID","",2.3,"µg/L",1,"Not reported",,,0.05,"µg/L",,"µg/L","1","2","3","4","Metode: SS-EN ISO 17294-2:2023"
"2025-10-16","Vannmiljø_018-80536","Copper","Vm_2025","VannmiljøCopper2025","Aquatic","Freshwater","Stressor","Concentration","1","Fake ID","",2.9,"µg/L",1,"Not reported",,,0.5,"µg/L",,"µg/L","1","2","3","4","Oppsluttet - Metode: SS-EN ISO 15587-2:2002/SS-EN ISO 17294-2:2023"
"2025-02-17","Vannmiljø_018-80537","Copper","Vm_2025","VannmiljøCopper2025","Aquatic","Freshwater","Stressor","Concentration","1","Fake ID","",4.5,"µg/L",1,"Not reported",,,0.05,"µg/L",,"µg/L","1","2","3","4","Metode: SS-EN ISO 17294-2:2023"
"2025-02-17","Vannmiljø_018-80537","Copper","Vm_2025","VannmiljøCopper2025","Aquatic","Freshwater","Stressor","Concentration","1","Fake ID","",4.9,"µg/L",1,"Not reported",,,0.5,"µg/L",,"µg/L","1","2","3","4","Oppsluttet - Metode: SS-EN ISO 15587-2:2002/SS-EN ISO 17294-2:2023"
"2025-06-19","Vannmiljø_018-80537","Copper","Vm_2025","VannmiljøCopper2025","Aquatic","Freshwater","Stressor","Concentration","1","Fake ID","",2.6,"µg/L",1,"Not reported",,,0.05,"µg/L",,"µg/L","1","2","3","4","Metode: SS-EN ISO 17294-2:2023"
"2025-10-16","Vannmiljø_018-80537","Copper","Vm_2025","VannmiljøCopper2025","Aquatic","Freshwater","Stressor","Concentration","1","Fake ID","",4.1,"µg/L",1,"Not reported",,,0.05,"µg/L",,"µg/L","1","2","3","4","Metode: SS-EN ISO 17294-2:2023"
"2025-10-16","Vannmiljø_018-80537","Copper","Vm_2025","VannmiljøCopper2025","Aquatic","Freshwater","Stressor","Concentration","1","Fake ID","",5.4,"µg/L",1,"Not reported",,,0.5,"µg/L",,"µg/L","1","2","3","4","Oppsluttet - Metode: SS-EN ISO 15587-2:2002/SS-EN ISO 17294-2:2023"
"2025-02-17","Vannmiljø_018-80540","Copper","Vm_2025","VannmiljøCopper2025","Aquatic","Freshwater","Stressor","Concentration","1","Fake ID","",0.92,"µg/L",1,"Not reported",,,0.05,"µg/L",,"µg/L","1","2","3","4","Metode: SS-EN ISO 17294-2:2023"
"2025-02-17","Vannmiljø_018-80540","Copper","Vm_2025","VannmiljøCopper2025","Aquatic","Freshwater","Stressor","Concentration","1","Fake ID","",5.2,"µg/L",1,"Not reported",,,0.5,"µg/L",,"µg/L","1","2","3","4","Oppsluttet - Metode: SS-EN ISO 15587-2:2002/SS-EN ISO 17294-2:2023"
"2025-06-19","Vannmiljø_018-80540","Copper","Vm_2025","VannmiljøCopper2025","Aquatic","Freshwater","Stressor","Concentration","1","Fake ID","",1.1,"µg/L",1,"Not reported",,,0.05,"µg/L",,"µg/L","1","2","3","4","Metode: SS-EN ISO 17294-2:2023"
"2025-10-16","Vannmiljø_018-80540","Copper","Vm_2025","VannmiljøCopper2025","Aquatic","Freshwater","Stressor","Concentration","1","Fake ID","",1.1,"µg/L",1,"Not reported",,,0.05,"µg/L",,"µg/L","1","2","3","4","Metode: SS-EN ISO 17294-2:2023"
"2025-10-16","Vannmiljø_018-80540","Copper","Vm_2025","VannmiljøCopper2025","Aquatic","Freshwater","Stressor","Concentration","1","Fake ID","",1.8,"µg/L",1,"Not reported",,,0.5,"µg/L",,"µg/L","1","2","3","4","Oppsluttet - Metode: SS-EN ISO 15587-2:2002/SS-EN ISO 17294-2:2023"
"2025-02-17","Vannmiljø_018-80543","Copper","Vm_2025","VannmiljøCopper2025","Aquatic","Freshwater","Stressor","Concentration","1","Fake ID","",2.3,"µg/L",1,"Not reported",,,,"µg/L",,"µg/L","1","2","3","4","Metode: SS-EN ISO 17294-2:2023"
"2025-02-17","Vannmiljø_018-80543","Copper","Vm_2025","VannmiljøCopper2025","Aquatic","Freshwater","Stressor","Concentration","1","Fake ID","",2.6,"µg/L",1,"Not reported",,,,"µg/L",,"µg/L","1","2","3","4","Oppsluttet - Metode: SS-EN ISO 15587-2:2002/SS-EN ISO 17294-2:2023"
"2025-06-19","Vannmiljø_018-80543","Copper","Vm_2025","VannmiljøCopper2025","Aquatic","Freshwater","Stressor","Concentration","1","Fake ID","",3,"µg/L",1,"Not reported",,,0.05,"µg/L",,"µg/L","1","2","3","4","Metode: SS-EN ISO 17294-2:2023"
"2025-10-16","Vannmiljø_018-80543","Copper","Vm_2025","VannmiljøCopper2025","Aquatic","Freshwater","Stressor","Concentration","1","Fake ID","",2.8,"µg/L",1,"Not reported",,,0.05,"µg/L",,"µg/L","1","2","3","4","Metode: SS-EN ISO 17294-2:2023"
"2025-10-16","Vannmiljø_018-80543","Copper","Vm_2025","VannmiljøCopper2025","Aquatic","Freshwater","Stressor","Concentration","1","Fake ID","",3.5,"µg/L",1,"Not reported",,,0.5,"µg/L",,"µg/L","1","2","3","4","Oppsluttet - Metode: SS-EN ISO 15587-2:2002/SS-EN ISO 17294-2:2023"
"2025-06-23","Vannmiljø_002-80945","Copper","Vm_2025","VannmiljøCopper2025","Aquatic","Freshwater","Stressor","Concentration","1","Fake ID","",1.05,"µg/L",1,"Not reported",,,1,"µg/L",,"µg/L","1","2","3","4","ICP-SFMS Metals in waste water no digestion"
"2025-05-27","Vannmiljø_002-80945","Copper","Vm_2025","VannmiljøCopper2025","Aquatic","Freshwater","Stressor","Concentration","1","Fake ID","< LOQ",1,"µg/L",1,"Not reported",,,1,"µg/L",,"µg/L","1","2","3","4","ICP-SFMS Metals in waste water no digestion"
"2025-06-23","Vannmiljø_002-80953","Copper","Vm_2025","VannmiljøCopper2025","Aquatic","Freshwater","Stressor","Concentration","1","Fake ID","< LOQ",1,"µg/L",1,"Not reported",,,1,"µg/L",,"µg/L","1","2","3","4","ICP-SFMS Metals in waste water no digestion"
"2025-05-27","Vannmiljø_002-80953","Copper","Vm_2025","VannmiljøCopper2025","Aquatic","Freshwater","Stressor","Concentration","1","Fake ID","< LOQ",1,"µg/L",1,"Not reported",,,1,"µg/L",,"µg/L","1","2","3","4","ICP-SFMS Metals in waste water no digestion"
"2025-02-27","Vannmiljø_018-82123","Copper","Vm_2025","VannmiljøCopper2025","Aquatic","Freshwater","Stressor","Concentration","1","Fake ID","",1,"µg/L",1,"Not reported",,,,"µg/L",,"µg/L","1","2","3","4",
"2025-03-13","Vannmiljø_018-82123","Copper","Vm_2025","VannmiljøCopper2025","Aquatic","Freshwater","Stressor","Concentration","1","Fake ID","",0.9,"µg/L",1,"Not reported",,,,"µg/L",,"µg/L","1","2","3","4",
"2025-03-31","Vannmiljø_018-82123","Copper","Vm_2025","VannmiljøCopper2025","Aquatic","Freshwater","Stressor","Concentration","1","Fake ID","",0.89,"µg/L",1,"Not reported",,,,"µg/L",,"µg/L","1","2","3","4",
"2025-04-10","Vannmiljø_018-82123","Copper","Vm_2025","VannmiljøCopper2025","Aquatic","Freshwater","Stressor","Concentration","1","Fake ID","",0.77,"µg/L",1,"Not reported",,,,"µg/L",,"µg/L","1","2","3","4",
"2025-04-24","Vannmiljø_018-82123","Copper","Vm_2025","VannmiljøCopper2025","Aquatic","Freshwater","Stressor","Concentration","1","Fake ID","",0.86,"µg/L",1,"Not reported",,,,"µg/L",,"µg/L","1","2","3","4",
"2025-05-14","Vannmiljø_018-82123","Copper","Vm_2025","VannmiljøCopper2025","Aquatic","Freshwater","Stressor","Concentration","1","Fake ID","",0.84,"µg/L",1,"Not reported",,,,"µg/L",,"µg/L","1","2","3","4",
"2025-06-12","Vannmiljø_018-82123","Copper","Vm_2025","VannmiljøCopper2025","Aquatic","Freshwater","Stressor","Concentration","1","Fake ID","",1,"µg/L",1,"Not reported",,,,"µg/L",,"µg/L","1","2","3","4",
"2025-07-03","Vannmiljø_018-82123","Copper","Vm_2025","VannmiljøCopper2025","Aquatic","Freshwater","Stressor","Concentration","1","Fake ID","",0.74,"µg/L",1,"Not reported",,,,"µg/L",,"µg/L","1","2","3","4",
"2025-02-17","Vannmiljø_018-82123","Copper","Vm_2025","VannmiljøCopper2025","Aquatic","Freshwater","Stressor","Concentration","1","Fake ID","",1,"µg/L",1,"Not reported",,,0.05,"µg/L",,"µg/L","1","2","3","4","Metode: SS-EN ISO 17294-2:2023"
"2025-02-17","Vannmiljø_018-82123","Copper","Vm_2025","VannmiljøCopper2025","Aquatic","Freshwater","Stressor","Concentration","1","Fake ID","",1.1,"µg/L",1,"Not reported",,,0.5,"µg/L",,"µg/L","1","2","3","4","Oppsluttet - Metode: SS-EN ISO 15587-2:2002/SS-EN ISO 17294-2:2023"
"2025-10-16","Vannmiljø_018-82123","Copper","Vm_2025","VannmiljøCopper2025","Aquatic","Freshwater","Stressor","Concentration","1","Fake ID","",0.85,"µg/L",1,"Not reported",,,0.05,"µg/L",,"µg/L","1","2","3","4","Metode: SS-EN ISO 17294-2:2023"
"2025-10-16","Vannmiljø_018-82123","Copper","Vm_2025","VannmiljøCopper2025","Aquatic","Freshwater","Stressor","Concentration","1","Fake ID","",1.1,"µg/L",1,"Not reported",,,0.5,"µg/L",,"µg/L","1","2","3","4","Oppsluttet - Metode: SS-EN ISO 15587-2:2002/SS-EN ISO 17294-2:2023"
"2025-06-19","Vannmiljø_018-82123","Copper","Vm_2025","VannmiljøCopper2025","Aquatic","Freshwater","Stressor","Concentration","1","Fake ID","",0.77,"µg/L",1,"Not reported",,,0.05,"µg/L",,"µg/L","1","2","3","4","Metode: SS-EN ISO 17294-2:2023"
"2025-06-19","Vannmiljø_018-82123","Copper","Vm_2025","VannmiljøCopper2025","Aquatic","Freshwater","Stressor","Concentration","1","Fake ID","",0.83,"µg/L",1,"Not reported",,,0.5,"µg/L",,"µg/L","1","2","3","4","Oppsluttet - Metode: SS-EN ISO 15587-2:2002/SS-EN ISO 17294-2:2023"
"2025-02-17","Vannmiljø_019-82127","Copper","Vm_2025","VannmiljøCopper2025","Aquatic","Freshwater","Stressor","Concentration","1","Fake ID","",1.7,"µg/L",1,"Not reported",,,0.05,"µg/L",,"µg/L","1","2","3","4","Metode: SS-EN ISO 17294-2:2023"
"2025-02-17","Vannmiljø_019-82127","Copper","Vm_2025","VannmiljøCopper2025","Aquatic","Freshwater","Stressor","Concentration","1","Fake ID","",1.9,"µg/L",1,"Not reported",,,0.5,"µg/L",,"µg/L","1","2","3","4","Oppsluttet - Metode: SS-EN ISO 15587-2:2002/SS-EN ISO 17294-2:2023"
"2025-10-16","Vannmiljø_019-82127","Copper","Vm_2025","VannmiljøCopper2025","Aquatic","Freshwater","Stressor","Concentration","1","Fake ID","",1.7,"µg/L",1,"Not reported",,,0.05,"µg/L",,"µg/L","1","2","3","4","Metode: SS-EN ISO 17294-2:2023"
"2025-10-16","Vannmiljø_019-82127","Copper","Vm_2025","VannmiljøCopper2025","Aquatic","Freshwater","Stressor","Concentration","1","Fake ID","",1.8,"µg/L",1,"Not reported",,,0.5,"µg/L",,"µg/L","1","2","3","4","Oppsluttet - Metode: SS-EN ISO 15587-2:2002/SS-EN ISO 17294-2:2023"
"2025-06-19","Vannmiljø_019-82127","Copper","Vm_2025","VannmiljøCopper2025","Aquatic","Freshwater","Stressor","Concentration","1","Fake ID","",2.1,"µg/L",1,"Not reported",,,0.05,"µg/L",,"µg/L","1","2","3","4","Metode: SS-EN ISO 17294-2:2023"
"2025-06-19","Vannmiljø_019-82127","Copper","Vm_2025","VannmiljøCopper2025","Aquatic","Freshwater","Stressor","Concentration","1","Fake ID","",2,"µg/L",1,"Not reported",,,0.5,"µg/L",,"µg/L","1","2","3","4","Oppsluttet - Metode: SS-EN ISO 15587-2:2002/SS-EN ISO 17294-2:2023"
"2025-02-17","Vannmiljø_019-82128","Copper","Vm_2025","VannmiljøCopper2025","Aquatic","Freshwater","Stressor","Concentration","1","Fake ID","",1,"µg/L",1,"Not reported",,,,"µg/L",,"µg/L","1","2","3","4","Metode: SS-EN ISO 17294-2:2023"
"2025-02-17","Vannmiljø_019-82128","Copper","Vm_2025","VannmiljøCopper2025","Aquatic","Freshwater","Stressor","Concentration","1","Fake ID","",1.2,"µg/L",1,"Not reported",,,,"µg/L",,"µg/L","1","2","3","4","Oppsluttet - Metode: SS-EN ISO 15587-2:2002/SS-EN ISO 17294-2:2023"
"2025-10-16","Vannmiljø_019-82128","Copper","Vm_2025","VannmiljøCopper2025","Aquatic","Freshwater","Stressor","Concentration","1","Fake ID","",0.72,"µg/L",1,"Not reported",,,0.05,"µg/L",,"µg/L","1","2","3","4","Metode: SS-EN ISO 17294-2:2023"
"2025-10-16","Vannmiljø_019-82128","Copper","Vm_2025","VannmiljøCopper2025","Aquatic","Freshwater","Stressor","Concentration","1","Fake ID","",0.75,"µg/L",1,"Not reported",,,0.5,"µg/L",,"µg/L","1","2","3","4","Oppsluttet - Metode: SS-EN ISO 15587-2:2002/SS-EN ISO 17294-2:2023"
"2025-06-19","Vannmiljø_019-82128","Copper","Vm_2025","VannmiljøCopper2025","Aquatic","Freshwater","Stressor","Concentration","1","Fake ID","",0.78,"µg/L",1,"Not reported",,,0.05,"µg/L",,"µg/L","1","2","3","4","Metode: SS-EN ISO 17294-2:2023"
"2025-06-19","Vannmiljø_019-82128","Copper","Vm_2025","VannmiljøCopper2025","Aquatic","Freshwater","Stressor","Concentration","1","Fake ID","",0.86,"µg/L",1,"Not reported",,,0.5,"µg/L",,"µg/L","1","2","3","4","Oppsluttet - Metode: SS-EN ISO 15587-2:2002/SS-EN ISO 17294-2:2023"
"2025-02-17","Vannmiljø_019-82129","Copper","Vm_2025","VannmiljøCopper2025","Aquatic","Freshwater","Stressor","Concentration","1","Fake ID","",0.96,"µg/L",1,"Not reported",,,,"µg/L",,"µg/L","1","2","3","4","Metode: SS-EN ISO 17294-2:2023"
"2025-02-17","Vannmiljø_019-82129","Copper","Vm_2025","VannmiljøCopper2025","Aquatic","Freshwater","Stressor","Concentration","1","Fake ID","",1.2,"µg/L",1,"Not reported",,,,"µg/L",,"µg/L","1","2","3","4","Oppsluttet - Metode: SS-EN ISO 15587-2:2002/SS-EN ISO 17294-2:2023"
"2025-10-16","Vannmiljø_019-82129","Copper","Vm_2025","VannmiljøCopper2025","Aquatic","Freshwater","Stressor","Concentration","1","Fake ID","",1,"µg/L",1,"Not reported",,,0.05,"µg/L",,"µg/L","1","2","3","4","Metode: SS-EN ISO 17294-2:2023"
"2025-10-16","Vannmiljø_019-82129","Copper","Vm_2025","VannmiljøCopper2025","Aquatic","Freshwater","Stressor","Concentration","1","Fake ID","",0.99,"µg/L",1,"Not reported",,,0.5,"µg/L",,"µg/L","1","2","3","4","Oppsluttet - Metode: SS-EN ISO 15587-2:2002/SS-EN ISO 17294-2:2023"
"2025-06-19","Vannmiljø_019-82129","Copper","Vm_2025","VannmiljøCopper2025","Aquatic","Freshwater","Stressor","Concentration","1","Fake ID","",0.91,"µg/L",1,"Not reported",,,0.05,"µg/L",,"µg/L","1","2","3","4","Metode: SS-EN ISO 17294-2:2023"
"2025-06-19","Vannmiljø_019-82129","Copper","Vm_2025","VannmiljøCopper2025","Aquatic","Freshwater","Stressor","Concentration","1","Fake ID","",0.78,"µg/L",1,"Not reported",,,0.5,"µg/L",,"µg/L","1","2","3","4","Oppsluttet - Metode: SS-EN ISO 15587-2:2002/SS-EN ISO 17294-2:2023"
"2025-02-17","Vannmiljø_019-82135","Copper","Vm_2025","VannmiljøCopper2025","Aquatic","Freshwater","Stressor","Concentration","1","Fake ID","",2.1,"µg/L",1,"Not reported",,,0.05,"µg/L",,"µg/L","1","2","3","4","Metode: SS-EN ISO 17294-2:2023"
"2025-02-17","Vannmiljø_019-82135","Copper","Vm_2025","VannmiljøCopper2025","Aquatic","Freshwater","Stressor","Concentration","1","Fake ID","",2.2,"µg/L",1,"Not reported",,,0.5,"µg/L",,"µg/L","1","2","3","4","Oppsluttet - Metode: SS-EN ISO 15587-2:2002/SS-EN ISO 17294-2:2023"
"2025-10-16","Vannmiljø_019-82135","Copper","Vm_2025","VannmiljøCopper2025","Aquatic","Freshwater","Stressor","Concentration","1","Fake ID","",1.4,"µg/L",1,"Not reported",,,0.05,"µg/L",,"µg/L","1","2","3","4","Metode: SS-EN ISO 17294-2:2023"
"2025-10-16","Vannmiljø_019-82135","Copper","Vm_2025","VannmiljøCopper2025","Aquatic","Freshwater","Stressor","Concentration","1","Fake ID","",1.7,"µg/L",1,"Not reported",,,0.5,"µg/L",,"µg/L","1","2","3","4","Oppsluttet - Metode: SS-EN ISO 15587-2:2002/SS-EN ISO 17294-2:2023"
"2025-06-19","Vannmiljø_019-82135","Copper","Vm_2025","VannmiljøCopper2025","Aquatic","Freshwater","Stressor","Concentration","1","Fake ID","",1.4,"µg/L",1,"Not reported",,,0.05,"µg/L",,"µg/L","1","2","3","4","Metode: SS-EN ISO 17294-2:2023"
"2025-06-19","Vannmiljø_019-82135","Copper","Vm_2025","VannmiljøCopper2025","Aquatic","Freshwater","Stressor","Concentration","1","Fake ID","",1.8,"µg/L",1,"Not reported",,,0.5,"µg/L",,"µg/L","1","2","3","4","Oppsluttet - Metode: SS-EN ISO 15587-2:2002/SS-EN ISO 17294-2:2023"
"2025-09-19","Vannmiljø_139-82151","Copper","Vm_2025","VannmiljøCopper2025","Aquatic","Freshwater","Stressor","Concentration","1","Fake ID","< LOQ",1.6,"µg/L",1,"Not reported",,,,"µg/L",,"µg/L","1","2","3","4",
"2025-02-17","Vannmiljø_018-82187","Copper","Vm_2025","VannmiljøCopper2025","Aquatic","Freshwater","Stressor","Concentration","1","Fake ID","",0.86,"µg/L",1,"Not reported",,,,"µg/L",,"µg/L","1","2","3","4","Metode: SS-EN ISO 17294-2:2023"
"2025-02-17","Vannmiljø_018-82187","Copper","Vm_2025","VannmiljøCopper2025","Aquatic","Freshwater","Stressor","Concentration","1","Fake ID","",1.2,"µg/L",1,"Not reported",,,,"µg/L",,"µg/L","1","2","3","4","Oppsluttet - Metode: SS-EN ISO 15587-2:2002/SS-EN ISO 17294-2:2023"
"2025-10-16","Vannmiljø_018-82187","Copper","Vm_2025","VannmiljøCopper2025","Aquatic","Freshwater","Stressor","Concentration","1","Fake ID","",1.1,"µg/L",1,"Not reported",,,0.05,"µg/L",,"µg/L","1","2","3","4","Metode: SS-EN ISO 17294-2:2023"
"2025-10-16","Vannmiljø_018-82187","Copper","Vm_2025","VannmiljøCopper2025","Aquatic","Freshwater","Stressor","Concentration","1","Fake ID","",1.6,"µg/L",1,"Not reported",,,0.5,"µg/L",,"µg/L","1","2","3","4","Oppsluttet - Metode: SS-EN ISO 15587-2:2002/SS-EN ISO 17294-2:2023"
"2025-06-19","Vannmiljø_018-82187","Copper","Vm_2025","VannmiljøCopper2025","Aquatic","Freshwater","Stressor","Concentration","1","Fake ID","",0.78,"µg/L",1,"Not reported",,,0.05,"µg/L",,"µg/L","1","2","3","4","Metode: SS-EN ISO 17294-2:2023"
"2025-06-19","Vannmiljø_018-82187","Copper","Vm_2025","VannmiljøCopper2025","Aquatic","Freshwater","Stressor","Concentration","1","Fake ID","",0.67,"µg/L",1,"Not reported",,,0.5,"µg/L",,"µg/L","1","2","3","4","Oppsluttet - Metode: SS-EN ISO 15587-2:2002/SS-EN ISO 17294-2:2023"
"2025-03-25","Vannmiljø_002-83311","Copper","Vm_2025","VannmiljøCopper2025","Aquatic","Freshwater","Stressor","Concentration","1","Fake ID","",1.3,"µg/L",1,"Not reported",,,,"µg/L",,"µg/L","1","2","3","4",
"2025-03-25","Vannmiljø_002-83311","Copper","Vm_2025","VannmiljøCopper2025","Aquatic","Freshwater","Stressor","Concentration","1","Fake ID","",2.5,"µg/L",1,"Not reported",,,,"µg/L",,"µg/L","1","2","3","4",
"2025-01-22","Vannmiljø_002-83311","Copper","Vm_2025","VannmiljøCopper2025","Aquatic","Freshwater","Stressor","Concentration","1","Fake ID","",0.7,"µg/L",1,"Not reported",,,,"µg/L",,"µg/L","1","2","3","4",
"2025-01-22","Vannmiljø_002-83311","Copper","Vm_2025","VannmiljøCopper2025","Aquatic","Freshwater","Stressor","Concentration","1","Fake ID","",1.1,"µg/L",1,"Not reported",,,,"µg/L",,"µg/L","1","2","3","4",
"2025-02-24","Vannmiljø_002-83311","Copper","Vm_2025","VannmiljøCopper2025","Aquatic","Freshwater","Stressor","Concentration","1","Fake ID","",18,"µg/L",1,"Not reported",,,,"µg/L",,"µg/L","1","2","3","4",
"2025-02-24","Vannmiljø_002-83311","Copper","Vm_2025","VannmiljøCopper2025","Aquatic","Freshwater","Stressor","Concentration","1","Fake ID","",1.7,"µg/L",1,"Not reported",,,,"µg/L",,"µg/L","1","2","3","4",
"2025-06-25","Vannmiljø_002-83311","Copper","Vm_2025","VannmiljøCopper2025","Aquatic","Freshwater","Stressor","Concentration","1","Fake ID","",2.52,"µg/L",1,"Not reported",,,1,"µg/L",,"µg/L","1","2","3","4","ICP-SFMS Metals in waste water no digestion"
"2025-05-23","Vannmiljø_002-83311","Copper","Vm_2025","VannmiljøCopper2025","Aquatic","Freshwater","Stressor","Concentration","1","Fake ID","",1.93,"µg/L",1,"Not reported",,,1,"µg/L",,"µg/L","1","2","3","4","ICP-SFMS Metals in waste water no digestion"
"2025-04-23","Vannmiljø_002-83311","Copper","Vm_2025","VannmiljøCopper2025","Aquatic","Freshwater","Stressor","Concentration","1","Fake ID","< LOQ",1,"µg/L",1,"Not reported",,,1,"µg/L",,"µg/L","1","2","3","4","ICP-SFMS Metals in waste water no digestion"
"2025-01-28","Vannmiljø_077-83593","Copper","Vm_2025","VannmiljøCopper2025","Aquatic","Freshwater","Stressor","Concentration","1","Fake ID","",0.62,"µg/L",1,"Not reported",,,,"µg/L",,"µg/L","1","2","3","4",
"2025-01-28","Vannmiljø_077-83593","Copper","Vm_2025","VannmiljøCopper2025","Aquatic","Freshwater","Stressor","Concentration","1","Fake ID","",0.59,"µg/L",1,"Not reported",,,,"µg/L",,"µg/L","1","2","3","4",
"2025-05-06","Vannmiljø_077-83593","Copper","Vm_2025","VannmiljøCopper2025","Aquatic","Freshwater","Stressor","Concentration","1","Fake ID","< LOQ",0.5,"µg/L",1,"Not reported",,,,"µg/L",,"µg/L","1","2","3","4",
"2025-02-17","Vannmiljø_018-84132","Copper","Vm_2025","VannmiljøCopper2025","Aquatic","Freshwater","Stressor","Concentration","1","Fake ID","",1.6,"µg/L",1,"Not reported",,,0.05,"µg/L",,"µg/L","1","2","3","4","Metode: SS-EN ISO 17294-2:2023"
"2025-02-17","Vannmiljø_018-84132","Copper","Vm_2025","VannmiljøCopper2025","Aquatic","Freshwater","Stressor","Concentration","1","Fake ID","",1.5,"µg/L",1,"Not reported",,,0.5,"µg/L",,"µg/L","1","2","3","4","Oppsluttet - Metode: SS-EN ISO 15587-2:2002/SS-EN ISO 17294-2:2023"
"2025-06-19","Vannmiljø_018-84132","Copper","Vm_2025","VannmiljøCopper2025","Aquatic","Freshwater","Stressor","Concentration","1","Fake ID","",1.5,"µg/L",1,"Not reported",,,0.05,"µg/L",,"µg/L","1","2","3","4","Metode: SS-EN ISO 17294-2:2023"
"2025-10-16","Vannmiljø_018-84132","Copper","Vm_2025","VannmiljøCopper2025","Aquatic","Freshwater","Stressor","Concentration","1","Fake ID","",1.2,"µg/L",1,"Not reported",,,0.05,"µg/L",,"µg/L","1","2","3","4","Metode: SS-EN ISO 17294-2:2023"
"2025-10-16","Vannmiljø_018-84132","Copper","Vm_2025","VannmiljøCopper2025","Aquatic","Freshwater","Stressor","Concentration","1","Fake ID","",1.5,"µg/L",1,"Not reported",,,0.5,"µg/L",,"µg/L","1","2","3","4","Oppsluttet - Metode: SS-EN ISO 15587-2:2002/SS-EN ISO 17294-2:2023"
"2025-02-27","Vannmiljø_018-84134","Copper","Vm_2025","VannmiljøCopper2025","Aquatic","Freshwater","Stressor","Concentration","1","Fake ID","",1,"µg/L",1,"Not reported",,,,"µg/L",,"µg/L","1","2","3","4",
"2025-03-13","Vannmiljø_018-84134","Copper","Vm_2025","VannmiljøCopper2025","Aquatic","Freshwater","Stressor","Concentration","1","Fake ID","",0.94,"µg/L",1,"Not reported",,,,"µg/L",,"µg/L","1","2","3","4",
"2025-03-31","Vannmiljø_018-84134","Copper","Vm_2025","VannmiljøCopper2025","Aquatic","Freshwater","Stressor","Concentration","1","Fake ID","",0.96,"µg/L",1,"Not reported",,,,"µg/L",,"µg/L","1","2","3","4",
"2025-04-10","Vannmiljø_018-84134","Copper","Vm_2025","VannmiljøCopper2025","Aquatic","Freshwater","Stressor","Concentration","1","Fake ID","",0.81,"µg/L",1,"Not reported",,,,"µg/L",,"µg/L","1","2","3","4",
"2025-04-24","Vannmiljø_018-84134","Copper","Vm_2025","VannmiljøCopper2025","Aquatic","Freshwater","Stressor","Concentration","1","Fake ID","",0.94,"µg/L",1,"Not reported",,,,"µg/L",,"µg/L","1","2","3","4",
"2025-05-14","Vannmiljø_018-84134","Copper","Vm_2025","VannmiljøCopper2025","Aquatic","Freshwater","Stressor","Concentration","1","Fake ID","",0.91,"µg/L",1,"Not reported",,,,"µg/L",,"µg/L","1","2","3","4",
"2025-06-12","Vannmiljø_018-84134","Copper","Vm_2025","VannmiljøCopper2025","Aquatic","Freshwater","Stressor","Concentration","1","Fake ID","",0.84,"µg/L",1,"Not reported",,,,"µg/L",,"µg/L","1","2","3","4",
"2025-07-03","Vannmiljø_018-84134","Copper","Vm_2025","VannmiljøCopper2025","Aquatic","Freshwater","Stressor","Concentration","1","Fake ID","",0.64,"µg/L",1,"Not reported",,,,"µg/L",,"µg/L","1","2","3","4",
"2025-02-27","Vannmiljø_019-84135","Copper","Vm_2025","VannmiljøCopper2025","Aquatic","Freshwater","Stressor","Concentration","1","Fake ID","",1.3,"µg/L",1,"Not reported",,,,"µg/L",,"µg/L","1","2","3","4",
"2025-03-13","Vannmiljø_019-84135","Copper","Vm_2025","VannmiljøCopper2025","Aquatic","Freshwater","Stressor","Concentration","1","Fake ID","",1.4,"µg/L",1,"Not reported",,,,"µg/L",,"µg/L","1","2","3","4",
"2025-02-17","Vannmiljø_018-84139","Copper","Vm_2025","VannmiljøCopper2025","Aquatic","Freshwater","Stressor","Concentration","1","Fake ID","",2.3,"µg/L",1,"Not reported",,,0.05,"µg/L",,"µg/L","1","2","3","4","Metode: SS-EN ISO 17294-2:2023"
"2025-02-17","Vannmiljø_018-84139","Copper","Vm_2025","VannmiljøCopper2025","Aquatic","Freshwater","Stressor","Concentration","1","Fake ID","",2.5,"µg/L",1,"Not reported",,,0.5,"µg/L",,"µg/L","1","2","3","4","Oppsluttet - Metode: SS-EN ISO 15587-2:2002/SS-EN ISO 17294-2:2023"
"2025-06-19","Vannmiljø_018-84139","Copper","Vm_2025","VannmiljøCopper2025","Aquatic","Freshwater","Stressor","Concentration","1","Fake ID","",1.4,"µg/L",1,"Not reported",,,0.05,"µg/L",,"µg/L","1","2","3","4","Metode: SS-EN ISO 17294-2:2023"
"2025-10-16","Vannmiljø_018-84139","Copper","Vm_2025","VannmiljøCopper2025","Aquatic","Freshwater","Stressor","Concentration","1","Fake ID","",2.3,"µg/L",1,"Not reported",,,0.05,"µg/L",,"µg/L","1","2","3","4","Metode: SS-EN ISO 17294-2:2023"
"2025-10-16","Vannmiljø_018-84139","Copper","Vm_2025","VannmiljøCopper2025","Aquatic","Freshwater","Stressor","Concentration","1","Fake ID","",2.9,"µg/L",1,"Not reported",,,0.5,"µg/L",,"µg/L","1","2","3","4","Oppsluttet - Metode: SS-EN ISO 15587-2:2002/SS-EN ISO 17294-2:2023"
"2025-08-06","Vannmiljø_012-84552","Copper","Vm_2025","VannmiljøCopper2025","Aquatic","Freshwater","Stressor","Concentration","1","Fake ID","",0.88,"µg/L",1,"Not reported",,,,"µg/L",,"µg/L","1","2","3","4",
"2025-09-16","Vannmiljø_012-84552","Copper","Vm_2025","VannmiljøCopper2025","Aquatic","Freshwater","Stressor","Concentration","1","Fake ID","",1.9,"µg/L",1,"Not reported",,,,"µg/L",,"µg/L","1","2","3","4",
"2025-06-19","Vannmiljø_012-84552","Copper","Vm_2025","VannmiljøCopper2025","Aquatic","Freshwater","Stressor","Concentration","1","Fake ID","",1,"µg/L",1,"Not reported",,,,"µg/L",,"µg/L","1","2","3","4",
"2025-08-06","Vannmiljø_012-84556","Copper","Vm_2025","VannmiljøCopper2025","Aquatic","Freshwater","Stressor","Concentration","1","Fake ID","",1.3,"µg/L",1,"Not reported",,,,"µg/L",,"µg/L","1","2","3","4",
"2025-09-16","Vannmiljø_012-84556","Copper","Vm_2025","VannmiljøCopper2025","Aquatic","Freshwater","Stressor","Concentration","1","Fake ID","",4.9,"µg/L",1,"Not reported",,,,"µg/L",,"µg/L","1","2","3","4",
"2025-06-19","Vannmiljø_012-84556","Copper","Vm_2025","VannmiljøCopper2025","Aquatic","Freshwater","Stressor","Concentration","1","Fake ID","",1.8,"µg/L",1,"Not reported",,,,"µg/L",,"µg/L","1","2","3","4",
"2025-06-19","Vannmiljø_012-84559","Copper","Vm_2025","VannmiljøCopper2025","Aquatic","Freshwater","Stressor","Concentration","1","Fake ID","",8.2,"µg/L",1,"Not reported",,,,"µg/L",,"µg/L","1","2","3","4",
"2025-08-06","Vannmiljø_012-84559","Copper","Vm_2025","VannmiljøCopper2025","Aquatic","Freshwater","Stressor","Concentration","1","Fake ID","",9.7,"µg/L",1,"Not reported",,,,"µg/L",,"µg/L","1","2","3","4",
"2025-09-16","Vannmiljø_012-84559","Copper","Vm_2025","VannmiljøCopper2025","Aquatic","Freshwater","Stressor","Concentration","1","Fake ID","",23,"µg/L",1,"Not reported",,,,"µg/L",,"µg/L","1","2","3","4",
"2025-08-06","Vannmiljø_012-84580","Copper","Vm_2025","VannmiljøCopper2025","Aquatic","Freshwater","Stressor","Concentration","1","Fake ID","",1.5,"µg/L",1,"Not reported",,,,"µg/L",,"µg/L","1","2","3","4",
"2025-09-16","Vannmiljø_012-84580","Copper","Vm_2025","VannmiljøCopper2025","Aquatic","Freshwater","Stressor","Concentration","1","Fake ID","",31,"µg/L",1,"Not reported",,,,"µg/L",,"µg/L","1","2","3","4",
"2025-06-19","Vannmiljø_012-84580","Copper","Vm_2025","VannmiljøCopper2025","Aquatic","Freshwater","Stressor","Concentration","1","Fake ID","",0.77,"µg/L",1,"Not reported",,,,"µg/L",,"µg/L","1","2","3","4",
"2025-02-13","Vannmiljø_056-85247","Copper","Vm_2025","VannmiljøCopper2025","Aquatic","Freshwater","Stressor","Concentration","1","Fake ID","",3.2,"µg/L",1,"Not reported",,,,"µg/L",,"µg/L","1","2","3","4",
"2025-06-23","Vannmiljø_012-85822","Copper","Vm_2025","VannmiljøCopper2025","Aquatic","Freshwater","Stressor","Concentration","1","Fake ID","",0.64,"µg/L",1,"Not reported",,,,"µg/L",,"µg/L","1","2","3","4",
"2025-08-13","Vannmiljø_012-85822","Copper","Vm_2025","VannmiljøCopper2025","Aquatic","Freshwater","Stressor","Concentration","1","Fake ID","",0.56,"µg/L",1,"Not reported",,,,"µg/L",,"µg/L","1","2","3","4",
"2025-09-18","Vannmiljø_012-85822","Copper","Vm_2025","VannmiljøCopper2025","Aquatic","Freshwater","Stressor","Concentration","1","Fake ID","",0.76,"µg/L",1,"Not reported",,,,"µg/L",,"µg/L","1","2","3","4",
"2025-06-04","Vannmiljø_008-87616","Copper","Vm_2025","VannmiljøCopper2025","Aquatic","Freshwater","Stressor","Concentration","1","Fake ID","",1.1,"µg/L",1,"Not reported",,,,"µg/L",,"µg/L","1","2","3","4",
"2025-06-04","Vannmiljø_008-87617","Copper","Vm_2025","VannmiljøCopper2025","Aquatic","Freshwater","Stressor","Concentration","1","Fake ID","",0.78,"µg/L",1,"Not reported",,,,"µg/L",,"µg/L","1","2","3","4",
"2025-06-04","Vannmiljø_008-87618","Copper","Vm_2025","VannmiljøCopper2025","Aquatic","Freshwater","Stressor","Concentration","1","Fake ID","< LOQ",0.5,"µg/L",1,"Not reported",,,,"µg/L",,"µg/L","1","2","3","4",
"2025-06-04","Vannmiljø_008-87619","Copper","Vm_2025","VannmiljøCopper2025","Aquatic","Freshwater","Stressor","Concentration","1","Fake ID","< LOQ",0.5,"µg/L",1,"Not reported",,,,"µg/L",,"µg/L","1","2","3","4",
"2025-06-04","Vannmiljø_008-87623","Copper","Vm_2025","VannmiljøCopper2025","Aquatic","Freshwater","Stressor","Concentration","1","Fake ID","",3.9,"µg/L",1,"Not reported",,,,"µg/L",,"µg/L","1","2","3","4",
"2025-06-04","Vannmiljø_008-87630","Copper","Vm_2025","VannmiljøCopper2025","Aquatic","Freshwater","Stressor","Concentration","1","Fake ID","",1.2,"µg/L",1,"Not reported",,,,"µg/L",,"µg/L","1","2","3","4",
"2025-06-04","Vannmiljø_008-87631","Copper","Vm_2025","VannmiljøCopper2025","Aquatic","Freshwater","Stressor","Concentration","1","Fake ID","",1.2,"µg/L",1,"Not reported",,,,"µg/L",,"µg/L","1","2","3","4",
"2025-06-04","Vannmiljø_008-87633","Copper","Vm_2025","VannmiljøCopper2025","Aquatic","Freshwater","Stressor","Concentration","1","Fake ID","",1.1,"µg/L",1,"Not reported",,,,"µg/L",,"µg/L","1","2","3","4",
"2025-02-17","Vannmiljø_018-88044","Copper","Vm_2025","VannmiljøCopper2025","Aquatic","Freshwater","Stressor","Concentration","1","Fake ID","",1.2,"µg/L",1,"Not reported",,,0.05,"µg/L",,"µg/L","1","2","3","4","Metode: SS-EN ISO 17294-2:2023"
"2025-02-17","Vannmiljø_018-88044","Copper","Vm_2025","VannmiljøCopper2025","Aquatic","Freshwater","Stressor","Concentration","1","Fake ID","",1.3,"µg/L",1,"Not reported",,,0.5,"µg/L",,"µg/L","1","2","3","4","Oppsluttet - Metode: SS-EN ISO 15587-2:2002/SS-EN ISO 17294-2:2023"
"2025-06-19","Vannmiljø_018-88044","Copper","Vm_2025","VannmiljøCopper2025","Aquatic","Freshwater","Stressor","Concentration","1","Fake ID","",1.2,"µg/L",1,"Not reported",,,0.05,"µg/L",,"µg/L","1","2","3","4","Metode: SS-EN ISO 17294-2:2023"
"2025-10-16","Vannmiljø_018-88044","Copper","Vm_2025","VannmiljøCopper2025","Aquatic","Freshwater","Stressor","Concentration","1","Fake ID","",1.2,"µg/L",1,"Not reported",,,0.05,"µg/L",,"µg/L","1","2","3","4","Metode: SS-EN ISO 17294-2:2023"
"2025-10-16","Vannmiljø_018-88044","Copper","Vm_2025","VannmiljøCopper2025","Aquatic","Freshwater","Stressor","Concentration","1","Fake ID","",1.4,"µg/L",1,"Not reported",,,0.5,"µg/L",,"µg/L","1","2","3","4","Oppsluttet - Metode: SS-EN ISO 15587-2:2002/SS-EN ISO 17294-2:2023"
"2025-06-19","Vannmiljø_018-88044","Copper","Vm_2025","VannmiljøCopper2025","Aquatic","Freshwater","Stressor","Concentration","1","Fake ID","",1.2,"µg/L",1,"Not reported",,,0.5,"µg/L",,"µg/L","1","2","3","4","Oppsluttet - Metode: SS-EN ISO 15587-2:2002/SS-EN ISO 17294-2:2023"
"2025-03-31","Vannmiljø_180-88657","Copper","Vm_2025","VannmiljøCopper2025","Aquatic","Freshwater","Stressor","Concentration","1","Fake ID","",4.5,"µg/L",1,"Not reported",,,,"µg/L",,"µg/L","1","2","3","4",
"2025-09-03","Vannmiljø_180-88657","Copper","Vm_2025","VannmiljøCopper2025","Aquatic","Freshwater","Stressor","Concentration","1","Fake ID","",3.2,"µg/L",1,"Not reported",,,,"µg/L",,"µg/L","1","2","3","4",
"2025-05-26","Vannmiljø_180-88657","Copper","Vm_2025","VannmiljøCopper2025","Aquatic","Freshwater","Stressor","Concentration","1","Fake ID","",3.2,"µg/L",1,"Not reported",,,,"µg/L",,"µg/L","1","2","3","4",
"2025-06-17","Vannmiljø_180-88657","Copper","Vm_2025","VannmiljøCopper2025","Aquatic","Freshwater","Stressor","Concentration","1","Fake ID","",1.5,"µg/L",1,"Not reported",,,,"µg/L",,"µg/L","1","2","3","4",
"2025-09-03","Vannmiljø_180-88659","Copper","Vm_2025","VannmiljøCopper2025","Aquatic","Freshwater","Stressor","Concentration","1","Fake ID","",2,"µg/L",1,"Not reported",,,,"µg/L",,"µg/L","1","2","3","4",
"2025-05-26","Vannmiljø_180-88659","Copper","Vm_2025","VannmiljøCopper2025","Aquatic","Freshwater","Stressor","Concentration","1","Fake ID","",6.5,"µg/L",1,"Not reported",,,,"µg/L",,"µg/L","1","2","3","4",
"2025-06-17","Vannmiljø_180-88659","Copper","Vm_2025","VannmiljøCopper2025","Aquatic","Freshwater","Stressor","Concentration","1","Fake ID","",1.7,"µg/L",1,"Not reported",,,,"µg/L",,"µg/L","1","2","3","4",
"2025-10-13","Vannmiljø_002-89182","Copper","Vm_2025","VannmiljøCopper2025","Aquatic","Freshwater","Stressor","Concentration","1","Fake ID","",4,"µg/L",1,"Not reported",,,1,"µg/L",,"µg/L","1","2","3","4","ICP-SFMS Avløpsvann etter oppslutning"
"2025-10-13","Vannmiljø_002-89183","Copper","Vm_2025","VannmiljøCopper2025","Aquatic","Freshwater","Stressor","Concentration","1","Fake ID","",2.39,"µg/L",1,"Not reported",,,1,"µg/L",,"µg/L","1","2","3","4","ICP-SFMS Avløpsvann etter oppslutning"
"2025-02-05","Vannmiljø_002-89254","Copper","Vm_2025","VannmiljøCopper2025","Aquatic","Freshwater","Stressor","Concentration","1","Fake ID","",0.78,"µg/L",1,"Not reported",,,,"µg/L",,"µg/L","1","2","3","4",
"2025-05-07","Vannmiljø_002-89254","Copper","Vm_2025","VannmiljøCopper2025","Aquatic","Freshwater","Stressor","Concentration","1","Fake ID","",0.85,"µg/L",1,"Not reported",,,,"µg/L",,"µg/L","1","2","3","4",
"2025-02-05","Vannmiljø_002-89255","Copper","Vm_2025","VannmiljøCopper2025","Aquatic","Freshwater","Stressor","Concentration","1","Fake ID","",0.59,"µg/L",1,"Not reported",,,,"µg/L",,"µg/L","1","2","3","4",
"2025-05-07","Vannmiljø_002-89255","Copper","Vm_2025","VannmiljøCopper2025","Aquatic","Freshwater","Stressor","Concentration","1","Fake ID","",0.91,"µg/L",1,"Not reported",,,,"µg/L",,"µg/L","1","2","3","4",
"2025-05-16","Vannmiljø_011-89849","Copper","Vm_2025","VannmiljøCopper2025","Aquatic","Freshwater","Stressor","Concentration","1","Fake ID","",0.96,"µg/L",1,"Not reported",,,,"µg/L",,"µg/L","1","2","3","4",
"2025-09-18","Vannmiljø_011-89849","Copper","Vm_2025","VannmiljøCopper2025","Aquatic","Freshwater","Stressor","Concentration","1","Fake ID","",3.1,"µg/L",1,"Not reported",,,,"µg/L",,"µg/L","1","2","3","4",
"2025-02-13","Vannmiljø_056-89981","Copper","Vm_2025","VannmiljøCopper2025","Aquatic","Freshwater","Stressor","Concentration","1","Fake ID","",9.3,"µg/L",1,"Not reported",,,,"µg/L",,"µg/L","1","2","3","4",
"2025-10-16","Vannmiljø_006-91106","Copper","Vm_2025","VannmiljøCopper2025","Aquatic","Freshwater","Stressor","Concentration","1","Fake ID","",1.7,"µg/L",1,"Not reported",,,1,"µg/L",,"µg/L","1","2","3","4","ICP-SFMS Metals in waste water, no digestion"
"2025-10-16","Vannmiljø_006-91106","Copper","Vm_2025","VannmiljøCopper2025","Aquatic","Freshwater","Stressor","Concentration","1","Fake ID","",2.24,"µg/L",1,"Not reported",,,1,"µg/L",,"µg/L","1","2","3","4","ICP-SFMS Avløpsvann etter oppslutning"
"2025-10-31","Vannmiljø_006-91106","Copper","Vm_2025","VannmiljøCopper2025","Aquatic","Freshwater","Stressor","Concentration","1","Fake ID","",2.1,"µg/L",1,"Not reported",,,1,"µg/L",,"µg/L","1","2","3","4","ICP-SFMS metaller i vann, ingen oppslutning"
"2025-10-16","Vannmiljø_006-91107","Copper","Vm_2025","VannmiljøCopper2025","Aquatic","Freshwater","Stressor","Concentration","1","Fake ID","",1.67,"µg/L",1,"Not reported",,,1,"µg/L",,"µg/L","1","2","3","4","ICP-SFMS Avløpsvann etter oppslutning"
"2025-10-16","Vannmiljø_006-91107","Copper","Vm_2025","VannmiljøCopper2025","Aquatic","Freshwater","Stressor","Concentration","1","Fake ID","",1.74,"µg/L",1,"Not reported",,,1,"µg/L",,"µg/L","1","2","3","4","ICP-SFMS Metals in waste water, no digestion"
"2025-10-31","Vannmiljø_006-91107","Copper","Vm_2025","VannmiljøCopper2025","Aquatic","Freshwater","Stressor","Concentration","1","Fake ID","",2.79,"µg/L",1,"Not reported",,,1,"µg/L",,"µg/L","1","2","3","4","ICP-SFMS metaller i vann, ingen oppslutning"
"2025-02-27","Vannmiljø_018-91635","Copper","Vm_2025","VannmiljøCopper2025","Aquatic","Freshwater","Stressor","Concentration","1","Fake ID","",2.6,"µg/L",1,"Not reported",,,,"µg/L",,"µg/L","1","2","3","4",
"2025-03-13","Vannmiljø_018-91635","Copper","Vm_2025","VannmiljøCopper2025","Aquatic","Freshwater","Stressor","Concentration","1","Fake ID","",2,"µg/L",1,"Not reported",,,,"µg/L",,"µg/L","1","2","3","4",
"2025-03-31","Vannmiljø_018-91635","Copper","Vm_2025","VannmiljøCopper2025","Aquatic","Freshwater","Stressor","Concentration","1","Fake ID","",1,"µg/L",1,"Not reported",,,,"µg/L",,"µg/L","1","2","3","4",
"2025-04-10","Vannmiljø_018-91635","Copper","Vm_2025","VannmiljøCopper2025","Aquatic","Freshwater","Stressor","Concentration","1","Fake ID","",0.85,"µg/L",1,"Not reported",,,,"µg/L",,"µg/L","1","2","3","4",
"2025-04-24","Vannmiljø_018-91635","Copper","Vm_2025","VannmiljøCopper2025","Aquatic","Freshwater","Stressor","Concentration","1","Fake ID","",0.84,"µg/L",1,"Not reported",,,,"µg/L",,"µg/L","1","2","3","4",
"2025-06-12","Vannmiljø_018-91635","Copper","Vm_2025","VannmiljøCopper2025","Aquatic","Freshwater","Stressor","Concentration","1","Fake ID","",0.69,"µg/L",1,"Not reported",,,,"µg/L",,"µg/L","1","2","3","4",
"2025-02-17","Vannmiljø_018-91644","Copper","Vm_2025","VannmiljøCopper2025","Aquatic","Freshwater","Stressor","Concentration","1","Fake ID","",2,"µg/L",1,"Not reported",,,0.05,"µg/L",,"µg/L","1","2","3","4","Metode: SS-EN ISO 17294-2:2023"
"2025-02-17","Vannmiljø_018-91644","Copper","Vm_2025","VannmiljøCopper2025","Aquatic","Freshwater","Stressor","Concentration","1","Fake ID","",2.4,"µg/L",1,"Not reported",,,0.5,"µg/L",,"µg/L","1","2","3","4","Oppsluttet - Metode: SS-EN ISO 15587-2:2002/SS-EN ISO 17294-2:2023"
"2025-06-19","Vannmiljø_018-91644","Copper","Vm_2025","VannmiljøCopper2025","Aquatic","Freshwater","Stressor","Concentration","1","Fake ID","",2.2,"µg/L",1,"Not reported",,,0.05,"µg/L",,"µg/L","1","2","3","4","Metode: SS-EN ISO 17294-2:2023"
"2025-10-16","Vannmiljø_018-91644","Copper","Vm_2025","VannmiljøCopper2025","Aquatic","Freshwater","Stressor","Concentration","1","Fake ID","",2.1,"µg/L",1,"Not reported",,,0.05,"µg/L",,"µg/L","1","2","3","4","Metode: SS-EN ISO 17294-2:2023"
"2025-10-16","Vannmiljø_018-91644","Copper","Vm_2025","VannmiljøCopper2025","Aquatic","Freshwater","Stressor","Concentration","1","Fake ID","",2.3,"µg/L",1,"Not reported",,,0.5,"µg/L",,"µg/L","1","2","3","4","Oppsluttet - Metode: SS-EN ISO 15587-2:2002/SS-EN ISO 17294-2:2023"
"2025-06-19","Vannmiljø_018-91644","Copper","Vm_2025","VannmiljøCopper2025","Aquatic","Freshwater","Stressor","Concentration","1","Fake ID","",2.4,"µg/L",1,"Not reported",,,0.5,"µg/L",,"µg/L","1","2","3","4","Oppsluttet - Metode: SS-EN ISO 15587-2:2002/SS-EN ISO 17294-2:2023"
"2025-05-15","Vannmiljø_002-92550","Copper","Vm_2025","VannmiljøCopper2025","Aquatic","Freshwater","Stressor","Concentration","1","Fake ID","",7.6,"µg/L",1,"Not reported",,,,"µg/L",,"µg/L","1","2","3","4",
"2025-04-23","Vannmiljø_003-94717","Copper","Vm_2025","VannmiljøCopper2025","Aquatic","Freshwater","Stressor","Concentration","1","Fake ID","",1.3,"µg/L",1,"Not reported",,,,"µg/L",,"µg/L","1","2","3","4",
"2025-06-26","Vannmiljø_003-94717","Copper","Vm_2025","VannmiljøCopper2025","Aquatic","Freshwater","Stressor","Concentration","1","Fake ID","",1.9,"µg/L",1,"Not reported",,,,"µg/L",,"µg/L","1","2","3","4",
"2025-09-25","Vannmiljø_003-94717","Copper","Vm_2025","VannmiljøCopper2025","Aquatic","Freshwater","Stressor","Concentration","1","Fake ID","",2.1,"µg/L",1,"Not reported",,,,"µg/L",,"µg/L","1","2","3","4",
"2025-04-23","Vannmiljø_003-94718","Copper","Vm_2025","VannmiljøCopper2025","Aquatic","Freshwater","Stressor","Concentration","1","Fake ID","",5.1,"µg/L",1,"Not reported",,,,"µg/L",,"µg/L","1","2","3","4",
"2025-06-26","Vannmiljø_003-94718","Copper","Vm_2025","VannmiljøCopper2025","Aquatic","Freshwater","Stressor","Concentration","1","Fake ID","",9,"µg/L",1,"Not reported",,,,"µg/L",,"µg/L","1","2","3","4",
"2025-09-25","Vannmiljø_003-94718","Copper","Vm_2025","VannmiljøCopper2025","Aquatic","Freshwater","Stressor","Concentration","1","Fake ID","",9,"µg/L",1,"Not reported",,,,"µg/L",,"µg/L","1","2","3","4",
"2025-04-23","Vannmiljø_003-94719","Copper","Vm_2025","VannmiljøCopper2025","Aquatic","Freshwater","Stressor","Concentration","1","Fake ID","",2.1,"µg/L",1,"Not reported",,,,"µg/L",,"µg/L","1","2","3","4",
"2025-06-26","Vannmiljø_003-94719","Copper","Vm_2025","VannmiljøCopper2025","Aquatic","Freshwater","Stressor","Concentration","1","Fake ID","",1.3,"µg/L",1,"Not reported",,,,"µg/L",,"µg/L","1","2","3","4",
"2025-09-25","Vannmiljø_003-94719","Copper","Vm_2025","VannmiljøCopper2025","Aquatic","Freshwater","Stressor","Concentration","1","Fake ID","",3.7,"µg/L",1,"Not reported",,,,"µg/L",,"µg/L","1","2","3","4",
"2025-04-23","Vannmiljø_003-94720","Copper","Vm_2025","VannmiljøCopper2025","Aquatic","Freshwater","Stressor","Concentration","1","Fake ID","",2.7,"µg/L",1,"Not reported",,,,"µg/L",,"µg/L","1","2","3","4",
"2025-06-26","Vannmiljø_003-94720","Copper","Vm_2025","VannmiljøCopper2025","Aquatic","Freshwater","Stressor","Concentration","1","Fake ID","",3.1,"µg/L",1,"Not reported",,,,"µg/L",,"µg/L","1","2","3","4",
"2025-09-25","Vannmiljø_003-94720","Copper","Vm_2025","VannmiljøCopper2025","Aquatic","Freshwater","Stressor","Concentration","1","Fake ID","",4.5,"µg/L",1,"Not reported",,,,"µg/L",,"µg/L","1","2","3","4",
"2025-02-11","Vannmiljø_024-95183","Copper","Vm_2025","VannmiljøCopper2025","Aquatic","Freshwater","Stressor","Concentration","1","Fake ID","",0.24,"µg/L",1,"Not reported",,,,"µg/L",,"µg/L","1","2","3","4",
"2025-05-08","Vannmiljø_024-95183","Copper","Vm_2025","VannmiljøCopper2025","Aquatic","Freshwater","Stressor","Concentration","1","Fake ID","",0.23,"µg/L",1,"Not reported",,,,"µg/L",,"µg/L","1","2","3","4",
"2025-02-11","Vannmiljø_024-95184","Copper","Vm_2025","VannmiljøCopper2025","Aquatic","Freshwater","Stressor","Concentration","1","Fake ID","",0.23,"µg/L",1,"Not reported",,,,"µg/L",,"µg/L","1","2","3","4",
"2025-05-08","Vannmiljø_024-95184","Copper","Vm_2025","VannmiljøCopper2025","Aquatic","Freshwater","Stressor","Concentration","1","Fake ID","",0.24,"µg/L",1,"Not reported",,,,"µg/L",,"µg/L","1","2","3","4",
"2025-02-11","Vannmiljø_024-95185","Copper","Vm_2025","VannmiljøCopper2025","Aquatic","Freshwater","Stressor","Concentration","1","Fake ID","",0.23,"µg/L",1,"Not reported",,,,"µg/L",,"µg/L","1","2","3","4",
"2025-05-08","Vannmiljø_024-95185","Copper","Vm_2025","VannmiljøCopper2025","Aquatic","Freshwater","Stressor","Concentration","1","Fake ID","",0.23,"µg/L",1,"Not reported",,,,"µg/L",,"µg/L","1","2","3","4",
"2025-02-11","Vannmiljø_024-95186","Copper","Vm_2025","VannmiljøCopper2025","Aquatic","Freshwater","Stressor","Concentration","1","Fake ID","",0.24,"µg/L",1,"Not reported",,,,"µg/L",,"µg/L","1","2","3","4",
"2025-05-08","Vannmiljø_024-95186","Copper","Vm_2025","VannmiljøCopper2025","Aquatic","Freshwater","Stressor","Concentration","1","Fake ID","",0.22,"µg/L",1,"Not reported",,,,"µg/L",,"µg/L","1","2","3","4",
"2025-02-11","Vannmiljø_024-95187","Copper","Vm_2025","VannmiljøCopper2025","Aquatic","Freshwater","Stressor","Concentration","1","Fake ID","",0.27,"µg/L",1,"Not reported",,,,"µg/L",,"µg/L","1","2","3","4",
"2025-05-08","Vannmiljø_024-95187","Copper","Vm_2025","VannmiljøCopper2025","Aquatic","Freshwater","Stressor","Concentration","1","Fake ID","",0.38,"µg/L",1,"Not reported",,,,"µg/L",,"µg/L","1","2","3","4",
"2025-02-11","Vannmiljø_024-95189","Copper","Vm_2025","VannmiljøCopper2025","Aquatic","Freshwater","Stressor","Concentration","1","Fake ID","",0.17,"µg/L",1,"Not reported",,,,"µg/L",,"µg/L","1","2","3","4",
"2025-05-08","Vannmiljø_024-95189","Copper","Vm_2025","VannmiljøCopper2025","Aquatic","Freshwater","Stressor","Concentration","1","Fake ID","",0.17,"µg/L",1,"Not reported",,,,"µg/L",,"µg/L","1","2","3","4",
"2025-02-11","Vannmiljø_024-95190","Copper","Vm_2025","VannmiljøCopper2025","Aquatic","Freshwater","Stressor","Concentration","1","Fake ID","",0.37,"µg/L",1,"Not reported",,,,"µg/L",,"µg/L","1","2","3","4",
"2025-05-08","Vannmiljø_024-95190","Copper","Vm_2025","VannmiljøCopper2025","Aquatic","Freshwater","Stressor","Concentration","1","Fake ID","",0.68,"µg/L",1,"Not reported",,,,"µg/L",,"µg/L","1","2","3","4",
"2025-01-15","Vannmiljø_024-95195","Copper","Vm_2025","VannmiljøCopper2025","Aquatic","Freshwater","Stressor","Concentration","1","Fake ID","",1.1,"µg/L",1,"Not reported",,,,"µg/L",,"µg/L","1","2","3","4",
"2025-02-11","Vannmiljø_024-95195","Copper","Vm_2025","VannmiljøCopper2025","Aquatic","Freshwater","Stressor","Concentration","1","Fake ID","",0.76,"µg/L",1,"Not reported",,,,"µg/L",,"µg/L","1","2","3","4",
"2025-02-11","Vannmiljø_024-95195","Copper","Vm_2025","VannmiljøCopper2025","Aquatic","Freshwater","Stressor","Concentration","1","Fake ID","",0.81,"µg/L",1,"Not reported",,,,"µg/L",,"µg/L","1","2","3","4",
"2025-03-11","Vannmiljø_024-95195","Copper","Vm_2025","VannmiljøCopper2025","Aquatic","Freshwater","Stressor","Concentration","1","Fake ID","",0.87,"µg/L",1,"Not reported",,,,"µg/L",,"µg/L","1","2","3","4",
"2025-04-08","Vannmiljø_024-95195","Copper","Vm_2025","VannmiljøCopper2025","Aquatic","Freshwater","Stressor","Concentration","1","Fake ID","",0.58,"µg/L",1,"Not reported",,,,"µg/L",,"µg/L","1","2","3","4",
"2025-05-08","Vannmiljø_024-95195","Copper","Vm_2025","VannmiljøCopper2025","Aquatic","Freshwater","Stressor","Concentration","1","Fake ID","",0.64,"µg/L",1,"Not reported",,,,"µg/L",,"µg/L","1","2","3","4",
"2025-05-08","Vannmiljø_024-95195","Copper","Vm_2025","VannmiljøCopper2025","Aquatic","Freshwater","Stressor","Concentration","1","Fake ID","",0.87,"µg/L",1,"Not reported",,,,"µg/L",,"µg/L","1","2","3","4",
"2025-03-25","Vannmiljø_002-96019","Copper","Vm_2025","VannmiljøCopper2025","Aquatic","Freshwater","Stressor","Concentration","1","Fake ID","",0.63,"µg/L",1,"Not reported",,,,"µg/L",,"µg/L","1","2","3","4",
"2025-03-25","Vannmiljø_002-96019","Copper","Vm_2025","VannmiljøCopper2025","Aquatic","Freshwater","Stressor","Concentration","1","Fake ID","",1.1,"µg/L",1,"Not reported",,,,"µg/L",,"µg/L","1","2","3","4",
"2025-03-25","Vannmiljø_002-96019","Copper","Vm_2025","VannmiljøCopper2025","Aquatic","Freshwater","Stressor","Concentration","1","Fake ID","",1.2,"µg/L",1,"Not reported",,,,"µg/L",,"µg/L","1","2","3","4",
"2025-03-25","Vannmiljø_002-96019","Copper","Vm_2025","VannmiljøCopper2025","Aquatic","Freshwater","Stressor","Concentration","1","Fake ID","",2.1,"µg/L",1,"Not reported",,,,"µg/L",,"µg/L","1","2","3","4",
"2025-01-22","Vannmiljø_002-96019","Copper","Vm_2025","VannmiljøCopper2025","Aquatic","Freshwater","Stressor","Concentration","1","Fake ID","",0.98,"µg/L",1,"Not reported",,,,"µg/L",,"µg/L","1","2","3","4",
"2025-01-22","Vannmiljø_002-96019","Copper","Vm_2025","VannmiljøCopper2025","Aquatic","Freshwater","Stressor","Concentration","1","Fake ID","",0.28,"µg/L",1,"Not reported",,,,"µg/L",,"µg/L","1","2","3","4",
"2025-01-22","Vannmiljø_002-96019","Copper","Vm_2025","VannmiljøCopper2025","Aquatic","Freshwater","Stressor","Concentration","1","Fake ID","",0.53,"µg/L",1,"Not reported",,,,"µg/L",,"µg/L","1","2","3","4",
"2025-01-22","Vannmiljø_002-96019","Copper","Vm_2025","VannmiljøCopper2025","Aquatic","Freshwater","Stressor","Concentration","1","Fake ID","",0.63,"µg/L",1,"Not reported",,,,"µg/L",,"µg/L","1","2","3","4",
"2025-02-24","Vannmiljø_002-96019","Copper","Vm_2025","VannmiljøCopper2025","Aquatic","Freshwater","Stressor","Concentration","1","Fake ID","",1.6,"µg/L",1,"Not reported",,,,"µg/L",,"µg/L","1","2","3","4",
"2025-02-24","Vannmiljø_002-96019","Copper","Vm_2025","VannmiljøCopper2025","Aquatic","Freshwater","Stressor","Concentration","1","Fake ID","",20,"µg/L",1,"Not reported",,,,"µg/L",,"µg/L","1","2","3","4",
"2025-02-24","Vannmiljø_002-96019","Copper","Vm_2025","VannmiljøCopper2025","Aquatic","Freshwater","Stressor","Concentration","1","Fake ID","",1.5,"µg/L",1,"Not reported",,,,"µg/L",,"µg/L","1","2","3","4",
"2025-02-24","Vannmiljø_002-96019","Copper","Vm_2025","VannmiljøCopper2025","Aquatic","Freshwater","Stressor","Concentration","1","Fake ID","",5.9,"µg/L",1,"Not reported",,,,"µg/L",,"µg/L","1","2","3","4",
"2025-06-25","Vannmiljø_002-96019","Copper","Vm_2025","VannmiljøCopper2025","Aquatic","Freshwater","Stressor","Concentration","1","Fake ID","",1.76,"µg/L",1,"Not reported",,,1,"µg/L",,"µg/L","1","2","3","4","ICP-SFMS Metals in waste water no digestion"
"2025-06-24","Vannmiljø_002-96019","Copper","Vm_2025","VannmiljøCopper2025","Aquatic","Freshwater","Stressor","Concentration","1","Fake ID","< LOQ",1,"µg/L",1,"Not reported",,,1,"µg/L",,"µg/L","1","2","3","4","ICP-SFMS Metals in waste water no digestion"
"2025-06-24","Vannmiljø_002-96019","Copper","Vm_2025","VannmiljøCopper2025","Aquatic","Freshwater","Stressor","Concentration","1","Fake ID","< LOQ",1,"µg/L",1,"Not reported",,,1,"µg/L",,"µg/L","1","2","3","4","ICP-SFMS Avløpsvann etter oppslutning"
"2025-05-23","Vannmiljø_002-96019","Copper","Vm_2025","VannmiljøCopper2025","Aquatic","Freshwater","Stressor","Concentration","1","Fake ID","",1.64,"µg/L",1,"Not reported",,,1,"µg/L",,"µg/L","1","2","3","4","ICP-SFMS Avløpsvann etter oppslutning"
"2025-05-22","Vannmiljø_002-96019","Copper","Vm_2025","VannmiljøCopper2025","Aquatic","Freshwater","Stressor","Concentration","1","Fake ID","",1.04,"µg/L",1,"Not reported",,,1,"µg/L",,"µg/L","1","2","3","4","ICP-SFMS Metals in waste water no digestion"
"2025-04-23","Vannmiljø_002-96019","Copper","Vm_2025","VannmiljøCopper2025","Aquatic","Freshwater","Stressor","Concentration","1","Fake ID","< LOQ",1,"µg/L",1,"Not reported",,,1,"µg/L",,"µg/L","1","2","3","4","ICP-SFMS Metals in waste water no digestion"
"2025-01-22","Vannmiljø_002-96020","Copper","Vm_2025","VannmiljøCopper2025","Aquatic","Freshwater","Stressor","Concentration","1","Fake ID","",0.58,"µg/L",1,"Not reported",,,,"µg/L",,"µg/L","1","2","3","4",
"2025-01-22","Vannmiljø_002-96020","Copper","Vm_2025","VannmiljøCopper2025","Aquatic","Freshwater","Stressor","Concentration","1","Fake ID","",0.8,"µg/L",1,"Not reported",,,,"µg/L",,"µg/L","1","2","3","4",
"2025-02-24","Vannmiljø_002-96020","Copper","Vm_2025","VannmiljøCopper2025","Aquatic","Freshwater","Stressor","Concentration","1","Fake ID","",3.2,"µg/L",1,"Not reported",,,,"µg/L",,"µg/L","1","2","3","4",
"2025-02-24","Vannmiljø_002-96020","Copper","Vm_2025","VannmiljøCopper2025","Aquatic","Freshwater","Stressor","Concentration","1","Fake ID","",1.9,"µg/L",1,"Not reported",,,,"µg/L",,"µg/L","1","2","3","4",
"2025-03-13","Vannmiljø_002-96020","Copper","Vm_2025","VannmiljøCopper2025","Aquatic","Freshwater","Stressor","Concentration","1","Fake ID","",2.9,"µg/L",1,"Not reported",,,,"µg/L",,"µg/L","1","2","3","4",
"2025-03-13","Vannmiljø_002-96020","Copper","Vm_2025","VannmiljøCopper2025","Aquatic","Freshwater","Stressor","Concentration","1","Fake ID","",3.4,"µg/L",1,"Not reported",,,,"µg/L",,"µg/L","1","2","3","4",
"2025-03-24","Vannmiljø_002-96020","Copper","Vm_2025","VannmiljøCopper2025","Aquatic","Freshwater","Stressor","Concentration","1","Fake ID","",1.6,"µg/L",1,"Not reported",,,,"µg/L",,"µg/L","1","2","3","4",
"2025-03-24","Vannmiljø_002-96020","Copper","Vm_2025","VannmiljøCopper2025","Aquatic","Freshwater","Stressor","Concentration","1","Fake ID","",2.5,"µg/L",1,"Not reported",,,,"µg/L",,"µg/L","1","2","3","4",
"2025-06-24","Vannmiljø_002-96020","Copper","Vm_2025","VannmiljøCopper2025","Aquatic","Freshwater","Stressor","Concentration","1","Fake ID","",1.89,"µg/L",1,"Not reported",,,1,"µg/L",,"µg/L","1","2","3","4","ICP-SFMS Avløpsvann etter oppslutning"
"2025-06-24","Vannmiljø_002-96020","Copper","Vm_2025","VannmiljøCopper2025","Aquatic","Freshwater","Stressor","Concentration","1","Fake ID","",1.04,"µg/L",1,"Not reported",,,1,"µg/L",,"µg/L","1","2","3","4","ICP-SFMS Metals in waste water no digestion"
"2025-05-22","Vannmiljø_002-96020","Copper","Vm_2025","VannmiljøCopper2025","Aquatic","Freshwater","Stressor","Concentration","1","Fake ID","",2.04,"µg/L",1,"Not reported",,,1,"µg/L",,"µg/L","1","2","3","4","ICP-SFMS Avløpsvann etter oppslutning"
"2025-03-25","Vannmiljø_002-96027","Copper","Vm_2025","VannmiljøCopper2025","Aquatic","Freshwater","Stressor","Concentration","1","Fake ID","",1.3,"µg/L",1,"Not reported",,,,"µg/L",,"µg/L","1","2","3","4",
"2025-03-25","Vannmiljø_002-96027","Copper","Vm_2025","VannmiljøCopper2025","Aquatic","Freshwater","Stressor","Concentration","1","Fake ID","",2.1,"µg/L",1,"Not reported",,,,"µg/L",,"µg/L","1","2","3","4",
"2025-01-22","Vannmiljø_002-96027","Copper","Vm_2025","VannmiljøCopper2025","Aquatic","Freshwater","Stressor","Concentration","1","Fake ID","",0.61,"µg/L",1,"Not reported",,,,"µg/L",,"µg/L","1","2","3","4",
"2025-01-22","Vannmiljø_002-96027","Copper","Vm_2025","VannmiljøCopper2025","Aquatic","Freshwater","Stressor","Concentration","1","Fake ID","",1,"µg/L",1,"Not reported",,,,"µg/L",,"µg/L","1","2","3","4",
"2025-02-24","Vannmiljø_002-96027","Copper","Vm_2025","VannmiljøCopper2025","Aquatic","Freshwater","Stressor","Concentration","1","Fake ID","",1.7,"µg/L",1,"Not reported",,,,"µg/L",,"µg/L","1","2","3","4",
"2025-02-24","Vannmiljø_002-96027","Copper","Vm_2025","VannmiljøCopper2025","Aquatic","Freshwater","Stressor","Concentration","1","Fake ID","",21,"µg/L",1,"Not reported",,,,"µg/L",,"µg/L","1","2","3","4",
"2025-06-25","Vannmiljø_002-96027","Copper","Vm_2025","VannmiljøCopper2025","Aquatic","Freshwater","Stressor","Concentration","1","Fake ID","",1.53,"µg/L",1,"Not reported",,,1,"µg/L",,"µg/L","1","2","3","4","ICP-SFMS Metals in waste water no digestion"
"2025-05-23","Vannmiljø_002-96027","Copper","Vm_2025","VannmiljøCopper2025","Aquatic","Freshwater","Stressor","Concentration","1","Fake ID","",1.23,"µg/L",1,"Not reported",,,1,"µg/L",,"µg/L","1","2","3","4","ICP-SFMS Metals in waste water no digestion"
"2025-04-23","Vannmiljø_002-96027","Copper","Vm_2025","VannmiljøCopper2025","Aquatic","Freshwater","Stressor","Concentration","1","Fake ID","",1.02,"µg/L",1,"Not reported",,,1,"µg/L",,"µg/L","1","2","3","4","ICP-SFMS Metals in waste water no digestion"
"2025-03-25","Vannmiljø_002-96028","Copper","Vm_2025","VannmiljøCopper2025","Aquatic","Freshwater","Stressor","Concentration","1","Fake ID","",0.91,"µg/L",1,"Not reported",,,,"µg/L",,"µg/L","1","2","3","4",
"2025-03-25","Vannmiljø_002-96028","Copper","Vm_2025","VannmiljøCopper2025","Aquatic","Freshwater","Stressor","Concentration","1","Fake ID","",1.9,"µg/L",1,"Not reported",,,,"µg/L",,"µg/L","1","2","3","4",
"2025-01-22","Vannmiljø_002-96028","Copper","Vm_2025","VannmiljøCopper2025","Aquatic","Freshwater","Stressor","Concentration","1","Fake ID","",0.53,"µg/L",1,"Not reported",,,,"µg/L",,"µg/L","1","2","3","4",
"2025-01-22","Vannmiljø_002-96028","Copper","Vm_2025","VannmiljøCopper2025","Aquatic","Freshwater","Stressor","Concentration","1","Fake ID","",0.87,"µg/L",1,"Not reported",,,,"µg/L",,"µg/L","1","2","3","4",
"2025-02-24","Vannmiljø_002-96028","Copper","Vm_2025","VannmiljøCopper2025","Aquatic","Freshwater","Stressor","Concentration","1","Fake ID","",1.7,"µg/L",1,"Not reported",,,,"µg/L",,"µg/L","1","2","3","4",
"2025-02-24","Vannmiljø_002-96028","Copper","Vm_2025","VannmiljøCopper2025","Aquatic","Freshwater","Stressor","Concentration","1","Fake ID","",29,"µg/L",1,"Not reported",,,,"µg/L",,"µg/L","1","2","3","4",
"2025-06-25","Vannmiljø_002-96028","Copper","Vm_2025","VannmiljøCopper2025","Aquatic","Freshwater","Stressor","Concentration","1","Fake ID","",1.34,"µg/L",1,"Not reported",,,1,"µg/L",,"µg/L","1","2","3","4","ICP-SFMS Metals in waste water no digestion"
"2025-05-23","Vannmiljø_002-96028","Copper","Vm_2025","VannmiljøCopper2025","Aquatic","Freshwater","Stressor","Concentration","1","Fake ID","< LOQ",1,"µg/L",1,"Not reported",,,1,"µg/L",,"µg/L","1","2","3","4","ICP-SFMS Avløpsvann etter oppslutning"
"2025-05-22","Vannmiljø_002-96028","Copper","Vm_2025","VannmiljøCopper2025","Aquatic","Freshwater","Stressor","Concentration","1","Fake ID","< LOQ",1,"µg/L",1,"Not reported",,,1,"µg/L",,"µg/L","1","2","3","4","ICP-SFMS Metals in waste water no digestion"
"2025-03-25","Vannmiljø_002-96029","Copper","Vm_2025","VannmiljøCopper2025","Aquatic","Freshwater","Stressor","Concentration","1","Fake ID","",1.5,"µg/L",1,"Not reported",,,,"µg/L",,"µg/L","1","2","3","4",
"2025-03-25","Vannmiljø_002-96029","Copper","Vm_2025","VannmiljøCopper2025","Aquatic","Freshwater","Stressor","Concentration","1","Fake ID","",0.87,"µg/L",1,"Not reported",,,,"µg/L",,"µg/L","1","2","3","4",
"2025-01-22","Vannmiljø_002-96029","Copper","Vm_2025","VannmiljøCopper2025","Aquatic","Freshwater","Stressor","Concentration","1","Fake ID","",0.47,"µg/L",1,"Not reported",,,,"µg/L",,"µg/L","1","2","3","4",
"2025-01-22","Vannmiljø_002-96029","Copper","Vm_2025","VannmiljøCopper2025","Aquatic","Freshwater","Stressor","Concentration","1","Fake ID","",0.79,"µg/L",1,"Not reported",,,,"µg/L",,"µg/L","1","2","3","4",
"2025-02-24","Vannmiljø_002-96029","Copper","Vm_2025","VannmiljøCopper2025","Aquatic","Freshwater","Stressor","Concentration","1","Fake ID","",6.8,"µg/L",1,"Not reported",,,,"µg/L",,"µg/L","1","2","3","4",
"2025-02-24","Vannmiljø_002-96029","Copper","Vm_2025","VannmiljøCopper2025","Aquatic","Freshwater","Stressor","Concentration","1","Fake ID","",1.4,"µg/L",1,"Not reported",,,,"µg/L",,"µg/L","1","2","3","4",
"2025-06-25","Vannmiljø_002-96029","Copper","Vm_2025","VannmiljøCopper2025","Aquatic","Freshwater","Stressor","Concentration","1","Fake ID","",1.08,"µg/L",1,"Not reported",,,1,"µg/L",,"µg/L","1","2","3","4","ICP-SFMS Metals in waste water no digestion"
"2025-05-23","Vannmiljø_002-96029","Copper","Vm_2025","VannmiljøCopper2025","Aquatic","Freshwater","Stressor","Concentration","1","Fake ID","",1.55,"µg/L",1,"Not reported",,,1,"µg/L",,"µg/L","1","2","3","4","ICP-SFMS Avløpsvann etter oppslutning"
"2025-05-22","Vannmiljø_002-96029","Copper","Vm_2025","VannmiljøCopper2025","Aquatic","Freshwater","Stressor","Concentration","1","Fake ID","< LOQ",1,"µg/L",1,"Not reported",,,1,"µg/L",,"µg/L","1","2","3","4","ICP-SFMS Metals in waste water no digestion"
"2025-06-11","Vannmiljø_002-96181","Copper","Vm_2025","VannmiljøCopper2025","Aquatic","Freshwater","Stressor","Concentration","1","Fake ID","",5.5,"µg/L",1,"Not reported",,,0.1,"µg/L",,"µg/L","1","2","3","4",
"2025-09-17","Vannmiljø_002-96181","Copper","Vm_2025","VannmiljøCopper2025","Aquatic","Freshwater","Stressor","Concentration","1","Fake ID","",7.5,"µg/L",1,"Not reported",,,0.1,"µg/L",,"µg/L","1","2","3","4",
"2025-06-11","Vannmiljø_002-96182","Copper","Vm_2025","VannmiljøCopper2025","Aquatic","Freshwater","Stressor","Concentration","1","Fake ID","",2.2,"µg/L",1,"Not reported",,,0.1,"µg/L",,"µg/L","1","2","3","4",
"2025-03-17","Vannmiljø_002-96182","Copper","Vm_2025","VannmiljøCopper2025","Aquatic","Freshwater","Stressor","Concentration","1","Fake ID","",1.4,"µg/L",1,"Not reported",,,0.1,"µg/L",,"µg/L","1","2","3","4",
"2025-09-17","Vannmiljø_002-96182","Copper","Vm_2025","VannmiljøCopper2025","Aquatic","Freshwater","Stressor","Concentration","1","Fake ID","",2.1,"µg/L",1,"Not reported",,,0.1,"µg/L",,"µg/L","1","2","3","4",
"2025-03-17","Vannmiljø_002-96183","Copper","Vm_2025","VannmiljøCopper2025","Aquatic","Freshwater","Stressor","Concentration","1","Fake ID","",2.7,"µg/L",1,"Not reported",,,0.1,"µg/L",,"µg/L","1","2","3","4",
"2025-09-17","Vannmiljø_002-96183","Copper","Vm_2025","VannmiljøCopper2025","Aquatic","Freshwater","Stressor","Concentration","1","Fake ID","",5.7,"µg/L",1,"Not reported",,,0.1,"µg/L",,"µg/L","1","2","3","4",
"2025-03-17","Vannmiljø_002-96184","Copper","Vm_2025","VannmiljøCopper2025","Aquatic","Freshwater","Stressor","Concentration","1","Fake ID","",2.5,"µg/L",1,"Not reported",,,0.1,"µg/L",,"µg/L","1","2","3","4",
"2025-06-11","Vannmiljø_002-96184","Copper","Vm_2025","VannmiljøCopper2025","Aquatic","Freshwater","Stressor","Concentration","1","Fake ID","",2.2,"µg/L",1,"Not reported",,,0.1,"µg/L",,"µg/L","1","2","3","4",
"2025-09-17","Vannmiljø_002-96184","Copper","Vm_2025","VannmiljøCopper2025","Aquatic","Freshwater","Stressor","Concentration","1","Fake ID","",8.4,"µg/L",1,"Not reported",,,0.1,"µg/L",,"µg/L","1","2","3","4",
"2025-01-08","Vannmiljø_122-96674","Copper","Vm_2025","VannmiljøCopper2025","Aquatic","Freshwater","Stressor","Concentration","1","Fake ID","",1.42,"µg/L",1,"Not reported",,,1,"µg/L",,"µg/L","1","2","3","4","ICP-SFMS Waste water after digestion"
"2025-04-08","Vannmiljø_122-96674","Copper","Vm_2025","VannmiljøCopper2025","Aquatic","Freshwater","Stressor","Concentration","1","Fake ID","< LOQ",1,"µg/L",1,"Not reported",,,1,"µg/L",,"µg/L","1","2","3","4","ICP-SFMS Waste water after digestion"
"2025-07-02","Vannmiljø_122-96674","Copper","Vm_2025","VannmiljøCopper2025","Aquatic","Freshwater","Stressor","Concentration","1","Fake ID","",2.18,"µg/L",1,"Not reported",,,1,"µg/L",,"µg/L","1","2","3","4","ICP-SFMS Waste water after digestion"
"2025-04-02","Vannmiljø_122-96674","Copper","Vm_2025","VannmiljøCopper2025","Aquatic","Freshwater","Stressor","Concentration","1","Fake ID","",0.569,"µg/L",1,"Not reported",,,0.1,"µg/L",,"µg/L","1","2","3","4","ICP-SFMS Metals in freshwater pool and drinking water no digestion"
"2025-01-08","Vannmiljø_122-96682","Copper","Vm_2025","VannmiljøCopper2025","Aquatic","Freshwater","Stressor","Concentration","1","Fake ID","",1.14,"µg/L",1,"Not reported",,,1,"µg/L",,"µg/L","1","2","3","4","ICP-SFMS Waste water after digestion"
"2025-04-08","Vannmiljø_122-96682","Copper","Vm_2025","VannmiljøCopper2025","Aquatic","Freshwater","Stressor","Concentration","1","Fake ID","< LOQ",1,"µg/L",1,"Not reported",,,1,"µg/L",,"µg/L","1","2","3","4","ICP-SFMS Waste water after digestion"
"2025-04-02","Vannmiljø_122-96682","Copper","Vm_2025","VannmiljøCopper2025","Aquatic","Freshwater","Stressor","Concentration","1","Fake ID","< LOQ",1,"µg/L",1,"Not reported",,,1,"µg/L",,"µg/L","1","2","3","4","ICP-SFMS Waste water after digestion"
"2025-07-02","Vannmiljø_122-96682","Copper","Vm_2025","VannmiljøCopper2025","Aquatic","Freshwater","Stressor","Concentration","1","Fake ID","",0.467,"µg/L",1,"Not reported",,,0.1,"µg/L",,"µg/L","1","2","3","4","ICP-SFMS Metals in freshwater pool and drinking water no digestion"
"2025-01-08","Vannmiljø_122-96683","Copper","Vm_2025","VannmiljøCopper2025","Aquatic","Freshwater","Stressor","Concentration","1","Fake ID","",1.8,"µg/L",1,"Not reported",,,1,"µg/L",,"µg/L","1","2","3","4","ICP-SFMS Waste water after digestion"
"2025-04-08","Vannmiljø_122-96683","Copper","Vm_2025","VannmiljøCopper2025","Aquatic","Freshwater","Stressor","Concentration","1","Fake ID","",2.15,"µg/L",1,"Not reported",,,1,"µg/L",,"µg/L","1","2","3","4","ICP-SFMS Waste water after digestion"
"2025-07-02","Vannmiljø_122-96683","Copper","Vm_2025","VannmiljøCopper2025","Aquatic","Freshwater","Stressor","Concentration","1","Fake ID","",1.72,"µg/L",1,"Not reported",,,1,"µg/L",,"µg/L","1","2","3","4","ICP-SFMS Waste water after digestion"
"2025-01-08","Vannmiljø_122-96685","Copper","Vm_2025","VannmiljøCopper2025","Aquatic","Freshwater","Stressor","Concentration","1","Fake ID","",1.2,"µg/L",1,"Not reported",,,1,"µg/L",,"µg/L","1","2","3","4","ICP-SFMS Waste water after digestion"
"2025-04-08","Vannmiljø_122-96685","Copper","Vm_2025","VannmiljøCopper2025","Aquatic","Freshwater","Stressor","Concentration","1","Fake ID","< LOQ",1,"µg/L",1,"Not reported",,,1,"µg/L",,"µg/L","1","2","3","4","ICP-SFMS Waste water after digestion"
"2025-07-02","Vannmiljø_122-96685","Copper","Vm_2025","VannmiljøCopper2025","Aquatic","Freshwater","Stressor","Concentration","1","Fake ID","",0.605,"µg/L",1,"Not reported",,,0.1,"µg/L",,"µg/L","1","2","3","4","ICP-SFMS Metals in freshwater pool and drinking water no digestion"
"2025-04-02","Vannmiljø_122-96685","Copper","Vm_2025","VannmiljøCopper2025","Aquatic","Freshwater","Stressor","Concentration","1","Fake ID","< LOQ",1,"µg/L",1,"Not reported",,,1,"µg/L",,"µg/L","1","2","3","4","ICP-SFMS Waste water after digestion"
"2025-01-08","Vannmiljø_122-96686","Copper","Vm_2025","VannmiljøCopper2025","Aquatic","Freshwater","Stressor","Concentration","1","Fake ID","",1.69,"µg/L",1,"Not reported",,,1,"µg/L",,"µg/L","1","2","3","4","ICP-SFMS Waste water after digestion"
"2025-04-08","Vannmiljø_122-96686","Copper","Vm_2025","VannmiljøCopper2025","Aquatic","Freshwater","Stressor","Concentration","1","Fake ID","< LOQ",1,"µg/L",1,"Not reported",,,1,"µg/L",,"µg/L","1","2","3","4","ICP-SFMS Waste water after digestion"
"2025-07-02","Vannmiljø_122-96686","Copper","Vm_2025","VannmiljøCopper2025","Aquatic","Freshwater","Stressor","Concentration","1","Fake ID","< LOQ",1,"µg/L",1,"Not reported",,,1,"µg/L",,"µg/L","1","2","3","4","ICP-SFMS Waste water after digestion"
"2025-01-08","Vannmiljø_122-96687","Copper","Vm_2025","VannmiljøCopper2025","Aquatic","Freshwater","Stressor","Concentration","1","Fake ID","",1.52,"µg/L",1,"Not reported",,,1,"µg/L",,"µg/L","1","2","3","4","ICP-SFMS Waste water after digestion"
"2025-04-08","Vannmiljø_122-96687","Copper","Vm_2025","VannmiljøCopper2025","Aquatic","Freshwater","Stressor","Concentration","1","Fake ID","",1.48,"µg/L",1,"Not reported",,,1,"µg/L",,"µg/L","1","2","3","4","ICP-SFMS Waste water after digestion"
"2025-04-02","Vannmiljø_122-96687","Copper","Vm_2025","VannmiljøCopper2025","Aquatic","Freshwater","Stressor","Concentration","1","Fake ID","< LOQ",1,"µg/L",1,"Not reported",,,1,"µg/L",,"µg/L","1","2","3","4","ICP-SFMS Waste water after digestion"
"2025-07-02","Vannmiljø_122-96687","Copper","Vm_2025","VannmiljøCopper2025","Aquatic","Freshwater","Stressor","Concentration","1","Fake ID","",0.468,"µg/L",1,"Not reported",,,0.1,"µg/L",,"µg/L","1","2","3","4","ICP-SFMS Metals in freshwater pool and drinking water no digestion"
"2025-01-08","Vannmiljø_122-96704","Copper","Vm_2025","VannmiljøCopper2025","Aquatic","Freshwater","Stressor","Concentration","1","Fake ID","",1.82,"µg/L",1,"Not reported",,,1,"µg/L",,"µg/L","1","2","3","4","ICP-SFMS Waste water after digestion"
"2025-04-08","Vannmiljø_122-96704","Copper","Vm_2025","VannmiljøCopper2025","Aquatic","Freshwater","Stressor","Concentration","1","Fake ID","",1.3,"µg/L",1,"Not reported",,,1,"µg/L",,"µg/L","1","2","3","4","ICP-SFMS Waste water after digestion"
"2025-07-02","Vannmiljø_122-96704","Copper","Vm_2025","VannmiljøCopper2025","Aquatic","Freshwater","Stressor","Concentration","1","Fake ID","",2.02,"µg/L",1,"Not reported",,,1,"µg/L",,"µg/L","1","2","3","4","ICP-SFMS Waste water after digestion"
"2025-01-08","Vannmiljø_122-96705","Copper","Vm_2025","VannmiljøCopper2025","Aquatic","Freshwater","Stressor","Concentration","1","Fake ID","",1.68,"µg/L",1,"Not reported",,,1,"µg/L",,"µg/L","1","2","3","4","ICP-SFMS Waste water after digestion"
"2025-04-08","Vannmiljø_122-96705","Copper","Vm_2025","VannmiljøCopper2025","Aquatic","Freshwater","Stressor","Concentration","1","Fake ID","",1.25,"µg/L",1,"Not reported",,,1,"µg/L",,"µg/L","1","2","3","4","ICP-SFMS Waste water after digestion"
"2025-04-02","Vannmiljø_122-96705","Copper","Vm_2025","VannmiljøCopper2025","Aquatic","Freshwater","Stressor","Concentration","1","Fake ID","< LOQ",1,"µg/L",1,"Not reported",,,1,"µg/L",,"µg/L","1","2","3","4","ICP-SFMS Waste water after digestion"
"2025-07-02","Vannmiljø_122-96705","Copper","Vm_2025","VannmiljøCopper2025","Aquatic","Freshwater","Stressor","Concentration","1","Fake ID","",0.846,"µg/L",1,"Not reported",,,0.1,"µg/L",,"µg/L","1","2","3","4","ICP-SFMS Metals in freshwater pool and drinking water no digestion"
"2025-01-08","Vannmiljø_122-96707","Copper","Vm_2025","VannmiljøCopper2025","Aquatic","Freshwater","Stressor","Concentration","1","Fake ID","",1.47,"µg/L",1,"Not reported",,,1,"µg/L",,"µg/L","1","2","3","4","ICP-SFMS Waste water after digestion"
"2025-04-08","Vannmiljø_122-96707","Copper","Vm_2025","VannmiljøCopper2025","Aquatic","Freshwater","Stressor","Concentration","1","Fake ID","< LOQ",1,"µg/L",1,"Not reported",,,1,"µg/L",,"µg/L","1","2","3","4","ICP-SFMS Waste water after digestion"
"2025-07-02","Vannmiljø_122-96707","Copper","Vm_2025","VannmiljøCopper2025","Aquatic","Freshwater","Stressor","Concentration","1","Fake ID","",0.483,"µg/L",1,"Not reported",,,0.1,"µg/L",,"µg/L","1","2","3","4","ICP-SFMS Metals in freshwater pool and drinking water no digestion"
"2025-01-08","Vannmiljø_122-96708","Copper","Vm_2025","VannmiljøCopper2025","Aquatic","Freshwater","Stressor","Concentration","1","Fake ID","",1.23,"µg/L",1,"Not reported",,,1,"µg/L",,"µg/L","1","2","3","4","ICP-SFMS Waste water after digestion"
"2025-04-08","Vannmiljø_122-96708","Copper","Vm_2025","VannmiljøCopper2025","Aquatic","Freshwater","Stressor","Concentration","1","Fake ID","< LOQ",1,"µg/L",1,"Not reported",,,1,"µg/L",,"µg/L","1","2","3","4","ICP-SFMS Waste water after digestion"
"2025-07-02","Vannmiljø_122-96708","Copper","Vm_2025","VannmiljøCopper2025","Aquatic","Freshwater","Stressor","Concentration","1","Fake ID","",0.588,"µg/L",1,"Not reported",,,0.1,"µg/L",,"µg/L","1","2","3","4","ICP-SFMS Metals in freshwater pool and drinking water no digestion"
"2025-01-08","Vannmiljø_122-96710","Copper","Vm_2025","VannmiljøCopper2025","Aquatic","Freshwater","Stressor","Concentration","1","Fake ID","",1.31,"µg/L",1,"Not reported",,,1,"µg/L",,"µg/L","1","2","3","4","ICP-SFMS Waste water after digestion"
"2025-04-08","Vannmiljø_122-96710","Copper","Vm_2025","VannmiljøCopper2025","Aquatic","Freshwater","Stressor","Concentration","1","Fake ID","",1.38,"µg/L",1,"Not reported",,,1,"µg/L",,"µg/L","1","2","3","4","ICP-SFMS Waste water after digestion"
"2025-04-02","Vannmiljø_122-96710","Copper","Vm_2025","VannmiljøCopper2025","Aquatic","Freshwater","Stressor","Concentration","1","Fake ID","",181,"µg/L",1,"Not reported",,,1,"µg/L",,"µg/L","1","2","3","4","ICP-SFMS Waste water after digestion"
"2025-07-02","Vannmiljø_122-96710","Copper","Vm_2025","VannmiljøCopper2025","Aquatic","Freshwater","Stressor","Concentration","1","Fake ID","",1.36,"µg/L",1,"Not reported",,,0.1,"µg/L",,"µg/L","1","2","3","4","ICP-SFMS Metals in freshwater pool and drinking water no digestion"
"2025-01-08","Vannmiljø_122-96740","Copper","Vm_2025","VannmiljøCopper2025","Aquatic","Freshwater","Stressor","Concentration","1","Fake ID","",1.99,"µg/L",1,"Not reported",,,1,"µg/L",,"µg/L","1","2","3","4","ICP-SFMS Waste water after digestion"
"2025-04-08","Vannmiljø_122-96740","Copper","Vm_2025","VannmiljøCopper2025","Aquatic","Freshwater","Stressor","Concentration","1","Fake ID","< LOQ",1,"µg/L",1,"Not reported",,,1,"µg/L",,"µg/L","1","2","3","4","ICP-SFMS Waste water after digestion"
"2025-04-02","Vannmiljø_122-96740","Copper","Vm_2025","VannmiljøCopper2025","Aquatic","Freshwater","Stressor","Concentration","1","Fake ID","< LOQ",1,"µg/L",1,"Not reported",,,1,"µg/L",,"µg/L","1","2","3","4","ICP-SFMS Waste water after digestion"
"2025-07-02","Vannmiljø_122-96740","Copper","Vm_2025","VannmiljøCopper2025","Aquatic","Freshwater","Stressor","Concentration","1","Fake ID","",0.376,"µg/L",1,"Not reported",,,0.1,"µg/L",,"µg/L","1","2","3","4","ICP-SFMS Metals in freshwater pool and drinking water no digestion"
"2025-03-31","Vannmiljø_125-96852","Copper","Vm_2025","VannmiljøCopper2025","Aquatic","Freshwater","Stressor","Concentration","1","Fake ID","",0.79,"µg/L",1,"Not reported",,,,"µg/L",,"µg/L","1","2","3","4",
"2025-06-25","Vannmiljø_125-96852","Copper","Vm_2025","VannmiljøCopper2025","Aquatic","Freshwater","Stressor","Concentration","1","Fake ID","",0.71,"µg/L",1,"Not reported",,,,"µg/L",,"µg/L","1","2","3","4",
"2025-09-25","Vannmiljø_125-96852","Copper","Vm_2025","VannmiljøCopper2025","Aquatic","Freshwater","Stressor","Concentration","1","Fake ID","",0.82,"µg/L",1,"Not reported",,,,"µg/L",,"µg/L","1","2","3","4",
"2025-03-31","Vannmiljø_125-96854","Copper","Vm_2025","VannmiljøCopper2025","Aquatic","Freshwater","Stressor","Concentration","1","Fake ID","",1.1,"µg/L",1,"Not reported",,,,"µg/L",,"µg/L","1","2","3","4",
"2025-06-25","Vannmiljø_125-96854","Copper","Vm_2025","VannmiljøCopper2025","Aquatic","Freshwater","Stressor","Concentration","1","Fake ID","",1.4,"µg/L",1,"Not reported",,,,"µg/L",,"µg/L","1","2","3","4",
"2025-09-25","Vannmiljø_125-96854","Copper","Vm_2025","VannmiljøCopper2025","Aquatic","Freshwater","Stressor","Concentration","1","Fake ID","",1.6,"µg/L",1,"Not reported",,,,"µg/L",,"µg/L","1","2","3","4",
"2025-03-31","Vannmiljø_125-96856","Copper","Vm_2025","VannmiljøCopper2025","Aquatic","Freshwater","Stressor","Concentration","1","Fake ID","",2,"µg/L",1,"Not reported",,,,"µg/L",,"µg/L","1","2","3","4",
"2025-06-25","Vannmiljø_125-96856","Copper","Vm_2025","VannmiljøCopper2025","Aquatic","Freshwater","Stressor","Concentration","1","Fake ID","",2.5,"µg/L",1,"Not reported",,,,"µg/L",,"µg/L","1","2","3","4",
"2025-09-25","Vannmiljø_125-96856","Copper","Vm_2025","VannmiljøCopper2025","Aquatic","Freshwater","Stressor","Concentration","1","Fake ID","",4.3,"µg/L",1,"Not reported",,,,"µg/L",,"µg/L","1","2","3","4",
"2025-11-10","Vannmiljø_125-96856","Copper","Vm_2025","VannmiljøCopper2025","Aquatic","Freshwater","Stressor","Concentration","1","Fake ID","",2.1,"µg/L",1,"Not reported",,,,"µg/L",,"µg/L","1","2","3","4",
"2025-11-12","Vannmiljø_125-96856","Copper","Vm_2025","VannmiljøCopper2025","Aquatic","Freshwater","Stressor","Concentration","1","Fake ID","",2.5,"µg/L",1,"Not reported",,,,"µg/L",,"µg/L","1","2","3","4",
"2025-02-27","Vannmiljø_019-96875","Copper","Vm_2025","VannmiljøCopper2025","Aquatic","Freshwater","Stressor","Concentration","1","Fake ID","",2.3,"µg/L",1,"Not reported",,,,"µg/L",,"µg/L","1","2","3","4",
"2025-03-31","Vannmiljø_125-97007","Copper","Vm_2025","VannmiljøCopper2025","Aquatic","Freshwater","Stressor","Concentration","1","Fake ID","",0.79,"µg/L",1,"Not reported",,,,"µg/L",,"µg/L","1","2","3","4",
"2025-06-25","Vannmiljø_125-97007","Copper","Vm_2025","VannmiljøCopper2025","Aquatic","Freshwater","Stressor","Concentration","1","Fake ID","",0.98,"µg/L",1,"Not reported",,,,"µg/L",,"µg/L","1","2","3","4",
"2025-09-25","Vannmiljø_125-97007","Copper","Vm_2025","VannmiljøCopper2025","Aquatic","Freshwater","Stressor","Concentration","1","Fake ID","",1.2,"µg/L",1,"Not reported",,,,"µg/L",,"µg/L","1","2","3","4",
"2025-02-11","Vannmiljø_024-98549","Copper","Vm_2025","VannmiljøCopper2025","Aquatic","Freshwater","Stressor","Concentration","1","Fake ID","",0.18,"µg/L",1,"Not reported",,,,"µg/L",,"µg/L","1","2","3","4",
"2025-05-08","Vannmiljø_024-98549","Copper","Vm_2025","VannmiljøCopper2025","Aquatic","Freshwater","Stressor","Concentration","1","Fake ID","",0.13,"µg/L",1,"Not reported",,,,"µg/L",,"µg/L","1","2","3","4",
"2025-02-11","Vannmiljø_024-98550","Copper","Vm_2025","VannmiljøCopper2025","Aquatic","Freshwater","Stressor","Concentration","1","Fake ID","",0.57,"µg/L",1,"Not reported",,,,"µg/L",,"µg/L","1","2","3","4",
"2025-02-11","Vannmiljø_024-98550","Copper","Vm_2025","VannmiljøCopper2025","Aquatic","Freshwater","Stressor","Concentration","1","Fake ID","< LOQ",0.5,"µg/L",1,"Not reported",,,,"µg/L",,"µg/L","1","2","3","4",
"2025-03-11","Vannmiljø_024-98550","Copper","Vm_2025","VannmiljøCopper2025","Aquatic","Freshwater","Stressor","Concentration","1","Fake ID","",0.57,"µg/L",1,"Not reported",,,,"µg/L",,"µg/L","1","2","3","4",
"2025-04-08","Vannmiljø_024-98550","Copper","Vm_2025","VannmiljøCopper2025","Aquatic","Freshwater","Stressor","Concentration","1","Fake ID","",0.62,"µg/L",1,"Not reported",,,,"µg/L",,"µg/L","1","2","3","4",
"2025-05-08","Vannmiljø_024-98550","Copper","Vm_2025","VannmiljøCopper2025","Aquatic","Freshwater","Stressor","Concentration","1","Fake ID","",1.1,"µg/L",1,"Not reported",,,,"µg/L",,"µg/L","1","2","3","4",
"2025-05-08","Vannmiljø_024-98550","Copper","Vm_2025","VannmiljøCopper2025","Aquatic","Freshwater","Stressor","Concentration","1","Fake ID","",0.75,"µg/L",1,"Not reported",,,,"µg/L",,"µg/L","1","2","3","4",
"2025-03-31","Vannmiljø_125-99362","Copper","Vm_2025","VannmiljøCopper2025","Aquatic","Freshwater","Stressor","Concentration","1","Fake ID","",1.4,"µg/L",1,"Not reported",,,,"µg/L",,"µg/L","1","2","3","4",
"2025-06-25","Vannmiljø_125-99362","Copper","Vm_2025","VannmiljøCopper2025","Aquatic","Freshwater","Stressor","Concentration","1","Fake ID","",1.5,"µg/L",1,"Not reported",,,,"µg/L",,"µg/L","1","2","3","4",
"2025-09-25","Vannmiljø_125-99362","Copper","Vm_2025","VannmiljøCopper2025","Aquatic","Freshwater","Stressor","Concentration","1","Fake ID","",2.3,"µg/L",1,"Not reported",,,,"µg/L",,"µg/L","1","2","3","4",
"2025-03-31","Vannmiljø_125-99363","Copper","Vm_2025","VannmiljøCopper2025","Aquatic","Freshwater","Stressor","Concentration","1","Fake ID","",1,"µg/L",1,"Not reported",,,,"µg/L",,"µg/L","1","2","3","4",
"2025-06-25","Vannmiljø_125-99363","Copper","Vm_2025","VannmiljøCopper2025","Aquatic","Freshwater","Stressor","Concentration","1","Fake ID","",1.2,"µg/L",1,"Not reported",,,,"µg/L",,"µg/L","1","2","3","4",
"2025-09-25","Vannmiljø_125-99363","Copper","Vm_2025","VannmiljøCopper2025","Aquatic","Freshwater","Stressor","Concentration","1","Fake ID","",1.5,"µg/L",1,"Not reported",,,,"µg/L",,"µg/L","1","2","3","4",
"2025-05-08","Vannmiljø_004-100124","Copper","Vm_2025","VannmiljøCopper2025","Aquatic","Freshwater","Stressor","Concentration","1","Fake ID","",6.2,"µg/L",1,"Not reported",,,,"µg/L",,"µg/L","1","2","3","4",
"2025-08-06","Vannmiljø_004-100124","Copper","Vm_2025","VannmiljøCopper2025","Aquatic","Freshwater","Stressor","Concentration","1","Fake ID","",2.3,"µg/L",1,"Not reported",,,,"µg/L",,"µg/L","1","2","3","4",
"2025-06-25","Vannmiljø_004-100124","Copper","Vm_2025","VannmiljøCopper2025","Aquatic","Freshwater","Stressor","Concentration","1","Fake ID","",3,"µg/L",1,"Not reported",,,,"µg/L",,"µg/L","1","2","3","4",
"2025-08-06","Vannmiljø_004-100482","Copper","Vm_2025","VannmiljøCopper2025","Aquatic","Freshwater","Stressor","Concentration","1","Fake ID","",1.7,"µg/L",1,"Not reported",,,,"µg/L",,"µg/L","1","2","3","4",
"2025-05-08","Vannmiljø_004-100482","Copper","Vm_2025","VannmiljøCopper2025","Aquatic","Freshwater","Stressor","Concentration","1","Fake ID","",1.7,"µg/L",1,"Not reported",,,,"µg/L",,"µg/L","1","2","3","4",
"2025-06-25","Vannmiljø_004-100482","Copper","Vm_2025","VannmiljøCopper2025","Aquatic","Freshwater","Stressor","Concentration","1","Fake ID","",2,"µg/L",1,"Not reported",,,,"µg/L",,"µg/L","1","2","3","4",
"2025-02-11","Vannmiljø_024-101034","Copper","Vm_2025","VannmiljøCopper2025","Aquatic","Freshwater","Stressor","Concentration","1","Fake ID","",0.23,"µg/L",1,"Not reported",,,,"µg/L",,"µg/L","1","2","3","4",
"2025-05-08","Vannmiljø_024-101034","Copper","Vm_2025","VannmiljøCopper2025","Aquatic","Freshwater","Stressor","Concentration","1","Fake ID","",0.2,"µg/L",1,"Not reported",,,,"µg/L",,"µg/L","1","2","3","4",
"2025-03-31","Vannmiljø_125-101940","Copper","Vm_2025","VannmiljøCopper2025","Aquatic","Freshwater","Stressor","Concentration","1","Fake ID","",0.76,"µg/L",1,"Not reported",,,,"µg/L",,"µg/L","1","2","3","4",
"2025-06-25","Vannmiljø_125-101940","Copper","Vm_2025","VannmiljøCopper2025","Aquatic","Freshwater","Stressor","Concentration","1","Fake ID","",0.69,"µg/L",1,"Not reported",,,,"µg/L",,"µg/L","1","2","3","4",
"2025-09-25","Vannmiljø_125-101940","Copper","Vm_2025","VannmiljøCopper2025","Aquatic","Freshwater","Stressor","Concentration","1","Fake ID","",0.58,"µg/L",1,"Not reported",,,,"µg/L",,"µg/L","1","2","3","4",
"2025-01-16","Vannmiljø_003-102098","Copper","Vm_2025","VannmiljøCopper2025","Aquatic","Freshwater","Stressor","Concentration","1","Fake ID","",3.54,"µg/L",1,"Not reported",,,1,"µg/L",,"µg/L","1","2","3","4","ICP-SFMS Avløpsvann etter oppslutning"
"2025-02-14","Vannmiljø_003-102098","Copper","Vm_2025","VannmiljøCopper2025","Aquatic","Freshwater","Stressor","Concentration","1","Fake ID","",2.94,"µg/L",1,"Not reported",,,1,"µg/L",,"µg/L","1","2","3","4","ICP-SFMS Avløpsvann etter oppslutning"
"2025-03-14","Vannmiljø_003-102098","Copper","Vm_2025","VannmiljøCopper2025","Aquatic","Freshwater","Stressor","Concentration","1","Fake ID","",2.87,"µg/L",1,"Not reported",,,1,"µg/L",,"µg/L","1","2","3","4","ICP-SFMS Avløpsvann etter oppslutning"
"2025-04-11","Vannmiljø_003-102098","Copper","Vm_2025","VannmiljøCopper2025","Aquatic","Freshwater","Stressor","Concentration","1","Fake ID","",2.94,"µg/L",1,"Not reported",,,1,"µg/L",,"µg/L","1","2","3","4","ICP-SFMS Avløpsvann etter oppslutning"
"2025-05-09","Vannmiljø_003-102098","Copper","Vm_2025","VannmiljøCopper2025","Aquatic","Freshwater","Stressor","Concentration","1","Fake ID","",3.01,"µg/L",1,"Not reported",,,1,"µg/L",,"µg/L","1","2","3","4","ICP-SFMS Avløpsvann etter oppslutning"
"2025-06-13","Vannmiljø_003-102098","Copper","Vm_2025","VannmiljøCopper2025","Aquatic","Freshwater","Stressor","Concentration","1","Fake ID","",3.86,"µg/L",1,"Not reported",,,1,"µg/L",,"µg/L","1","2","3","4","ICP-SFMS Avløpsvann etter oppslutning"
"2025-07-11","Vannmiljø_003-102098","Copper","Vm_2025","VannmiljøCopper2025","Aquatic","Freshwater","Stressor","Concentration","1","Fake ID","",2.55,"µg/L",1,"Not reported",,,1,"µg/L",,"µg/L","1","2","3","4","ICP-SFMS Avløpsvann etter oppslutning"
"2025-08-15","Vannmiljø_003-102098","Copper","Vm_2025","VannmiljøCopper2025","Aquatic","Freshwater","Stressor","Concentration","1","Fake ID","",5.19,"µg/L",1,"Not reported",,,1,"µg/L",,"µg/L","1","2","3","4","ICP-SFMS Avløpsvann etter oppslutning"
"2025-10-24","Vannmiljø_003-102098","Copper","Vm_2025","VannmiljøCopper2025","Aquatic","Freshwater","Stressor","Concentration","1","Fake ID","",5.86,"µg/L",1,"Not reported",,,1,"µg/L",,"µg/L","1","2","3","4","ICP-SFMS Avløpsvann etter oppslutning"
"2025-11-14","Vannmiljø_003-102098","Copper","Vm_2025","VannmiljøCopper2025","Aquatic","Freshwater","Stressor","Concentration","1","Fake ID","",5.29,"µg/L",1,"Not reported",,,1,"µg/L",,"µg/L","1","2","3","4","ICP-SFMS Avløpsvann etter oppslutning"
"2025-01-08","Vannmiljø_122-102170","Copper","Vm_2025","VannmiljøCopper2025","Aquatic","Freshwater","Stressor","Concentration","1","Fake ID","",1.51,"µg/L",1,"Not reported",,,1,"µg/L",,"µg/L","1","2","3","4","ICP-SFMS Waste water after digestion"
"2025-04-08","Vannmiljø_122-102170","Copper","Vm_2025","VannmiljøCopper2025","Aquatic","Freshwater","Stressor","Concentration","1","Fake ID","< LOQ",1,"µg/L",1,"Not reported",,,1,"µg/L",,"µg/L","1","2","3","4","ICP-SFMS Waste water after digestion"
"2025-04-02","Vannmiljø_122-102170","Copper","Vm_2025","VannmiljøCopper2025","Aquatic","Freshwater","Stressor","Concentration","1","Fake ID","< LOQ",1,"µg/L",1,"Not reported",,,1,"µg/L",,"µg/L","1","2","3","4","ICP-SFMS Waste water after digestion"
"2025-07-02","Vannmiljø_122-102170","Copper","Vm_2025","VannmiljøCopper2025","Aquatic","Freshwater","Stressor","Concentration","1","Fake ID","",0.576,"µg/L",1,"Not reported",,,0.1,"µg/L",,"µg/L","1","2","3","4","ICP-SFMS Metals in freshwater pool and drinking water no digestion"
"2025-01-08","Vannmiljø_122-102171","Copper","Vm_2025","VannmiljøCopper2025","Aquatic","Freshwater","Stressor","Concentration","1","Fake ID","",1.25,"µg/L",1,"Not reported",,,1,"µg/L",,"µg/L","1","2","3","4","ICP-SFMS Waste water after digestion"
"2025-04-08","Vannmiljø_122-102171","Copper","Vm_2025","VannmiljøCopper2025","Aquatic","Freshwater","Stressor","Concentration","1","Fake ID","< LOQ",1,"µg/L",1,"Not reported",,,1,"µg/L",,"µg/L","1","2","3","4","ICP-SFMS Waste water after digestion"
"2025-04-02","Vannmiljø_122-102171","Copper","Vm_2025","VannmiljøCopper2025","Aquatic","Freshwater","Stressor","Concentration","1","Fake ID","",1.16,"µg/L",1,"Not reported",,,1,"µg/L",,"µg/L","1","2","3","4","ICP-SFMS Waste water after digestion"
"2025-07-02","Vannmiljø_122-102171","Copper","Vm_2025","VannmiljøCopper2025","Aquatic","Freshwater","Stressor","Concentration","1","Fake ID","",0.782,"µg/L",1,"Not reported",,,0.1,"µg/L",,"µg/L","1","2","3","4","ICP-SFMS Metals in freshwater pool and drinking water no digestion"
"2025-01-08","Vannmiljø_122-102172","Copper","Vm_2025","VannmiljøCopper2025","Aquatic","Freshwater","Stressor","Concentration","1","Fake ID","",1.2,"µg/L",1,"Not reported",,,1,"µg/L",,"µg/L","1","2","3","4","ICP-SFMS Waste water after digestion"
"2025-04-08","Vannmiljø_122-102172","Copper","Vm_2025","VannmiljøCopper2025","Aquatic","Freshwater","Stressor","Concentration","1","Fake ID","< LOQ",1,"µg/L",1,"Not reported",,,1,"µg/L",,"µg/L","1","2","3","4","ICP-SFMS Waste water after digestion"
"2025-07-02","Vannmiljø_122-102172","Copper","Vm_2025","VannmiljøCopper2025","Aquatic","Freshwater","Stressor","Concentration","1","Fake ID","",0.415,"µg/L",1,"Not reported",,,0.1,"µg/L",,"µg/L","1","2","3","4","ICP-SFMS Metals in freshwater pool and drinking water no digestion"
"2025-04-02","Vannmiljø_122-102172","Copper","Vm_2025","VannmiljøCopper2025","Aquatic","Freshwater","Stressor","Concentration","1","Fake ID","< LOQ",1,"µg/L",1,"Not reported",,,1,"µg/L",,"µg/L","1","2","3","4","ICP-SFMS Waste water after digestion"
"2025-01-16","Vannmiljø_003-102264","Copper","Vm_2025","VannmiljøCopper2025","Aquatic","Freshwater","Stressor","Concentration","1","Fake ID","",3.89,"µg/L",1,"Not reported",,,1,"µg/L",,"µg/L","1","2","3","4","ICP-SFMS Avløpsvann etter oppslutning"
"2025-02-14","Vannmiljø_003-102264","Copper","Vm_2025","VannmiljøCopper2025","Aquatic","Freshwater","Stressor","Concentration","1","Fake ID","",2.87,"µg/L",1,"Not reported",,,1,"µg/L",,"µg/L","1","2","3","4","ICP-SFMS Avløpsvann etter oppslutning"
"2025-03-14","Vannmiljø_003-102264","Copper","Vm_2025","VannmiljøCopper2025","Aquatic","Freshwater","Stressor","Concentration","1","Fake ID","",3.14,"µg/L",1,"Not reported",,,1,"µg/L",,"µg/L","1","2","3","4","ICP-SFMS Avløpsvann etter oppslutning"
"2025-04-11","Vannmiljø_003-102264","Copper","Vm_2025","VannmiljøCopper2025","Aquatic","Freshwater","Stressor","Concentration","1","Fake ID","",2.79,"µg/L",1,"Not reported",,,1,"µg/L",,"µg/L","1","2","3","4","ICP-SFMS Avløpsvann etter oppslutning"
"2025-05-09","Vannmiljø_003-102264","Copper","Vm_2025","VannmiljøCopper2025","Aquatic","Freshwater","Stressor","Concentration","1","Fake ID","",1.66,"µg/L",1,"Not reported",,,1,"µg/L",,"µg/L","1","2","3","4","ICP-SFMS Avløpsvann etter oppslutning"
"2025-06-13","Vannmiljø_003-102264","Copper","Vm_2025","VannmiljøCopper2025","Aquatic","Freshwater","Stressor","Concentration","1","Fake ID","",1.78,"µg/L",1,"Not reported",,,1,"µg/L",,"µg/L","1","2","3","4","ICP-SFMS Avløpsvann etter oppslutning"
"2025-07-11","Vannmiljø_003-102264","Copper","Vm_2025","VannmiljøCopper2025","Aquatic","Freshwater","Stressor","Concentration","1","Fake ID","",1.85,"µg/L",1,"Not reported",,,1,"µg/L",,"µg/L","1","2","3","4","ICP-SFMS Avløpsvann etter oppslutning"
"2025-08-15","Vannmiljø_003-102264","Copper","Vm_2025","VannmiljøCopper2025","Aquatic","Freshwater","Stressor","Concentration","1","Fake ID","",1.17,"µg/L",1,"Not reported",,,1,"µg/L",,"µg/L","1","2","3","4","ICP-SFMS Avløpsvann etter oppslutning"
"2025-10-24","Vannmiljø_003-102264","Copper","Vm_2025","VannmiljøCopper2025","Aquatic","Freshwater","Stressor","Concentration","1","Fake ID","",7.29,"µg/L",1,"Not reported",,,1,"µg/L",,"µg/L","1","2","3","4","ICP-SFMS Avløpsvann etter oppslutning"
"2025-11-14","Vannmiljø_003-102264","Copper","Vm_2025","VannmiljøCopper2025","Aquatic","Freshwater","Stressor","Concentration","1","Fake ID","",7.62,"µg/L",1,"Not reported",,,1,"µg/L",,"µg/L","1","2","3","4","ICP-SFMS Avløpsvann etter oppslutning"
"2025-01-16","Vannmiljø_003-102265","Copper","Vm_2025","VannmiljøCopper2025","Aquatic","Freshwater","Stressor","Concentration","1","Fake ID","",4.43,"µg/L",1,"Not reported",,,1,"µg/L",,"µg/L","1","2","3","4","ICP-SFMS Avløpsvann etter oppslutning"
"2025-02-14","Vannmiljø_003-102265","Copper","Vm_2025","VannmiljøCopper2025","Aquatic","Freshwater","Stressor","Concentration","1","Fake ID","",3.98,"µg/L",1,"Not reported",,,1,"µg/L",,"µg/L","1","2","3","4","ICP-SFMS Avløpsvann etter oppslutning"
"2025-03-14","Vannmiljø_003-102265","Copper","Vm_2025","VannmiljøCopper2025","Aquatic","Freshwater","Stressor","Concentration","1","Fake ID","",3.77,"µg/L",1,"Not reported",,,1,"µg/L",,"µg/L","1","2","3","4","ICP-SFMS Avløpsvann etter oppslutning"
"2025-04-11","Vannmiljø_003-102265","Copper","Vm_2025","VannmiljøCopper2025","Aquatic","Freshwater","Stressor","Concentration","1","Fake ID","",2.43,"µg/L",1,"Not reported",,,1,"µg/L",,"µg/L","1","2","3","4","ICP-SFMS Avløpsvann etter oppslutning"
"2025-05-09","Vannmiljø_003-102265","Copper","Vm_2025","VannmiljøCopper2025","Aquatic","Freshwater","Stressor","Concentration","1","Fake ID","",3.83,"µg/L",1,"Not reported",,,1,"µg/L",,"µg/L","1","2","3","4","ICP-SFMS Avløpsvann etter oppslutning"
"2025-06-13","Vannmiljø_003-102265","Copper","Vm_2025","VannmiljøCopper2025","Aquatic","Freshwater","Stressor","Concentration","1","Fake ID","",4.48,"µg/L",1,"Not reported",,,1,"µg/L",,"µg/L","1","2","3","4","ICP-SFMS Avløpsvann etter oppslutning"
"2025-07-11","Vannmiljø_003-102265","Copper","Vm_2025","VannmiljøCopper2025","Aquatic","Freshwater","Stressor","Concentration","1","Fake ID","",5.88,"µg/L",1,"Not reported",,,1,"µg/L",,"µg/L","1","2","3","4","ICP-SFMS Avløpsvann etter oppslutning"
"2025-08-15","Vannmiljø_003-102265","Copper","Vm_2025","VannmiljøCopper2025","Aquatic","Freshwater","Stressor","Concentration","1","Fake ID","",2.54,"µg/L",1,"Not reported",,,1,"µg/L",,"µg/L","1","2","3","4","ICP-SFMS Avløpsvann etter oppslutning"
"2025-10-24","Vannmiljø_003-102265","Copper","Vm_2025","VannmiljøCopper2025","Aquatic","Freshwater","Stressor","Concentration","1","Fake ID","",10.6,"µg/L",1,"Not reported",,,1,"µg/L",,"µg/L","1","2","3","4","ICP-SFMS Avløpsvann etter oppslutning"
"2025-11-14","Vannmiljø_003-102265","Copper","Vm_2025","VannmiljøCopper2025","Aquatic","Freshwater","Stressor","Concentration","1","Fake ID","",6.91,"µg/L",1,"Not reported",,,1,"µg/L",,"µg/L","1","2","3","4","ICP-SFMS Avløpsvann etter oppslutning"
"2025-01-16","Vannmiljø_003-102306","Copper","Vm_2025","VannmiljøCopper2025","Aquatic","Freshwater","Stressor","Concentration","1","Fake ID","",3.58,"µg/L",1,"Not reported",,,1,"µg/L",,"µg/L","1","2","3","4","ICP-SFMS Avløpsvann etter oppslutning"
"2025-02-14","Vannmiljø_003-102306","Copper","Vm_2025","VannmiljøCopper2025","Aquatic","Freshwater","Stressor","Concentration","1","Fake ID","",3.99,"µg/L",1,"Not reported",,,1,"µg/L",,"µg/L","1","2","3","4","ICP-SFMS Avløpsvann etter oppslutning"
"2025-03-14","Vannmiljø_003-102306","Copper","Vm_2025","VannmiljøCopper2025","Aquatic","Freshwater","Stressor","Concentration","1","Fake ID","",3.75,"µg/L",1,"Not reported",,,1,"µg/L",,"µg/L","1","2","3","4","ICP-SFMS Avløpsvann etter oppslutning"
"2025-04-11","Vannmiljø_003-102306","Copper","Vm_2025","VannmiljøCopper2025","Aquatic","Freshwater","Stressor","Concentration","1","Fake ID","",4,"µg/L",1,"Not reported",,,1,"µg/L",,"µg/L","1","2","3","4","ICP-SFMS Avløpsvann etter oppslutning"
"2025-05-09","Vannmiljø_003-102306","Copper","Vm_2025","VannmiljøCopper2025","Aquatic","Freshwater","Stressor","Concentration","1","Fake ID","",4.16,"µg/L",1,"Not reported",,,1,"µg/L",,"µg/L","1","2","3","4","ICP-SFMS Avløpsvann etter oppslutning"
"2025-06-13","Vannmiljø_003-102306","Copper","Vm_2025","VannmiljøCopper2025","Aquatic","Freshwater","Stressor","Concentration","1","Fake ID","",4.36,"µg/L",1,"Not reported",,,1,"µg/L",,"µg/L","1","2","3","4","ICP-SFMS Avløpsvann etter oppslutning"
"2025-07-11","Vannmiljø_003-102306","Copper","Vm_2025","VannmiljøCopper2025","Aquatic","Freshwater","Stressor","Concentration","1","Fake ID","",4.17,"µg/L",1,"Not reported",,,1,"µg/L",,"µg/L","1","2","3","4","ICP-SFMS Avløpsvann etter oppslutning"
"2025-08-15","Vannmiljø_003-102306","Copper","Vm_2025","VannmiljøCopper2025","Aquatic","Freshwater","Stressor","Concentration","1","Fake ID","",4.9,"µg/L",1,"Not reported",,,1,"µg/L",,"µg/L","1","2","3","4","ICP-SFMS Avløpsvann etter oppslutning"
"2025-10-24","Vannmiljø_003-102306","Copper","Vm_2025","VannmiljøCopper2025","Aquatic","Freshwater","Stressor","Concentration","1","Fake ID","",5.47,"µg/L",1,"Not reported",,,1,"µg/L",,"µg/L","1","2","3","4","ICP-SFMS Avløpsvann etter oppslutning"
"2025-11-14","Vannmiljø_003-102306","Copper","Vm_2025","VannmiljøCopper2025","Aquatic","Freshwater","Stressor","Concentration","1","Fake ID","",5.67,"µg/L",1,"Not reported",,,1,"µg/L",,"µg/L","1","2","3","4","ICP-SFMS Avløpsvann etter oppslutning"
"2025-06-11","Vannmiljø_123-102448","Copper","Vm_2025","VannmiljøCopper2025","Aquatic","Freshwater","Stressor","Concentration","1","Fake ID","",0.95,"µg/L",1,"Not reported",,,,"µg/L",,"µg/L","1","2","3","4",
"2025-06-11","Vannmiljø_123-102448","Copper","Vm_2025","VannmiljøCopper2025","Aquatic","Freshwater","Stressor","Concentration","1","Fake ID","",1.2,"µg/L",1,"Not reported",,,,"µg/L",,"µg/L","1","2","3","4",
"2025-03-03","Vannmiljø_123-102453","Copper","Vm_2025","VannmiljøCopper2025","Aquatic","Freshwater","Stressor","Concentration","1","Fake ID","",1.2,"µg/L",1,"Not reported",,,,"µg/L",,"µg/L","1","2","3","4",
"2025-03-03","Vannmiljø_123-102453","Copper","Vm_2025","VannmiljøCopper2025","Aquatic","Freshwater","Stressor","Concentration","1","Fake ID","",2.5,"µg/L",1,"Not reported",,,,"µg/L",,"µg/L","1","2","3","4",
"2025-06-10","Vannmiljø_123-102453","Copper","Vm_2025","VannmiljøCopper2025","Aquatic","Freshwater","Stressor","Concentration","1","Fake ID","",0.99,"µg/L",1,"Not reported",,,,"µg/L",,"µg/L","1","2","3","4",
"2025-06-10","Vannmiljø_123-102453","Copper","Vm_2025","VannmiljøCopper2025","Aquatic","Freshwater","Stressor","Concentration","1","Fake ID","",1.3,"µg/L",1,"Not reported",,,,"µg/L",,"µg/L","1","2","3","4",
"2025-03-05","Vannmiljø_123-102456","Copper","Vm_2025","VannmiljøCopper2025","Aquatic","Freshwater","Stressor","Concentration","1","Fake ID","",1,"µg/L",1,"Not reported",,,,"µg/L",,"µg/L","1","2","3","4",
"2025-03-05","Vannmiljø_123-102456","Copper","Vm_2025","VannmiljøCopper2025","Aquatic","Freshwater","Stressor","Concentration","1","Fake ID","",3,"µg/L",1,"Not reported",,,,"µg/L",,"µg/L","1","2","3","4",
"2025-06-11","Vannmiljø_123-102456","Copper","Vm_2025","VannmiljøCopper2025","Aquatic","Freshwater","Stressor","Concentration","1","Fake ID","",0.9,"µg/L",1,"Not reported",,,,"µg/L",,"µg/L","1","2","3","4",
"2025-06-11","Vannmiljø_123-102456","Copper","Vm_2025","VannmiljøCopper2025","Aquatic","Freshwater","Stressor","Concentration","1","Fake ID","",1.1,"µg/L",1,"Not reported",,,,"µg/L",,"µg/L","1","2","3","4",
"2025-09-10","Vannmiljø_123-102456","Copper","Vm_2025","VannmiljøCopper2025","Aquatic","Freshwater","Stressor","Concentration","1","Fake ID","",0.49,"µg/L",1,"Not reported",,,,"µg/L",,"µg/L","1","2","3","4",
"2025-09-10","Vannmiljø_123-102456","Copper","Vm_2025","VannmiljøCopper2025","Aquatic","Freshwater","Stressor","Concentration","1","Fake ID","< LOQ",0.5,"µg/L",1,"Not reported",,,,"µg/L",,"µg/L","1","2","3","4",
"2025-03-03","Vannmiljø_123-102457","Copper","Vm_2025","VannmiljøCopper2025","Aquatic","Freshwater","Stressor","Concentration","1","Fake ID","",1.4,"µg/L",1,"Not reported",,,,"µg/L",,"µg/L","1","2","3","4",
"2025-03-03","Vannmiljø_123-102457","Copper","Vm_2025","VannmiljøCopper2025","Aquatic","Freshwater","Stressor","Concentration","1","Fake ID","",2.2,"µg/L",1,"Not reported",,,,"µg/L",,"µg/L","1","2","3","4",
"2025-06-10","Vannmiljø_123-102457","Copper","Vm_2025","VannmiljøCopper2025","Aquatic","Freshwater","Stressor","Concentration","1","Fake ID","",1.2,"µg/L",1,"Not reported",,,,"µg/L",,"µg/L","1","2","3","4",
"2025-06-10","Vannmiljø_123-102457","Copper","Vm_2025","VannmiljøCopper2025","Aquatic","Freshwater","Stressor","Concentration","1","Fake ID","",1.4,"µg/L",1,"Not reported",,,,"µg/L",,"µg/L","1","2","3","4",
"2025-09-10","Vannmiljø_123-102457","Copper","Vm_2025","VannmiljøCopper2025","Aquatic","Freshwater","Stressor","Concentration","1","Fake ID","",1.3,"µg/L",1,"Not reported",,,,"µg/L",,"µg/L","1","2","3","4",
"2025-09-10","Vannmiljø_123-102457","Copper","Vm_2025","VannmiljøCopper2025","Aquatic","Freshwater","Stressor","Concentration","1","Fake ID","",1.3,"µg/L",1,"Not reported",,,,"µg/L",,"µg/L","1","2","3","4",
"2025-03-03","Vannmiljø_124-102459","Copper","Vm_2025","VannmiljøCopper2025","Aquatic","Freshwater","Stressor","Concentration","1","Fake ID","",1.2,"µg/L",1,"Not reported",,,,"µg/L",,"µg/L","1","2","3","4",
"2025-03-03","Vannmiljø_124-102459","Copper","Vm_2025","VannmiljøCopper2025","Aquatic","Freshwater","Stressor","Concentration","1","Fake ID","",2.3,"µg/L",1,"Not reported",,,,"µg/L",,"µg/L","1","2","3","4",
"2025-06-11","Vannmiljø_124-102459","Copper","Vm_2025","VannmiljøCopper2025","Aquatic","Freshwater","Stressor","Concentration","1","Fake ID","",1.4,"µg/L",1,"Not reported",,,,"µg/L",,"µg/L","1","2","3","4",
"2025-06-11","Vannmiljø_124-102459","Copper","Vm_2025","VannmiljøCopper2025","Aquatic","Freshwater","Stressor","Concentration","1","Fake ID","",1.9,"µg/L",1,"Not reported",,,,"µg/L",,"µg/L","1","2","3","4",
"2025-09-10","Vannmiljø_124-102459","Copper","Vm_2025","VannmiljøCopper2025","Aquatic","Freshwater","Stressor","Concentration","1","Fake ID","",0.9,"µg/L",1,"Not reported",,,,"µg/L",,"µg/L","1","2","3","4",
"2025-09-10","Vannmiljø_124-102459","Copper","Vm_2025","VannmiljøCopper2025","Aquatic","Freshwater","Stressor","Concentration","1","Fake ID","",0.82,"µg/L",1,"Not reported",,,,"µg/L",,"µg/L","1","2","3","4",
"2025-03-05","Vannmiljø_123-102835","Copper","Vm_2025","VannmiljøCopper2025","Aquatic","Freshwater","Stressor","Concentration","1","Fake ID","",2.5,"µg/L",1,"Not reported",,,,"µg/L",,"µg/L","1","2","3","4",
"2025-03-05","Vannmiljø_123-102835","Copper","Vm_2025","VannmiljøCopper2025","Aquatic","Freshwater","Stressor","Concentration","1","Fake ID","",120,"µg/L",1,"Not reported",,,,"µg/L",,"µg/L","1","2","3","4",
"2025-06-10","Vannmiljø_123-102835","Copper","Vm_2025","VannmiljøCopper2025","Aquatic","Freshwater","Stressor","Concentration","1","Fake ID","",0.87,"µg/L",1,"Not reported",,,,"µg/L",,"µg/L","1","2","3","4",
"2025-06-10","Vannmiljø_123-102835","Copper","Vm_2025","VannmiljøCopper2025","Aquatic","Freshwater","Stressor","Concentration","1","Fake ID","",0.86,"µg/L",1,"Not reported",,,,"µg/L",,"µg/L","1","2","3","4",
"2025-03-05","Vannmiljø_123-102837","Copper","Vm_2025","VannmiljøCopper2025","Aquatic","Freshwater","Stressor","Concentration","1","Fake ID","",2.1,"µg/L",1,"Not reported",,,,"µg/L",,"µg/L","1","2","3","4",
"2025-03-05","Vannmiljø_123-102837","Copper","Vm_2025","VannmiljøCopper2025","Aquatic","Freshwater","Stressor","Concentration","1","Fake ID","",34,"µg/L",1,"Not reported",,,,"µg/L",,"µg/L","1","2","3","4",
"2025-06-10","Vannmiljø_123-102837","Copper","Vm_2025","VannmiljøCopper2025","Aquatic","Freshwater","Stressor","Concentration","1","Fake ID","",0.96,"µg/L",1,"Not reported",,,,"µg/L",,"µg/L","1","2","3","4",
"2025-06-10","Vannmiljø_123-102837","Copper","Vm_2025","VannmiljøCopper2025","Aquatic","Freshwater","Stressor","Concentration","1","Fake ID","",1.1,"µg/L",1,"Not reported",,,,"µg/L",,"µg/L","1","2","3","4",
"2025-03-05","Vannmiljø_123-102839","Copper","Vm_2025","VannmiljøCopper2025","Aquatic","Freshwater","Stressor","Concentration","1","Fake ID","",1.9,"µg/L",1,"Not reported",,,,"µg/L",,"µg/L","1","2","3","4",
"2025-03-05","Vannmiljø_123-102839","Copper","Vm_2025","VannmiljøCopper2025","Aquatic","Freshwater","Stressor","Concentration","1","Fake ID","",12,"µg/L",1,"Not reported",,,,"µg/L",,"µg/L","1","2","3","4",
"2025-06-10","Vannmiljø_123-102839","Copper","Vm_2025","VannmiljøCopper2025","Aquatic","Freshwater","Stressor","Concentration","1","Fake ID","",0.9,"µg/L",1,"Not reported",,,,"µg/L",,"µg/L","1","2","3","4",
"2025-06-10","Vannmiljø_123-102839","Copper","Vm_2025","VannmiljøCopper2025","Aquatic","Freshwater","Stressor","Concentration","1","Fake ID","",1.1,"µg/L",1,"Not reported",,,,"µg/L",,"µg/L","1","2","3","4",
"2025-03-03","Vannmiljø_123-102840","Copper","Vm_2025","VannmiljøCopper2025","Aquatic","Freshwater","Stressor","Concentration","1","Fake ID","",1.5,"µg/L",1,"Not reported",,,,"µg/L",,"µg/L","1","2","3","4",
"2025-03-03","Vannmiljø_123-102840","Copper","Vm_2025","VannmiljøCopper2025","Aquatic","Freshwater","Stressor","Concentration","1","Fake ID","",4.2,"µg/L",1,"Not reported",,,,"µg/L",,"µg/L","1","2","3","4",
"2025-06-10","Vannmiljø_123-102840","Copper","Vm_2025","VannmiljøCopper2025","Aquatic","Freshwater","Stressor","Concentration","1","Fake ID","",0.99,"µg/L",1,"Not reported",,,,"µg/L",,"µg/L","1","2","3","4",
"2025-06-10","Vannmiljø_123-102840","Copper","Vm_2025","VannmiljøCopper2025","Aquatic","Freshwater","Stressor","Concentration","1","Fake ID","",1.2,"µg/L",1,"Not reported",,,,"µg/L",,"µg/L","1","2","3","4",
"2025-03-03","Vannmiljø_123-102841","Copper","Vm_2025","VannmiljøCopper2025","Aquatic","Freshwater","Stressor","Concentration","1","Fake ID","",1.1,"µg/L",1,"Not reported",,,,"µg/L",,"µg/L","1","2","3","4",
"2025-03-03","Vannmiljø_123-102841","Copper","Vm_2025","VannmiljøCopper2025","Aquatic","Freshwater","Stressor","Concentration","1","Fake ID","",4.7,"µg/L",1,"Not reported",,,,"µg/L",,"µg/L","1","2","3","4",
"2025-06-10","Vannmiljø_123-102841","Copper","Vm_2025","VannmiljøCopper2025","Aquatic","Freshwater","Stressor","Concentration","1","Fake ID","",0.59,"µg/L",1,"Not reported",,,,"µg/L",,"µg/L","1","2","3","4",
"2025-06-10","Vannmiljø_123-102841","Copper","Vm_2025","VannmiljøCopper2025","Aquatic","Freshwater","Stressor","Concentration","1","Fake ID","",0.79,"µg/L",1,"Not reported",,,,"µg/L",,"µg/L","1","2","3","4",
"2025-03-03","Vannmiljø_123-102843","Copper","Vm_2025","VannmiljøCopper2025","Aquatic","Freshwater","Stressor","Concentration","1","Fake ID","",1.1,"µg/L",1,"Not reported",,,,"µg/L",,"µg/L","1","2","3","4",
"2025-03-03","Vannmiljø_123-102843","Copper","Vm_2025","VannmiljøCopper2025","Aquatic","Freshwater","Stressor","Concentration","1","Fake ID","",2.3,"µg/L",1,"Not reported",,,,"µg/L",,"µg/L","1","2","3","4",
"2025-06-10","Vannmiljø_123-102843","Copper","Vm_2025","VannmiljøCopper2025","Aquatic","Freshwater","Stressor","Concentration","1","Fake ID","",0.99,"µg/L",1,"Not reported",,,,"µg/L",,"µg/L","1","2","3","4",
"2025-06-10","Vannmiljø_123-102843","Copper","Vm_2025","VannmiljøCopper2025","Aquatic","Freshwater","Stressor","Concentration","1","Fake ID","",1.1,"µg/L",1,"Not reported",,,,"µg/L",,"µg/L","1","2","3","4",
"2025-03-03","Vannmiljø_123-102845","Copper","Vm_2025","VannmiljøCopper2025","Aquatic","Freshwater","Stressor","Concentration","1","Fake ID","",1.5,"µg/L",1,"Not reported",,,,"µg/L",,"µg/L","1","2","3","4",
"2025-03-03","Vannmiljø_123-102845","Copper","Vm_2025","VannmiljøCopper2025","Aquatic","Freshwater","Stressor","Concentration","1","Fake ID","",4.6,"µg/L",1,"Not reported",,,,"µg/L",,"µg/L","1","2","3","4",
"2025-06-10","Vannmiljø_123-102845","Copper","Vm_2025","VannmiljøCopper2025","Aquatic","Freshwater","Stressor","Concentration","1","Fake ID","",1,"µg/L",1,"Not reported",,,,"µg/L",,"µg/L","1","2","3","4",
"2025-06-10","Vannmiljø_123-102845","Copper","Vm_2025","VannmiljøCopper2025","Aquatic","Freshwater","Stressor","Concentration","1","Fake ID","",1.3,"µg/L",1,"Not reported",,,,"µg/L",,"µg/L","1","2","3","4",
"2025-03-03","Vannmiljø_123-102847","Copper","Vm_2025","VannmiljøCopper2025","Aquatic","Freshwater","Stressor","Concentration","1","Fake ID","",0.43,"µg/L",1,"Not reported",,,,"µg/L",,"µg/L","1","2","3","4",
"2025-03-03","Vannmiljø_123-102847","Copper","Vm_2025","VannmiljøCopper2025","Aquatic","Freshwater","Stressor","Concentration","1","Fake ID","",0.55,"µg/L",1,"Not reported",,,,"µg/L",,"µg/L","1","2","3","4",
"2025-06-10","Vannmiljø_123-102847","Copper","Vm_2025","VannmiljøCopper2025","Aquatic","Freshwater","Stressor","Concentration","1","Fake ID","",0.45,"µg/L",1,"Not reported",,,,"µg/L",,"µg/L","1","2","3","4",
"2025-06-10","Vannmiljø_123-102847","Copper","Vm_2025","VannmiljøCopper2025","Aquatic","Freshwater","Stressor","Concentration","1","Fake ID","< LOQ",0.5,"µg/L",1,"Not reported",,,,"µg/L",,"µg/L","1","2","3","4",
"2025-07-28","Vannmiljø_246-103011","Copper","Vm_2025","VannmiljøCopper2025","Aquatic","Freshwater","Stressor","Concentration","1","Fake ID","",1,"µg/L",1,"Not reported",,,,"µg/L",,"µg/L","1","2","3","4",
"2025-07-28","Vannmiljø_246-103011","Copper","Vm_2025","VannmiljøCopper2025","Aquatic","Freshwater","Stressor","Concentration","1","Fake ID","",1.3,"µg/L",1,"Not reported",,,,"µg/L",,"µg/L","1","2","3","4",
"2025-09-18","Vannmiljø_246-103011","Copper","Vm_2025","VannmiljøCopper2025","Aquatic","Freshwater","Stressor","Concentration","1","Fake ID","",1.1,"µg/L",1,"Not reported",,,,"µg/L",,"µg/L","1","2","3","4",
"2025-09-18","Vannmiljø_246-103011","Copper","Vm_2025","VannmiljøCopper2025","Aquatic","Freshwater","Stressor","Concentration","1","Fake ID","",1.2,"µg/L",1,"Not reported",,,,"µg/L",,"µg/L","1","2","3","4",
"2025-06-02","Vannmiljø_246-103011","Copper","Vm_2025","VannmiljøCopper2025","Aquatic","Freshwater","Stressor","Concentration","1","Fake ID","",1.1,"µg/L",1,"Not reported",,,,"µg/L",,"µg/L","1","2","3","4",
"2025-06-02","Vannmiljø_246-103011","Copper","Vm_2025","VannmiljøCopper2025","Aquatic","Freshwater","Stressor","Concentration","1","Fake ID","",1.4,"µg/L",1,"Not reported",,,,"µg/L",,"µg/L","1","2","3","4",
"2025-09-17","Vannmiljø_246-103013","Copper","Vm_2025","VannmiljøCopper2025","Aquatic","Freshwater","Stressor","Concentration","1","Fake ID","",1.8,"µg/L",1,"Not reported",,,,"µg/L",,"µg/L","1","2","3","4",
"2025-06-10","Vannmiljø_246-103013","Copper","Vm_2025","VannmiljøCopper2025","Aquatic","Freshwater","Stressor","Concentration","1","Fake ID","",1.9,"µg/L",1,"Not reported",,,,"µg/L",,"µg/L","1","2","3","4",
"2025-06-10","Vannmiljø_246-103013","Copper","Vm_2025","VannmiljøCopper2025","Aquatic","Freshwater","Stressor","Concentration","1","Fake ID","",2,"µg/L",1,"Not reported",,,,"µg/L",,"µg/L","1","2","3","4",
"2025-09-17","Vannmiljø_246-103013","Copper","Vm_2025","VannmiljøCopper2025","Aquatic","Freshwater","Stressor","Concentration","1","Fake ID","",2.2,"µg/L",1,"Not reported",,,,"µg/L",,"µg/L","1","2","3","4",
"2025-07-29","Vannmiljø_246-103013","Copper","Vm_2025","VannmiljøCopper2025","Aquatic","Freshwater","Stressor","Concentration","1","Fake ID","",1.8,"µg/L",1,"Not reported",,,,"µg/L",,"µg/L","1","2","3","4",
"2025-07-29","Vannmiljø_246-103013","Copper","Vm_2025","VannmiljøCopper2025","Aquatic","Freshwater","Stressor","Concentration","1","Fake ID","",2.6,"µg/L",1,"Not reported",,,,"µg/L",,"µg/L","1","2","3","4",
"2025-06-10","Vannmiljø_246-103014","Copper","Vm_2025","VannmiljøCopper2025","Aquatic","Freshwater","Stressor","Concentration","1","Fake ID","",1.9,"µg/L",1,"Not reported",,,,"µg/L",,"µg/L","1","2","3","4",
"2025-06-10","Vannmiljø_246-103014","Copper","Vm_2025","VannmiljøCopper2025","Aquatic","Freshwater","Stressor","Concentration","1","Fake ID","",2,"µg/L",1,"Not reported",,,,"µg/L",,"µg/L","1","2","3","4",
"2025-08-04","Vannmiljø_246-103014","Copper","Vm_2025","VannmiljøCopper2025","Aquatic","Freshwater","Stressor","Concentration","1","Fake ID","",1.8,"µg/L",1,"Not reported",,,,"µg/L",,"µg/L","1","2","3","4",
"2025-08-04","Vannmiljø_246-103014","Copper","Vm_2025","VannmiljøCopper2025","Aquatic","Freshwater","Stressor","Concentration","1","Fake ID","",2.2,"µg/L",1,"Not reported",,,,"µg/L",,"µg/L","1","2","3","4",
"2025-09-17","Vannmiljø_246-103014","Copper","Vm_2025","VannmiljøCopper2025","Aquatic","Freshwater","Stressor","Concentration","1","Fake ID","",1.9,"µg/L",1,"Not reported",,,,"µg/L",,"µg/L","1","2","3","4",
"2025-09-17","Vannmiljø_246-103014","Copper","Vm_2025","VannmiljøCopper2025","Aquatic","Freshwater","Stressor","Concentration","1","Fake ID","",2,"µg/L",1,"Not reported",,,,"µg/L",,"µg/L","1","2","3","4",
"2025-07-29","Vannmiljø_246-103015","Copper","Vm_2025","VannmiljøCopper2025","Aquatic","Freshwater","Stressor","Concentration","1","Fake ID","",2.3,"µg/L",1,"Not reported",,,,"µg/L",,"µg/L","1","2","3","4",
"2025-07-29","Vannmiljø_246-103015","Copper","Vm_2025","VannmiljøCopper2025","Aquatic","Freshwater","Stressor","Concentration","1","Fake ID","",2.1,"µg/L",1,"Not reported",,,,"µg/L",,"µg/L","1","2","3","4",
"2025-09-21","Vannmiljø_246-103015","Copper","Vm_2025","VannmiljøCopper2025","Aquatic","Freshwater","Stressor","Concentration","1","Fake ID","",2.4,"µg/L",1,"Not reported",,,,"µg/L",,"µg/L","1","2","3","4",
"2025-09-21","Vannmiljø_246-103015","Copper","Vm_2025","VannmiljøCopper2025","Aquatic","Freshwater","Stressor","Concentration","1","Fake ID","",2.7,"µg/L",1,"Not reported",,,,"µg/L",,"µg/L","1","2","3","4",
"2025-06-16","Vannmiljø_246-103015","Copper","Vm_2025","VannmiljøCopper2025","Aquatic","Freshwater","Stressor","Concentration","1","Fake ID","",3.4,"µg/L",1,"Not reported",,,,"µg/L",,"µg/L","1","2","3","4",
"2025-06-16","Vannmiljø_246-103015","Copper","Vm_2025","VannmiljøCopper2025","Aquatic","Freshwater","Stressor","Concentration","1","Fake ID","",3.9,"µg/L",1,"Not reported",,,,"µg/L",,"µg/L","1","2","3","4",
"2025-06-16","Vannmiljø_246-103016","Copper","Vm_2025","VannmiljøCopper2025","Aquatic","Freshwater","Stressor","Concentration","1","Fake ID","",1.6,"µg/L",1,"Not reported",,,,"µg/L",,"µg/L","1","2","3","4",
"2025-06-16","Vannmiljø_246-103016","Copper","Vm_2025","VannmiljøCopper2025","Aquatic","Freshwater","Stressor","Concentration","1","Fake ID","",1.8,"µg/L",1,"Not reported",,,,"µg/L",,"µg/L","1","2","3","4",
"2025-09-18","Vannmiljø_246-103016","Copper","Vm_2025","VannmiljøCopper2025","Aquatic","Freshwater","Stressor","Concentration","1","Fake ID","",1.7,"µg/L",1,"Not reported",,,,"µg/L",,"µg/L","1","2","3","4",
"2025-09-18","Vannmiljø_246-103016","Copper","Vm_2025","VannmiljøCopper2025","Aquatic","Freshwater","Stressor","Concentration","1","Fake ID","",1.9,"µg/L",1,"Not reported",,,,"µg/L",,"µg/L","1","2","3","4",
"2025-07-28","Vannmiljø_246-103016","Copper","Vm_2025","VannmiljøCopper2025","Aquatic","Freshwater","Stressor","Concentration","1","Fake ID","",1.8,"µg/L",1,"Not reported",,,,"µg/L",,"µg/L","1","2","3","4",
"2025-07-28","Vannmiljø_246-103016","Copper","Vm_2025","VannmiljøCopper2025","Aquatic","Freshwater","Stressor","Concentration","1","Fake ID","",1.4,"µg/L",1,"Not reported",,,,"µg/L",,"µg/L","1","2","3","4",
"2025-06-11","Vannmiljø_246-103017","Copper","Vm_2025","VannmiljøCopper2025","Aquatic","Freshwater","Stressor","Concentration","1","Fake ID","",0.91,"µg/L",1,"Not reported",,,,"µg/L",,"µg/L","1","2","3","4",
"2025-06-11","Vannmiljø_246-103017","Copper","Vm_2025","VannmiljøCopper2025","Aquatic","Freshwater","Stressor","Concentration","1","Fake ID","",1.1,"µg/L",1,"Not reported",,,,"µg/L",,"µg/L","1","2","3","4",
"2025-07-21","Vannmiljø_246-103017","Copper","Vm_2025","VannmiljøCopper2025","Aquatic","Freshwater","Stressor","Concentration","1","Fake ID","",0.91,"µg/L",1,"Not reported",,,,"µg/L",,"µg/L","1","2","3","4",
"2025-07-21","Vannmiljø_246-103017","Copper","Vm_2025","VannmiljøCopper2025","Aquatic","Freshwater","Stressor","Concentration","1","Fake ID","",1.1,"µg/L",1,"Not reported",,,,"µg/L",,"µg/L","1","2","3","4",
"2025-07-21","Vannmiljø_246-103017","Copper","Vm_2025","VannmiljøCopper2025","Aquatic","Freshwater","Stressor","Concentration","1","Fake ID","",1.4,"µg/L",1,"Not reported",,,,"µg/L",,"µg/L","1","2","3","4",
"2025-07-21","Vannmiljø_246-103017","Copper","Vm_2025","VannmiljøCopper2025","Aquatic","Freshwater","Stressor","Concentration","1","Fake ID","",1.8,"µg/L",1,"Not reported",,,,"µg/L",,"µg/L","1","2","3","4",
"2025-07-30","Vannmiljø_246-103018","Copper","Vm_2025","VannmiljøCopper2025","Aquatic","Freshwater","Stressor","Concentration","1","Fake ID","",2.3,"µg/L",1,"Not reported",,,,"µg/L",,"µg/L","1","2","3","4",
"2025-07-30","Vannmiljø_246-103018","Copper","Vm_2025","VannmiljøCopper2025","Aquatic","Freshwater","Stressor","Concentration","1","Fake ID","",2.5,"µg/L",1,"Not reported",,,,"µg/L",,"µg/L","1","2","3","4",
"2025-09-15","Vannmiljø_246-103018","Copper","Vm_2025","VannmiljøCopper2025","Aquatic","Freshwater","Stressor","Concentration","1","Fake ID","",2.4,"µg/L",1,"Not reported",,,,"µg/L",,"µg/L","1","2","3","4",
"2025-09-15","Vannmiljø_246-103018","Copper","Vm_2025","VannmiljøCopper2025","Aquatic","Freshwater","Stressor","Concentration","1","Fake ID","",3.1,"µg/L",1,"Not reported",,,,"µg/L",,"µg/L","1","2","3","4",
"2025-06-16","Vannmiljø_246-103018","Copper","Vm_2025","VannmiljøCopper2025","Aquatic","Freshwater","Stressor","Concentration","1","Fake ID","",3.4,"µg/L",1,"Not reported",,,,"µg/L",,"µg/L","1","2","3","4",
"2025-06-16","Vannmiljø_246-103018","Copper","Vm_2025","VannmiljøCopper2025","Aquatic","Freshwater","Stressor","Concentration","1","Fake ID","",4.1,"µg/L",1,"Not reported",,,,"µg/L",,"µg/L","1","2","3","4",
"2025-06-16","Vannmiljø_246-103019","Copper","Vm_2025","VannmiljøCopper2025","Aquatic","Freshwater","Stressor","Concentration","1","Fake ID","",3.5,"µg/L",1,"Not reported",,,,"µg/L",,"µg/L","1","2","3","4",
"2025-06-16","Vannmiljø_246-103019","Copper","Vm_2025","VannmiljøCopper2025","Aquatic","Freshwater","Stressor","Concentration","1","Fake ID","",4.2,"µg/L",1,"Not reported",,,,"µg/L",,"µg/L","1","2","3","4",
"2025-07-28","Vannmiljø_246-103019","Copper","Vm_2025","VannmiljøCopper2025","Aquatic","Freshwater","Stressor","Concentration","1","Fake ID","",2.7,"µg/L",1,"Not reported",,,,"µg/L",,"µg/L","1","2","3","4",
"2025-07-28","Vannmiljø_246-103019","Copper","Vm_2025","VannmiljøCopper2025","Aquatic","Freshwater","Stressor","Concentration","1","Fake ID","",2.6,"µg/L",1,"Not reported",,,,"µg/L",,"µg/L","1","2","3","4",
"2025-09-18","Vannmiljø_246-103019","Copper","Vm_2025","VannmiljøCopper2025","Aquatic","Freshwater","Stressor","Concentration","1","Fake ID","",2.5,"µg/L",1,"Not reported",,,,"µg/L",,"µg/L","1","2","3","4",
"2025-09-18","Vannmiljø_246-103019","Copper","Vm_2025","VannmiljøCopper2025","Aquatic","Freshwater","Stressor","Concentration","1","Fake ID","",2.9,"µg/L",1,"Not reported",,,,"µg/L",,"µg/L","1","2","3","4",
"2025-07-24","Vannmiljø_246-103020","Copper","Vm_2025","VannmiljøCopper2025","Aquatic","Freshwater","Stressor","Concentration","1","Fake ID","",1.2,"µg/L",1,"Not reported",,,,"µg/L",,"µg/L","1","2","3","4",
"2025-07-24","Vannmiljø_246-103020","Copper","Vm_2025","VannmiljøCopper2025","Aquatic","Freshwater","Stressor","Concentration","1","Fake ID","",1.4,"µg/L",1,"Not reported",,,,"µg/L",,"µg/L","1","2","3","4",
"2025-07-24","Vannmiljø_246-103020","Copper","Vm_2025","VannmiljøCopper2025","Aquatic","Freshwater","Stressor","Concentration","1","Fake ID","",1.3,"µg/L",1,"Not reported",,,,"µg/L",,"µg/L","1","2","3","4",
"2025-07-24","Vannmiljø_246-103020","Copper","Vm_2025","VannmiljøCopper2025","Aquatic","Freshwater","Stressor","Concentration","1","Fake ID","",1.4,"µg/L",1,"Not reported",,,,"µg/L",,"µg/L","1","2","3","4",
"2025-06-12","Vannmiljø_246-103020","Copper","Vm_2025","VannmiljøCopper2025","Aquatic","Freshwater","Stressor","Concentration","1","Fake ID","",1.2,"µg/L",1,"Not reported",,,,"µg/L",,"µg/L","1","2","3","4",
"2025-06-12","Vannmiljø_246-103020","Copper","Vm_2025","VannmiljøCopper2025","Aquatic","Freshwater","Stressor","Concentration","1","Fake ID","",1.7,"µg/L",1,"Not reported",,,,"µg/L",,"µg/L","1","2","3","4",
"2025-07-28","Vannmiljø_246-103021","Copper","Vm_2025","VannmiljøCopper2025","Aquatic","Freshwater","Stressor","Concentration","1","Fake ID","",1.7,"µg/L",1,"Not reported",,,,"µg/L",,"µg/L","1","2","3","4",
"2025-07-28","Vannmiljø_246-103021","Copper","Vm_2025","VannmiljøCopper2025","Aquatic","Freshwater","Stressor","Concentration","1","Fake ID","",1.2,"µg/L",1,"Not reported",,,,"µg/L",,"µg/L","1","2","3","4",
"2025-06-02","Vannmiljø_246-103021","Copper","Vm_2025","VannmiljøCopper2025","Aquatic","Freshwater","Stressor","Concentration","1","Fake ID","",1.6,"µg/L",1,"Not reported",,,,"µg/L",,"µg/L","1","2","3","4",
"2025-06-02","Vannmiljø_246-103021","Copper","Vm_2025","VannmiljøCopper2025","Aquatic","Freshwater","Stressor","Concentration","1","Fake ID","",1.7,"µg/L",1,"Not reported",,,,"µg/L",,"µg/L","1","2","3","4",
"2025-06-03","Vannmiljø_246-103022","Copper","Vm_2025","VannmiljøCopper2025","Aquatic","Freshwater","Stressor","Concentration","1","Fake ID","",2.3,"µg/L",1,"Not reported",,,,"µg/L",,"µg/L","1","2","3","4",
"2025-06-03","Vannmiljø_246-103022","Copper","Vm_2025","VannmiljøCopper2025","Aquatic","Freshwater","Stressor","Concentration","1","Fake ID","",2.7,"µg/L",1,"Not reported",,,,"µg/L",,"µg/L","1","2","3","4",
"2025-08-04","Vannmiljø_246-103022","Copper","Vm_2025","VannmiljøCopper2025","Aquatic","Freshwater","Stressor","Concentration","1","Fake ID","",2.3,"µg/L",1,"Not reported",,,,"µg/L",,"µg/L","1","2","3","4",
"2025-08-04","Vannmiljø_246-103022","Copper","Vm_2025","VannmiljøCopper2025","Aquatic","Freshwater","Stressor","Concentration","1","Fake ID","",2.6,"µg/L",1,"Not reported",,,,"µg/L",,"µg/L","1","2","3","4",
"2025-09-21","Vannmiljø_246-103022","Copper","Vm_2025","VannmiljøCopper2025","Aquatic","Freshwater","Stressor","Concentration","1","Fake ID","",2.6,"µg/L",1,"Not reported",,,,"µg/L",,"µg/L","1","2","3","4",
"2025-09-21","Vannmiljø_246-103022","Copper","Vm_2025","VannmiljøCopper2025","Aquatic","Freshwater","Stressor","Concentration","1","Fake ID","",3.4,"µg/L",1,"Not reported",,,,"µg/L",,"µg/L","1","2","3","4",
"2025-06-17","Vannmiljø_246-103023","Copper","Vm_2025","VannmiljøCopper2025","Aquatic","Freshwater","Stressor","Concentration","1","Fake ID","",2.6,"µg/L",1,"Not reported",,,,"µg/L",,"µg/L","1","2","3","4",
"2025-06-17","Vannmiljø_246-103023","Copper","Vm_2025","VannmiljøCopper2025","Aquatic","Freshwater","Stressor","Concentration","1","Fake ID","",2.7,"µg/L",1,"Not reported",,,,"µg/L",,"µg/L","1","2","3","4",
"2025-09-24","Vannmiljø_246-103023","Copper","Vm_2025","VannmiljøCopper2025","Aquatic","Freshwater","Stressor","Concentration","1","Fake ID","",2.5,"µg/L",1,"Not reported",,,,"µg/L",,"µg/L","1","2","3","4",
"2025-09-24","Vannmiljø_246-103023","Copper","Vm_2025","VannmiljøCopper2025","Aquatic","Freshwater","Stressor","Concentration","1","Fake ID","",2.7,"µg/L",1,"Not reported",,,,"µg/L",,"µg/L","1","2","3","4",
"2025-08-07","Vannmiljø_246-103023","Copper","Vm_2025","VannmiljøCopper2025","Aquatic","Freshwater","Stressor","Concentration","1","Fake ID","",2.4,"µg/L",1,"Not reported",,,,"µg/L",,"µg/L","1","2","3","4",
"2025-08-07","Vannmiljø_246-103023","Copper","Vm_2025","VannmiljøCopper2025","Aquatic","Freshwater","Stressor","Concentration","1","Fake ID","",3.1,"µg/L",1,"Not reported",,,,"µg/L",,"µg/L","1","2","3","4",
"2025-06-12","Vannmiljø_246-103024","Copper","Vm_2025","VannmiljøCopper2025","Aquatic","Freshwater","Stressor","Concentration","1","Fake ID","",1.2,"µg/L",1,"Not reported",,,,"µg/L",,"µg/L","1","2","3","4",
"2025-06-12","Vannmiljø_246-103024","Copper","Vm_2025","VannmiljøCopper2025","Aquatic","Freshwater","Stressor","Concentration","1","Fake ID","",1.7,"µg/L",1,"Not reported",,,,"µg/L",,"µg/L","1","2","3","4",
"2025-07-24","Vannmiljø_246-103024","Copper","Vm_2025","VannmiljøCopper2025","Aquatic","Freshwater","Stressor","Concentration","1","Fake ID","",1.1,"µg/L",1,"Not reported",,,,"µg/L",,"µg/L","1","2","3","4",
"2025-07-24","Vannmiljø_246-103024","Copper","Vm_2025","VannmiljøCopper2025","Aquatic","Freshwater","Stressor","Concentration","1","Fake ID","",1.2,"µg/L",1,"Not reported",,,,"µg/L",,"µg/L","1","2","3","4",
"2025-07-24","Vannmiljø_246-103024","Copper","Vm_2025","VannmiljøCopper2025","Aquatic","Freshwater","Stressor","Concentration","1","Fake ID","",1.2,"µg/L",1,"Not reported",,,,"µg/L",,"µg/L","1","2","3","4",
"2025-07-24","Vannmiljø_246-103024","Copper","Vm_2025","VannmiljøCopper2025","Aquatic","Freshwater","Stressor","Concentration","1","Fake ID","",1.3,"µg/L",1,"Not reported",,,,"µg/L",,"µg/L","1","2","3","4",
"2025-09-18","Vannmiljø_246-103025","Copper","Vm_2025","VannmiljøCopper2025","Aquatic","Freshwater","Stressor","Concentration","1","Fake ID","",1.7,"µg/L",1,"Not reported",,,,"µg/L",,"µg/L","1","2","3","4",
"2025-09-18","Vannmiljø_246-103025","Copper","Vm_2025","VannmiljøCopper2025","Aquatic","Freshwater","Stressor","Concentration","1","Fake ID","",1.9,"µg/L",1,"Not reported",,,,"µg/L",,"µg/L","1","2","3","4",
"2025-07-28","Vannmiljø_246-103025","Copper","Vm_2025","VannmiljøCopper2025","Aquatic","Freshwater","Stressor","Concentration","1","Fake ID","",1.7,"µg/L",1,"Not reported",,,,"µg/L",,"µg/L","1","2","3","4",
"2025-07-28","Vannmiljø_246-103025","Copper","Vm_2025","VannmiljøCopper2025","Aquatic","Freshwater","Stressor","Concentration","1","Fake ID","",1.2,"µg/L",1,"Not reported",,,,"µg/L",,"µg/L","1","2","3","4",
"2025-06-02","Vannmiljø_246-103025","Copper","Vm_2025","VannmiljøCopper2025","Aquatic","Freshwater","Stressor","Concentration","1","Fake ID","",1.6,"µg/L",1,"Not reported",,,,"µg/L",,"µg/L","1","2","3","4",
"2025-06-02","Vannmiljø_246-103025","Copper","Vm_2025","VannmiljøCopper2025","Aquatic","Freshwater","Stressor","Concentration","1","Fake ID","",1.8,"µg/L",1,"Not reported",,,,"µg/L",,"µg/L","1","2","3","4",
"2025-07-24","Vannmiljø_246-103026","Copper","Vm_2025","VannmiljøCopper2025","Aquatic","Freshwater","Stressor","Concentration","1","Fake ID","",2.5,"µg/L",1,"Not reported",,,,"µg/L",,"µg/L","1","2","3","4",
"2025-07-24","Vannmiljø_246-103026","Copper","Vm_2025","VannmiljøCopper2025","Aquatic","Freshwater","Stressor","Concentration","1","Fake ID","",2.8,"µg/L",1,"Not reported",,,,"µg/L",,"µg/L","1","2","3","4",
"2025-06-12","Vannmiljø_246-103026","Copper","Vm_2025","VannmiljøCopper2025","Aquatic","Freshwater","Stressor","Concentration","1","Fake ID","",2.5,"µg/L",1,"Not reported",,,,"µg/L",,"µg/L","1","2","3","4",
"2025-06-12","Vannmiljø_246-103026","Copper","Vm_2025","VannmiljøCopper2025","Aquatic","Freshwater","Stressor","Concentration","1","Fake ID","",3.2,"µg/L",1,"Not reported",,,,"µg/L",,"µg/L","1","2","3","4",
"2025-07-24","Vannmiljø_246-103026","Copper","Vm_2025","VannmiljøCopper2025","Aquatic","Freshwater","Stressor","Concentration","1","Fake ID","",2.5,"µg/L",1,"Not reported",,,,"µg/L",,"µg/L","1","2","3","4",
"2025-07-24","Vannmiljø_246-103026","Copper","Vm_2025","VannmiljøCopper2025","Aquatic","Freshwater","Stressor","Concentration","1","Fake ID","",2.9,"µg/L",1,"Not reported",,,,"µg/L",,"µg/L","1","2","3","4",
"2025-07-28","Vannmiljø_246-103027","Copper","Vm_2025","VannmiljøCopper2025","Aquatic","Freshwater","Stressor","Concentration","1","Fake ID","",1.1,"µg/L",1,"Not reported",,,,"µg/L",,"µg/L","1","2","3","4",
"2025-07-28","Vannmiljø_246-103027","Copper","Vm_2025","VannmiljøCopper2025","Aquatic","Freshwater","Stressor","Concentration","1","Fake ID","",0.66,"µg/L",1,"Not reported",,,,"µg/L",,"µg/L","1","2","3","4",
"2025-09-18","Vannmiljø_246-103027","Copper","Vm_2025","VannmiljøCopper2025","Aquatic","Freshwater","Stressor","Concentration","1","Fake ID","",1.2,"µg/L",1,"Not reported",,,,"µg/L",,"µg/L","1","2","3","4",
"2025-09-18","Vannmiljø_246-103027","Copper","Vm_2025","VannmiljøCopper2025","Aquatic","Freshwater","Stressor","Concentration","1","Fake ID","",1.4,"µg/L",1,"Not reported",,,,"µg/L",,"µg/L","1","2","3","4",
"2025-06-02","Vannmiljø_246-103027","Copper","Vm_2025","VannmiljøCopper2025","Aquatic","Freshwater","Stressor","Concentration","1","Fake ID","",1.6,"µg/L",1,"Not reported",,,,"µg/L",,"µg/L","1","2","3","4",
"2025-06-02","Vannmiljø_246-103027","Copper","Vm_2025","VannmiljøCopper2025","Aquatic","Freshwater","Stressor","Concentration","1","Fake ID","",1.6,"µg/L",1,"Not reported",,,,"µg/L",,"µg/L","1","2","3","4",
"2025-06-02","Vannmiljø_246-103029","Copper","Vm_2025","VannmiljøCopper2025","Aquatic","Freshwater","Stressor","Concentration","1","Fake ID","",2.4,"µg/L",1,"Not reported",,,,"µg/L",,"µg/L","1","2","3","4",
"2025-06-02","Vannmiljø_246-103029","Copper","Vm_2025","VannmiljøCopper2025","Aquatic","Freshwater","Stressor","Concentration","1","Fake ID","",1.7,"µg/L",1,"Not reported",,,,"µg/L",,"µg/L","1","2","3","4",
"2025-07-30","Vannmiljø_246-103029","Copper","Vm_2025","VannmiljøCopper2025","Aquatic","Freshwater","Stressor","Concentration","1","Fake ID","",1.4,"µg/L",1,"Not reported",,,,"µg/L",,"µg/L","1","2","3","4",
"2025-07-30","Vannmiljø_246-103029","Copper","Vm_2025","VannmiljøCopper2025","Aquatic","Freshwater","Stressor","Concentration","1","Fake ID","",1.6,"µg/L",1,"Not reported",,,,"µg/L",,"µg/L","1","2","3","4",
"2025-09-15","Vannmiljø_246-103029","Copper","Vm_2025","VannmiljøCopper2025","Aquatic","Freshwater","Stressor","Concentration","1","Fake ID","",1.4,"µg/L",1,"Not reported",,,,"µg/L",,"µg/L","1","2","3","4",
"2025-09-15","Vannmiljø_246-103029","Copper","Vm_2025","VannmiljøCopper2025","Aquatic","Freshwater","Stressor","Concentration","1","Fake ID","",1.6,"µg/L",1,"Not reported",,,,"µg/L",,"µg/L","1","2","3","4",
"2025-09-23","Vannmiljø_246-103031","Copper","Vm_2025","VannmiljøCopper2025","Aquatic","Freshwater","Stressor","Concentration","1","Fake ID","",1.3,"µg/L",1,"Not reported",,,,"µg/L",,"µg/L","1","2","3","4",
"2025-09-23","Vannmiljø_246-103031","Copper","Vm_2025","VannmiljøCopper2025","Aquatic","Freshwater","Stressor","Concentration","1","Fake ID","",1.7,"µg/L",1,"Not reported",,,,"µg/L",,"µg/L","1","2","3","4",
"2025-08-04","Vannmiljø_246-103031","Copper","Vm_2025","VannmiljøCopper2025","Aquatic","Freshwater","Stressor","Concentration","1","Fake ID","",1.6,"µg/L",1,"Not reported",,,,"µg/L",,"µg/L","1","2","3","4",
"2025-08-04","Vannmiljø_246-103031","Copper","Vm_2025","VannmiljøCopper2025","Aquatic","Freshwater","Stressor","Concentration","1","Fake ID","",2,"µg/L",1,"Not reported",,,,"µg/L",,"µg/L","1","2","3","4",
"2025-06-03","Vannmiljø_246-103031","Copper","Vm_2025","VannmiljøCopper2025","Aquatic","Freshwater","Stressor","Concentration","1","Fake ID","",1.4,"µg/L",1,"Not reported",,,,"µg/L",,"µg/L","1","2","3","4",
"2025-06-03","Vannmiljø_246-103031","Copper","Vm_2025","VannmiljøCopper2025","Aquatic","Freshwater","Stressor","Concentration","1","Fake ID","",1.6,"µg/L",1,"Not reported",,,,"µg/L",,"µg/L","1","2","3","4",
"2025-08-05","Vannmiljø_246-103032","Copper","Vm_2025","VannmiljøCopper2025","Aquatic","Freshwater","Stressor","Concentration","1","Fake ID","",1.6,"µg/L",1,"Not reported",,,,"µg/L",,"µg/L","1","2","3","4",
"2025-08-05","Vannmiljø_246-103032","Copper","Vm_2025","VannmiljøCopper2025","Aquatic","Freshwater","Stressor","Concentration","1","Fake ID","",1.9,"µg/L",1,"Not reported",,,,"µg/L",,"µg/L","1","2","3","4",
"2025-09-16","Vannmiljø_246-103032","Copper","Vm_2025","VannmiljøCopper2025","Aquatic","Freshwater","Stressor","Concentration","1","Fake ID","",1.5,"µg/L",1,"Not reported",,,,"µg/L",,"µg/L","1","2","3","4",
"2025-09-16","Vannmiljø_246-103032","Copper","Vm_2025","VannmiljøCopper2025","Aquatic","Freshwater","Stressor","Concentration","1","Fake ID","",1.7,"µg/L",1,"Not reported",,,,"µg/L",,"µg/L","1","2","3","4",
"2025-06-03","Vannmiljø_246-103032","Copper","Vm_2025","VannmiljøCopper2025","Aquatic","Freshwater","Stressor","Concentration","1","Fake ID","",1.7,"µg/L",1,"Not reported",,,,"µg/L",,"µg/L","1","2","3","4",
"2025-06-03","Vannmiljø_246-103032","Copper","Vm_2025","VannmiljøCopper2025","Aquatic","Freshwater","Stressor","Concentration","1","Fake ID","",1.7,"µg/L",1,"Not reported",,,,"µg/L",,"µg/L","1","2","3","4",
"2025-07-30","Vannmiljø_246-103034","Copper","Vm_2025","VannmiljøCopper2025","Aquatic","Freshwater","Stressor","Concentration","1","Fake ID","",2.1,"µg/L",1,"Not reported",,,,"µg/L",,"µg/L","1","2","3","4",
"2025-07-30","Vannmiljø_246-103034","Copper","Vm_2025","VannmiljøCopper2025","Aquatic","Freshwater","Stressor","Concentration","1","Fake ID","",2.3,"µg/L",1,"Not reported",,,,"µg/L",,"µg/L","1","2","3","4",
"2025-09-15","Vannmiljø_246-103034","Copper","Vm_2025","VannmiljøCopper2025","Aquatic","Freshwater","Stressor","Concentration","1","Fake ID","",1.3,"µg/L",1,"Not reported",,,,"µg/L",,"µg/L","1","2","3","4",
"2025-09-15","Vannmiljø_246-103034","Copper","Vm_2025","VannmiljøCopper2025","Aquatic","Freshwater","Stressor","Concentration","1","Fake ID","",1.4,"µg/L",1,"Not reported",,,,"µg/L",,"µg/L","1","2","3","4",
"2025-09-15","Vannmiljø_246-103034","Copper","Vm_2025","VannmiljøCopper2025","Aquatic","Freshwater","Stressor","Concentration","1","Fake ID","",2.1,"µg/L",1,"Not reported",,,,"µg/L",,"µg/L","1","2","3","4",
"2025-09-15","Vannmiljø_246-103034","Copper","Vm_2025","VannmiljøCopper2025","Aquatic","Freshwater","Stressor","Concentration","1","Fake ID","",2.3,"µg/L",1,"Not reported",,,,"µg/L",,"µg/L","1","2","3","4",
"2025-06-02","Vannmiljø_246-103034","Copper","Vm_2025","VannmiljøCopper2025","Aquatic","Freshwater","Stressor","Concentration","1","Fake ID","",2.1,"µg/L",1,"Not reported",,,,"µg/L",,"µg/L","1","2","3","4",
"2025-06-02","Vannmiljø_246-103034","Copper","Vm_2025","VannmiljøCopper2025","Aquatic","Freshwater","Stressor","Concentration","1","Fake ID","",4.2,"µg/L",1,"Not reported",,,,"µg/L",,"µg/L","1","2","3","4",
"2025-07-30","Vannmiljø_246-103035","Copper","Vm_2025","VannmiljøCopper2025","Aquatic","Freshwater","Stressor","Concentration","1","Fake ID","",1.2,"µg/L",1,"Not reported",,,,"µg/L",,"µg/L","1","2","3","4",
"2025-07-30","Vannmiljø_246-103035","Copper","Vm_2025","VannmiljøCopper2025","Aquatic","Freshwater","Stressor","Concentration","1","Fake ID","",1.5,"µg/L",1,"Not reported",,,,"µg/L",,"µg/L","1","2","3","4",
"2025-06-02","Vannmiljø_246-103035","Copper","Vm_2025","VannmiljøCopper2025","Aquatic","Freshwater","Stressor","Concentration","1","Fake ID","",1.2,"µg/L",1,"Not reported",,,,"µg/L",,"µg/L","1","2","3","4",
"2025-06-02","Vannmiljø_246-103035","Copper","Vm_2025","VannmiljøCopper2025","Aquatic","Freshwater","Stressor","Concentration","1","Fake ID","",1.4,"µg/L",1,"Not reported",,,,"µg/L",,"µg/L","1","2","3","4",
"2025-06-02","Vannmiljø_246-103037","Copper","Vm_2025","VannmiljøCopper2025","Aquatic","Freshwater","Stressor","Concentration","1","Fake ID","",0.77,"µg/L",1,"Not reported",,,,"µg/L",,"µg/L","1","2","3","4",
"2025-06-02","Vannmiljø_246-103037","Copper","Vm_2025","VannmiljøCopper2025","Aquatic","Freshwater","Stressor","Concentration","1","Fake ID","",1,"µg/L",1,"Not reported",,,,"µg/L",,"µg/L","1","2","3","4",
"2025-09-15","Vannmiljø_246-103037","Copper","Vm_2025","VannmiljøCopper2025","Aquatic","Freshwater","Stressor","Concentration","1","Fake ID","",0.82,"µg/L",1,"Not reported",,,,"µg/L",,"µg/L","1","2","3","4",
"2025-09-15","Vannmiljø_246-103037","Copper","Vm_2025","VannmiljøCopper2025","Aquatic","Freshwater","Stressor","Concentration","1","Fake ID","",0.92,"µg/L",1,"Not reported",,,,"µg/L",,"µg/L","1","2","3","4",
"2025-07-30","Vannmiljø_246-103037","Copper","Vm_2025","VannmiljøCopper2025","Aquatic","Freshwater","Stressor","Concentration","1","Fake ID","",0.83,"µg/L",1,"Not reported",,,,"µg/L",,"µg/L","1","2","3","4",
"2025-07-30","Vannmiljø_246-103037","Copper","Vm_2025","VannmiljøCopper2025","Aquatic","Freshwater","Stressor","Concentration","1","Fake ID","",0.73,"µg/L",1,"Not reported",,,,"µg/L",,"µg/L","1","2","3","4",
"2025-09-17","Vannmiljø_246-103041","Copper","Vm_2025","VannmiljøCopper2025","Aquatic","Freshwater","Stressor","Concentration","1","Fake ID","",0.41,"µg/L",1,"Not reported",,,,"µg/L",,"µg/L","1","2","3","4",
"2025-09-17","Vannmiljø_246-103041","Copper","Vm_2025","VannmiljøCopper2025","Aquatic","Freshwater","Stressor","Concentration","1","Fake ID","< LOQ",0.5,"µg/L",1,"Not reported",,,,"µg/L",,"µg/L","1","2","3","4",
"2025-08-05","Vannmiljø_246-103041","Copper","Vm_2025","VannmiljøCopper2025","Aquatic","Freshwater","Stressor","Concentration","1","Fake ID","",0.36,"µg/L",1,"Not reported",,,,"µg/L",,"µg/L","1","2","3","4",
"2025-08-05","Vannmiljø_246-103041","Copper","Vm_2025","VannmiljøCopper2025","Aquatic","Freshwater","Stressor","Concentration","1","Fake ID","< LOQ",0.5,"µg/L",1,"Not reported",,,,"µg/L",,"µg/L","1","2","3","4",
"2025-06-16","Vannmiljø_246-103041","Copper","Vm_2025","VannmiljøCopper2025","Aquatic","Freshwater","Stressor","Concentration","1","Fake ID","",0.47,"µg/L",1,"Not reported",,,,"µg/L",,"µg/L","1","2","3","4",
"2025-06-16","Vannmiljø_246-103041","Copper","Vm_2025","VannmiljøCopper2025","Aquatic","Freshwater","Stressor","Concentration","1","Fake ID","< LOQ",0.5,"µg/L",1,"Not reported",,,,"µg/L",,"µg/L","1","2","3","4",
"2025-09-17","Vannmiljø_246-103042","Copper","Vm_2025","VannmiljøCopper2025","Aquatic","Freshwater","Stressor","Concentration","1","Fake ID","",2,"µg/L",1,"Not reported",,,,"µg/L",,"µg/L","1","2","3","4",
"2025-09-17","Vannmiljø_246-103042","Copper","Vm_2025","VannmiljøCopper2025","Aquatic","Freshwater","Stressor","Concentration","1","Fake ID","",2.2,"µg/L",1,"Not reported",,,,"µg/L",,"µg/L","1","2","3","4",
"2025-07-29","Vannmiljø_246-103042","Copper","Vm_2025","VannmiljøCopper2025","Aquatic","Freshwater","Stressor","Concentration","1","Fake ID","",1.9,"µg/L",1,"Not reported",,,,"µg/L",,"µg/L","1","2","3","4",
"2025-07-29","Vannmiljø_246-103042","Copper","Vm_2025","VannmiljøCopper2025","Aquatic","Freshwater","Stressor","Concentration","1","Fake ID","",2.4,"µg/L",1,"Not reported",,,,"µg/L",,"µg/L","1","2","3","4",
"2025-06-03","Vannmiljø_246-103042","Copper","Vm_2025","VannmiljøCopper2025","Aquatic","Freshwater","Stressor","Concentration","1","Fake ID","",1.5,"µg/L",1,"Not reported",,,,"µg/L",,"µg/L","1","2","3","4",
"2025-06-03","Vannmiljø_246-103042","Copper","Vm_2025","VannmiljøCopper2025","Aquatic","Freshwater","Stressor","Concentration","1","Fake ID","",2.4,"µg/L",1,"Not reported",,,,"µg/L",,"µg/L","1","2","3","4",
"2025-07-31","Vannmiljø_246-103043","Copper","Vm_2025","VannmiljøCopper2025","Aquatic","Freshwater","Stressor","Concentration","1","Fake ID","",0.96,"µg/L",1,"Not reported",,,,"µg/L",,"µg/L","1","2","3","4",
"2025-07-31","Vannmiljø_246-103043","Copper","Vm_2025","VannmiljøCopper2025","Aquatic","Freshwater","Stressor","Concentration","1","Fake ID","",1,"µg/L",1,"Not reported",,,,"µg/L",,"µg/L","1","2","3","4",
"2025-06-02","Vannmiljø_246-103043","Copper","Vm_2025","VannmiljøCopper2025","Aquatic","Freshwater","Stressor","Concentration","1","Fake ID","",0.84,"µg/L",1,"Not reported",,,,"µg/L",,"µg/L","1","2","3","4",
"2025-06-02","Vannmiljø_246-103043","Copper","Vm_2025","VannmiljøCopper2025","Aquatic","Freshwater","Stressor","Concentration","1","Fake ID","",0.83,"µg/L",1,"Not reported",,,,"µg/L",,"µg/L","1","2","3","4",
"2025-09-18","Vannmiljø_246-103043","Copper","Vm_2025","VannmiljøCopper2025","Aquatic","Freshwater","Stressor","Concentration","1","Fake ID","",1.1,"µg/L",1,"Not reported",,,,"µg/L",,"µg/L","1","2","3","4",
"2025-09-18","Vannmiljø_246-103043","Copper","Vm_2025","VannmiljøCopper2025","Aquatic","Freshwater","Stressor","Concentration","1","Fake ID","",1.3,"µg/L",1,"Not reported",,,,"µg/L",,"µg/L","1","2","3","4",
"2025-06-18","Vannmiljø_246-103044","Copper","Vm_2025","VannmiljøCopper2025","Aquatic","Freshwater","Stressor","Concentration","1","Fake ID","",1.2,"µg/L",1,"Not reported",,,,"µg/L",,"µg/L","1","2","3","4",
"2025-06-18","Vannmiljø_246-103044","Copper","Vm_2025","VannmiljøCopper2025","Aquatic","Freshwater","Stressor","Concentration","1","Fake ID","",1.4,"µg/L",1,"Not reported",,,,"µg/L",,"µg/L","1","2","3","4",
"2025-07-30","Vannmiljø_246-103044","Copper","Vm_2025","VannmiljøCopper2025","Aquatic","Freshwater","Stressor","Concentration","1","Fake ID","",1.1,"µg/L",1,"Not reported",,,,"µg/L",,"µg/L","1","2","3","4",
"2025-07-30","Vannmiljø_246-103044","Copper","Vm_2025","VannmiljøCopper2025","Aquatic","Freshwater","Stressor","Concentration","1","Fake ID","",1.7,"µg/L",1,"Not reported",,,,"µg/L",,"µg/L","1","2","3","4",
"2025-09-15","Vannmiljø_246-103044","Copper","Vm_2025","VannmiljøCopper2025","Aquatic","Freshwater","Stressor","Concentration","1","Fake ID","",1.2,"µg/L",1,"Not reported",,,,"µg/L",,"µg/L","1","2","3","4",
"2025-09-15","Vannmiljø_246-103044","Copper","Vm_2025","VannmiljøCopper2025","Aquatic","Freshwater","Stressor","Concentration","1","Fake ID","",1.5,"µg/L",1,"Not reported",,,,"µg/L",,"µg/L","1","2","3","4",
"2025-06-12","Vannmiljø_246-103045","Copper","Vm_2025","VannmiljøCopper2025","Aquatic","Freshwater","Stressor","Concentration","1","Fake ID","",0.88,"µg/L",1,"Not reported",,,,"µg/L",,"µg/L","1","2","3","4",
"2025-06-12","Vannmiljø_246-103045","Copper","Vm_2025","VannmiljøCopper2025","Aquatic","Freshwater","Stressor","Concentration","1","Fake ID","",1,"µg/L",1,"Not reported",,,,"µg/L",,"µg/L","1","2","3","4",
"2025-07-23","Vannmiljø_246-103045","Copper","Vm_2025","VannmiljøCopper2025","Aquatic","Freshwater","Stressor","Concentration","1","Fake ID","",0.8,"µg/L",1,"Not reported",,,,"µg/L",,"µg/L","1","2","3","4",
"2025-07-23","Vannmiljø_246-103045","Copper","Vm_2025","VannmiljøCopper2025","Aquatic","Freshwater","Stressor","Concentration","1","Fake ID","",0.83,"µg/L",1,"Not reported",,,,"µg/L",,"µg/L","1","2","3","4",
"2025-07-23","Vannmiljø_246-103045","Copper","Vm_2025","VannmiljøCopper2025","Aquatic","Freshwater","Stressor","Concentration","1","Fake ID","",0.89,"µg/L",1,"Not reported",,,,"µg/L",,"µg/L","1","2","3","4",
"2025-07-23","Vannmiljø_246-103045","Copper","Vm_2025","VannmiljøCopper2025","Aquatic","Freshwater","Stressor","Concentration","1","Fake ID","",0.97,"µg/L",1,"Not reported",,,,"µg/L",,"µg/L","1","2","3","4",
"2025-08-06","Vannmiljø_246-103047","Copper","Vm_2025","VannmiljøCopper2025","Aquatic","Freshwater","Stressor","Concentration","1","Fake ID","",2,"µg/L",1,"Not reported",,,,"µg/L",,"µg/L","1","2","3","4",
"2025-08-06","Vannmiljø_246-103047","Copper","Vm_2025","VannmiljøCopper2025","Aquatic","Freshwater","Stressor","Concentration","1","Fake ID","",2.4,"µg/L",1,"Not reported",,,,"µg/L",,"µg/L","1","2","3","4",
"2025-08-06","Vannmiljø_246-103047","Copper","Vm_2025","VannmiljøCopper2025","Aquatic","Freshwater","Stressor","Concentration","1","Fake ID","",2.4,"µg/L",1,"Not reported",,,,"µg/L",,"µg/L","1","2","3","4",
"2025-08-06","Vannmiljø_246-103047","Copper","Vm_2025","VannmiljøCopper2025","Aquatic","Freshwater","Stressor","Concentration","1","Fake ID","",2.7,"µg/L",1,"Not reported",,,,"µg/L",,"µg/L","1","2","3","4",
"2025-06-12","Vannmiljø_246-103047","Copper","Vm_2025","VannmiljøCopper2025","Aquatic","Freshwater","Stressor","Concentration","1","Fake ID","",2.3,"µg/L",1,"Not reported",,,,"µg/L",,"µg/L","1","2","3","4",
"2025-06-12","Vannmiljø_246-103047","Copper","Vm_2025","VannmiljøCopper2025","Aquatic","Freshwater","Stressor","Concentration","1","Fake ID","",2.8,"µg/L",1,"Not reported",,,,"µg/L",,"µg/L","1","2","3","4",
"2025-09-11","Vannmiljø_016-104977","Copper","Vm_2025","VannmiljøCopper2025","Aquatic","Freshwater","Stressor","Concentration","1","Fake ID","",5.5,"µg/L",1,"Not reported",,,,"µg/L",,"µg/L","1","2","3","4",
"2025-05-19","Vannmiljø_012-105300","Copper","Vm_2025","VannmiljøCopper2025","Aquatic","Freshwater","Stressor","Concentration","1","Fake ID","",1.4,"µg/L",1,"Not reported",,,,"µg/L",,"µg/L","1","2","3","4",
"2025-05-27","Vannmiljø_012-105300","Copper","Vm_2025","VannmiljøCopper2025","Aquatic","Freshwater","Stressor","Concentration","1","Fake ID","",1.2,"µg/L",1,"Not reported",,,,"µg/L",,"µg/L","1","2","3","4",
"2025-06-12","Vannmiljø_012-105300","Copper","Vm_2025","VannmiljøCopper2025","Aquatic","Freshwater","Stressor","Concentration","1","Fake ID","",0.95,"µg/L",1,"Not reported",,,,"µg/L",,"µg/L","1","2","3","4",
"2025-09-25","Vannmiljø_012-105300","Copper","Vm_2025","VannmiljøCopper2025","Aquatic","Freshwater","Stressor","Concentration","1","Fake ID","",2.2,"µg/L",1,"Not reported",,,,"µg/L",,"µg/L","1","2","3","4",
"2025-08-19","Vannmiljø_006-105329","Copper","Vm_2025","VannmiljøCopper2025","Aquatic","Freshwater","Stressor","Concentration","1","Fake ID","",2.8,"µg/L",1,"Not reported",,,1,"µg/L",,"µg/L","1","2","3","4","ICP-SFMS Avløpsvann etter oppslutning"
"2025-08-19","Vannmiljø_006-105330","Copper","Vm_2025","VannmiljøCopper2025","Aquatic","Freshwater","Stressor","Concentration","1","Fake ID","< LOQ",1,"µg/L",1,"Not reported",,,1,"µg/L",,"µg/L","1","2","3","4","ICP-SFMS Avløpsvann etter oppslutning"
"2025-02-20","Vannmiljø_056-106516","Copper","Vm_2025","VannmiljøCopper2025","Aquatic","Freshwater","Stressor","Concentration","1","Fake ID","",2.3,"µg/L",1,"Not reported",,,,"µg/L",,"µg/L","1","2","3","4",
"2025-01-02","Vannmiljø_056-106517","Copper","Vm_2025","VannmiljøCopper2025","Aquatic","Freshwater","Stressor","Concentration","1","Fake ID","",0.95,"µg/L",1,"Not reported",,,,"µg/L",,"µg/L","1","2","3","4",
"2025-01-09","Vannmiljø_056-106517","Copper","Vm_2025","VannmiljøCopper2025","Aquatic","Freshwater","Stressor","Concentration","1","Fake ID","",0.99,"µg/L",1,"Not reported",,,,"µg/L",,"µg/L","1","2","3","4",
"2025-01-16","Vannmiljø_056-106517","Copper","Vm_2025","VannmiljøCopper2025","Aquatic","Freshwater","Stressor","Concentration","1","Fake ID","",0.88,"µg/L",1,"Not reported",,,,"µg/L",,"µg/L","1","2","3","4",
"2025-01-23","Vannmiljø_056-106517","Copper","Vm_2025","VannmiljøCopper2025","Aquatic","Freshwater","Stressor","Concentration","1","Fake ID","",1,"µg/L",1,"Not reported",,,,"µg/L",,"µg/L","1","2","3","4",
"2025-01-30","Vannmiljø_056-106517","Copper","Vm_2025","VannmiljøCopper2025","Aquatic","Freshwater","Stressor","Concentration","1","Fake ID","",1,"µg/L",1,"Not reported",,,,"µg/L",,"µg/L","1","2","3","4",
"2025-02-06","Vannmiljø_056-106517","Copper","Vm_2025","VannmiljøCopper2025","Aquatic","Freshwater","Stressor","Concentration","1","Fake ID","",1,"µg/L",1,"Not reported",,,,"µg/L",,"µg/L","1","2","3","4",
"2025-02-13","Vannmiljø_056-106517","Copper","Vm_2025","VannmiljøCopper2025","Aquatic","Freshwater","Stressor","Concentration","1","Fake ID","",1.1,"µg/L",1,"Not reported",,,,"µg/L",,"µg/L","1","2","3","4",
"2025-02-20","Vannmiljø_056-106517","Copper","Vm_2025","VannmiljøCopper2025","Aquatic","Freshwater","Stressor","Concentration","1","Fake ID","",1.3,"µg/L",1,"Not reported",,,,"µg/L",,"µg/L","1","2","3","4",
"2025-02-27","Vannmiljø_056-106517","Copper","Vm_2025","VannmiljøCopper2025","Aquatic","Freshwater","Stressor","Concentration","1","Fake ID","",0.93,"µg/L",1,"Not reported",,,,"µg/L",,"µg/L","1","2","3","4",
"2025-01-23","Vannmiljø_056-106519","Copper","Vm_2025","VannmiljøCopper2025","Aquatic","Freshwater","Stressor","Concentration","1","Fake ID","",1.1,"µg/L",1,"Not reported",,,,"µg/L",,"µg/L","1","2","3","4",
"2025-02-20","Vannmiljø_056-106519","Copper","Vm_2025","VannmiljøCopper2025","Aquatic","Freshwater","Stressor","Concentration","1","Fake ID","",1.3,"µg/L",1,"Not reported",,,,"µg/L",,"µg/L","1","2","3","4",
"2025-01-02","Vannmiljø_056-106522","Copper","Vm_2025","VannmiljøCopper2025","Aquatic","Freshwater","Stressor","Concentration","1","Fake ID","",0.69,"µg/L",1,"Not reported",,,,"µg/L",,"µg/L","1","2","3","4",
"2025-01-09","Vannmiljø_056-106522","Copper","Vm_2025","VannmiljøCopper2025","Aquatic","Freshwater","Stressor","Concentration","1","Fake ID","",0.81,"µg/L",1,"Not reported",,,,"µg/L",,"µg/L","1","2","3","4",
"2025-01-16","Vannmiljø_056-106522","Copper","Vm_2025","VannmiljøCopper2025","Aquatic","Freshwater","Stressor","Concentration","1","Fake ID","",0.37,"µg/L",1,"Not reported",,,,"µg/L",,"µg/L","1","2","3","4",
"2025-01-23","Vannmiljø_056-106522","Copper","Vm_2025","VannmiljøCopper2025","Aquatic","Freshwater","Stressor","Concentration","1","Fake ID","",0.57,"µg/L",1,"Not reported",,,,"µg/L",,"µg/L","1","2","3","4",
"2025-01-30","Vannmiljø_056-106522","Copper","Vm_2025","VannmiljøCopper2025","Aquatic","Freshwater","Stressor","Concentration","1","Fake ID","",0.56,"µg/L",1,"Not reported",,,,"µg/L",,"µg/L","1","2","3","4",
"2025-02-06","Vannmiljø_056-106522","Copper","Vm_2025","VannmiljøCopper2025","Aquatic","Freshwater","Stressor","Concentration","1","Fake ID","",0.56,"µg/L",1,"Not reported",,,,"µg/L",,"µg/L","1","2","3","4",
"2025-02-13","Vannmiljø_056-106522","Copper","Vm_2025","VannmiljøCopper2025","Aquatic","Freshwater","Stressor","Concentration","1","Fake ID","",0.63,"µg/L",1,"Not reported",,,,"µg/L",,"µg/L","1","2","3","4",
"2025-02-20","Vannmiljø_056-106522","Copper","Vm_2025","VannmiljøCopper2025","Aquatic","Freshwater","Stressor","Concentration","1","Fake ID","",0.75,"µg/L",1,"Not reported",,,,"µg/L",,"µg/L","1","2","3","4",
"2025-02-27","Vannmiljø_056-106522","Copper","Vm_2025","VannmiljøCopper2025","Aquatic","Freshwater","Stressor","Concentration","1","Fake ID","",0.5,"µg/L",1,"Not reported",,,,"µg/L",,"µg/L","1","2","3","4",
"2025-01-16","Vannmiljø_056-106523","Copper","Vm_2025","VannmiljøCopper2025","Aquatic","Freshwater","Stressor","Concentration","1","Fake ID","",1.1,"µg/L",1,"Not reported",,,,"µg/L",,"µg/L","1","2","3","4",
"2025-02-20","Vannmiljø_056-106523","Copper","Vm_2025","VannmiljøCopper2025","Aquatic","Freshwater","Stressor","Concentration","1","Fake ID","",1.5,"µg/L",1,"Not reported",,,,"µg/L",,"µg/L","1","2","3","4",
"2025-01-02","Vannmiljø_056-106524","Copper","Vm_2025","VannmiljøCopper2025","Aquatic","Freshwater","Stressor","Concentration","1","Fake ID","",1.4,"µg/L",1,"Not reported",,,,"µg/L",,"µg/L","1","2","3","4",
"2025-01-09","Vannmiljø_056-106524","Copper","Vm_2025","VannmiljøCopper2025","Aquatic","Freshwater","Stressor","Concentration","1","Fake ID","",1.3,"µg/L",1,"Not reported",,,,"µg/L",,"µg/L","1","2","3","4",
"2025-01-16","Vannmiljø_056-106524","Copper","Vm_2025","VannmiljøCopper2025","Aquatic","Freshwater","Stressor","Concentration","1","Fake ID","",1.6,"µg/L",1,"Not reported",,,,"µg/L",,"µg/L","1","2","3","4",
"2025-01-30","Vannmiljø_056-106524","Copper","Vm_2025","VannmiljøCopper2025","Aquatic","Freshwater","Stressor","Concentration","1","Fake ID","",3.1,"µg/L",1,"Not reported",,,,"µg/L",,"µg/L","1","2","3","4",
"2025-02-06","Vannmiljø_056-106524","Copper","Vm_2025","VannmiljøCopper2025","Aquatic","Freshwater","Stressor","Concentration","1","Fake ID","",2.2,"µg/L",1,"Not reported",,,,"µg/L",,"µg/L","1","2","3","4",
"2025-02-13","Vannmiljø_056-106524","Copper","Vm_2025","VannmiljøCopper2025","Aquatic","Freshwater","Stressor","Concentration","1","Fake ID","",73,"µg/L",1,"Not reported",,,,"µg/L",,"µg/L","1","2","3","4",
"2025-02-20","Vannmiljø_056-106524","Copper","Vm_2025","VannmiljøCopper2025","Aquatic","Freshwater","Stressor","Concentration","1","Fake ID","",4.5,"µg/L",1,"Not reported",,,,"µg/L",,"µg/L","1","2","3","4",
"2025-02-27","Vannmiljø_056-106524","Copper","Vm_2025","VannmiljøCopper2025","Aquatic","Freshwater","Stressor","Concentration","1","Fake ID","",3.1,"µg/L",1,"Not reported",,,,"µg/L",,"µg/L","1","2","3","4",
"2025-01-16","Vannmiljø_057-106525","Copper","Vm_2025","VannmiljøCopper2025","Aquatic","Freshwater","Stressor","Concentration","1","Fake ID","",0.9,"µg/L",1,"Not reported",,,,"µg/L",,"µg/L","1","2","3","4",
"2025-02-20","Vannmiljø_057-106525","Copper","Vm_2025","VannmiljøCopper2025","Aquatic","Freshwater","Stressor","Concentration","1","Fake ID","",1.2,"µg/L",1,"Not reported",,,,"µg/L",,"µg/L","1","2","3","4",
"2025-01-16","Vannmiljø_057-106530","Copper","Vm_2025","VannmiljøCopper2025","Aquatic","Freshwater","Stressor","Concentration","1","Fake ID","",0.78,"µg/L",1,"Not reported",,,,"µg/L",,"µg/L","1","2","3","4",
"2025-02-20","Vannmiljø_057-106530","Copper","Vm_2025","VannmiljøCopper2025","Aquatic","Freshwater","Stressor","Concentration","1","Fake ID","",0.82,"µg/L",1,"Not reported",,,,"µg/L",,"µg/L","1","2","3","4",
"2025-01-02","Vannmiljø_057-106531","Copper","Vm_2025","VannmiljøCopper2025","Aquatic","Freshwater","Stressor","Concentration","1","Fake ID","",0.61,"µg/L",1,"Not reported",,,,"µg/L",,"µg/L","1","2","3","4",
"2025-01-09","Vannmiljø_057-106531","Copper","Vm_2025","VannmiljøCopper2025","Aquatic","Freshwater","Stressor","Concentration","1","Fake ID","",0.58,"µg/L",1,"Not reported",,,,"µg/L",,"µg/L","1","2","3","4",
"2025-01-16","Vannmiljø_057-106531","Copper","Vm_2025","VannmiljøCopper2025","Aquatic","Freshwater","Stressor","Concentration","1","Fake ID","",0.65,"µg/L",1,"Not reported",,,,"µg/L",,"µg/L","1","2","3","4",
"2025-01-23","Vannmiljø_057-106531","Copper","Vm_2025","VannmiljøCopper2025","Aquatic","Freshwater","Stressor","Concentration","1","Fake ID","",0.67,"µg/L",1,"Not reported",,,,"µg/L",,"µg/L","1","2","3","4",
"2025-01-30","Vannmiljø_057-106531","Copper","Vm_2025","VannmiljøCopper2025","Aquatic","Freshwater","Stressor","Concentration","1","Fake ID","",0.63,"µg/L",1,"Not reported",,,,"µg/L",,"µg/L","1","2","3","4",
"2025-02-06","Vannmiljø_057-106531","Copper","Vm_2025","VannmiljøCopper2025","Aquatic","Freshwater","Stressor","Concentration","1","Fake ID","",0.71,"µg/L",1,"Not reported",,,,"µg/L",,"µg/L","1","2","3","4",
"2025-02-13","Vannmiljø_057-106531","Copper","Vm_2025","VannmiljøCopper2025","Aquatic","Freshwater","Stressor","Concentration","1","Fake ID","",0.58,"µg/L",1,"Not reported",,,,"µg/L",,"µg/L","1","2","3","4",
"2025-02-20","Vannmiljø_057-106531","Copper","Vm_2025","VannmiljøCopper2025","Aquatic","Freshwater","Stressor","Concentration","1","Fake ID","",0.59,"µg/L",1,"Not reported",,,,"µg/L",,"µg/L","1","2","3","4",
"2025-02-27","Vannmiljø_057-106531","Copper","Vm_2025","VannmiljøCopper2025","Aquatic","Freshwater","Stressor","Concentration","1","Fake ID","",0.64,"µg/L",1,"Not reported",,,,"µg/L",,"µg/L","1","2","3","4",
"2025-03-06","Vannmiljø_123-106603","Copper","Vm_2025","VannmiljøCopper2025","Aquatic","Freshwater","Stressor","Concentration","1","Fake ID","",3.2,"µg/L",1,"Not reported",,,,"µg/L",,"µg/L","1","2","3","4",
"2025-03-06","Vannmiljø_123-106603","Copper","Vm_2025","VannmiljøCopper2025","Aquatic","Freshwater","Stressor","Concentration","1","Fake ID","",5.3,"µg/L",1,"Not reported",,,,"µg/L",,"µg/L","1","2","3","4",
"2025-06-11","Vannmiljø_123-106603","Copper","Vm_2025","VannmiljøCopper2025","Aquatic","Freshwater","Stressor","Concentration","1","Fake ID","",2.8,"µg/L",1,"Not reported",,,,"µg/L",,"µg/L","1","2","3","4",
"2025-06-11","Vannmiljø_123-106603","Copper","Vm_2025","VannmiljøCopper2025","Aquatic","Freshwater","Stressor","Concentration","1","Fake ID","",2.1,"µg/L",1,"Not reported",,,,"µg/L",,"µg/L","1","2","3","4",
"2025-03-05","Vannmiljø_03.20-106604","Copper","Vm_2025","VannmiljøCopper2025","Aquatic","Freshwater","Stressor","Concentration","1","Fake ID","",1.3,"µg/L",1,"Not reported",,,,"µg/L",,"µg/L","1","2","3","4",
"2025-03-05","Vannmiljø_03.20-106604","Copper","Vm_2025","VannmiljøCopper2025","Aquatic","Freshwater","Stressor","Concentration","1","Fake ID","",3.4,"µg/L",1,"Not reported",,,,"µg/L",,"µg/L","1","2","3","4",
"2025-06-12","Vannmiljø_03.20-106604","Copper","Vm_2025","VannmiljøCopper2025","Aquatic","Freshwater","Stressor","Concentration","1","Fake ID","",1,"µg/L",1,"Not reported",,,,"µg/L",,"µg/L","1","2","3","4",
"2025-06-12","Vannmiljø_03.20-106604","Copper","Vm_2025","VannmiljøCopper2025","Aquatic","Freshwater","Stressor","Concentration","1","Fake ID","",1.3,"µg/L",1,"Not reported",,,,"µg/L",,"µg/L","1","2","3","4",
"2025-06-11","Vannmiljø_03.20-106605","Copper","Vm_2025","VannmiljøCopper2025","Aquatic","Freshwater","Stressor","Concentration","1","Fake ID","",2.2,"µg/L",1,"Not reported",,,,"µg/L",,"µg/L","1","2","3","4",
"2025-06-11","Vannmiljø_03.20-106605","Copper","Vm_2025","VannmiljøCopper2025","Aquatic","Freshwater","Stressor","Concentration","1","Fake ID","",1.6,"µg/L",1,"Not reported",,,,"µg/L",,"µg/L","1","2","3","4",
"2025-09-10","Vannmiljø_03.20-106605","Copper","Vm_2025","VannmiljøCopper2025","Aquatic","Freshwater","Stressor","Concentration","1","Fake ID","",0.72,"µg/L",1,"Not reported",,,,"µg/L",,"µg/L","1","2","3","4",
"2025-09-10","Vannmiljø_03.20-106605","Copper","Vm_2025","VannmiljøCopper2025","Aquatic","Freshwater","Stressor","Concentration","1","Fake ID","",0.76,"µg/L",1,"Not reported",,,,"µg/L",,"µg/L","1","2","3","4",
"2025-01-14","Vannmiljø_012-106607","Copper","Vm_2025","VannmiljøCopper2025","Aquatic","Freshwater","Stressor","Concentration","1","Fake ID","",0.63,"µg/L",1,"Not reported",,,,"µg/L",,"µg/L","1","2","3","4",
"2025-01-14","Vannmiljø_012-106607","Copper","Vm_2025","VannmiljøCopper2025","Aquatic","Freshwater","Stressor","Concentration","1","Fake ID","",0.67,"µg/L",1,"Not reported",,,,"µg/L",,"µg/L","1","2","3","4",
"2025-02-13","Vannmiljø_012-106607","Copper","Vm_2025","VannmiljøCopper2025","Aquatic","Freshwater","Stressor","Concentration","1","Fake ID","",1.3,"µg/L",1,"Not reported",,,,"µg/L",,"µg/L","1","2","3","4",
"2025-02-13","Vannmiljø_012-106607","Copper","Vm_2025","VannmiljøCopper2025","Aquatic","Freshwater","Stressor","Concentration","1","Fake ID","",1.3,"µg/L",1,"Not reported",,,,"µg/L",,"µg/L","1","2","3","4",
"2025-03-17","Vannmiljø_012-106607","Copper","Vm_2025","VannmiljøCopper2025","Aquatic","Freshwater","Stressor","Concentration","1","Fake ID","",0.86,"µg/L",1,"Not reported",,,,"µg/L",,"µg/L","1","2","3","4",
"2025-04-22","Vannmiljø_012-106607","Copper","Vm_2025","VannmiljøCopper2025","Aquatic","Freshwater","Stressor","Concentration","1","Fake ID","",1,"µg/L",1,"Not reported",,,,"µg/L",,"µg/L","1","2","3","4",
"2025-05-28","Vannmiljø_012-106607","Copper","Vm_2025","VannmiljøCopper2025","Aquatic","Freshwater","Stressor","Concentration","1","Fake ID","",1.6,"µg/L",1,"Not reported",,,,"µg/L",,"µg/L","1","2","3","4",
"2025-06-19","Vannmiljø_012-106607","Copper","Vm_2025","VannmiljøCopper2025","Aquatic","Freshwater","Stressor","Concentration","1","Fake ID","",0.94,"µg/L",1,"Not reported",,,,"µg/L",,"µg/L","1","2","3","4",
"2025-07-02","Vannmiljø_012-106607","Copper","Vm_2025","VannmiljøCopper2025","Aquatic","Freshwater","Stressor","Concentration","1","Fake ID","",0.95,"µg/L",1,"Not reported",,,,"µg/L",,"µg/L","1","2","3","4",
"2025-08-15","Vannmiljø_012-106607","Copper","Vm_2025","VannmiljøCopper2025","Aquatic","Freshwater","Stressor","Concentration","1","Fake ID","",0.98,"µg/L",1,"Not reported",,,,"µg/L",,"µg/L","1","2","3","4",
"2025-09-23","Vannmiljø_012-106607","Copper","Vm_2025","VannmiljøCopper2025","Aquatic","Freshwater","Stressor","Concentration","1","Fake ID","",2.5,"µg/L",1,"Not reported",,,,"µg/L",,"µg/L","1","2","3","4",
"2025-01-21","Vannmiljø_151-107265","Copper","Vm_2025","VannmiljøCopper2025","Aquatic","Freshwater","Stressor","Concentration","1","Fake ID","",0.094,"µg/L",1,"Not reported",,,,"µg/L",,"µg/L","1","2","3","4",
"2025-03-24","Vannmiljø_151-107265","Copper","Vm_2025","VannmiljøCopper2025","Aquatic","Freshwater","Stressor","Concentration","1","Fake ID","",0.088,"µg/L",1,"Not reported",,,,"µg/L",,"µg/L","1","2","3","4",
"2025-07-02","Vannmiljø_151-107265","Copper","Vm_2025","VannmiljøCopper2025","Aquatic","Freshwater","Stressor","Concentration","1","Fake ID","",0.33,"µg/L",1,"Not reported",,,,"µg/L",,"µg/L","1","2","3","4",
"2025-05-12","Vannmiljø_151-107265","Copper","Vm_2025","VannmiljøCopper2025","Aquatic","Freshwater","Stressor","Concentration","1","Fake ID","",0.17,"µg/L",1,"Not reported",,,,"µg/L",,"µg/L","1","2","3","4",
"2025-01-21","Vannmiljø_151-107269","Copper","Vm_2025","VannmiljøCopper2025","Aquatic","Freshwater","Stressor","Concentration","1","Fake ID","",0.46,"µg/L",1,"Not reported",,,,"µg/L",,"µg/L","1","2","3","4",
"2025-07-02","Vannmiljø_151-107269","Copper","Vm_2025","VannmiljøCopper2025","Aquatic","Freshwater","Stressor","Concentration","1","Fake ID","",0.71,"µg/L",1,"Not reported",,,,"µg/L",,"µg/L","1","2","3","4",
"2025-03-24","Vannmiljø_151-107269","Copper","Vm_2025","VannmiljøCopper2025","Aquatic","Freshwater","Stressor","Concentration","1","Fake ID","",0.37,"µg/L",1,"Not reported",,,,"µg/L",,"µg/L","1","2","3","4",
"2025-05-12","Vannmiljø_151-107269","Copper","Vm_2025","VannmiljøCopper2025","Aquatic","Freshwater","Stressor","Concentration","1","Fake ID","",0.48,"µg/L",1,"Not reported",,,,"µg/L",,"µg/L","1","2","3","4",
"2025-01-21","Vannmiljø_151-107271","Copper","Vm_2025","VannmiljøCopper2025","Aquatic","Freshwater","Stressor","Concentration","1","Fake ID","",0.42,"µg/L",1,"Not reported",,,,"µg/L",,"µg/L","1","2","3","4",
"2025-07-02","Vannmiljø_151-107271","Copper","Vm_2025","VannmiljøCopper2025","Aquatic","Freshwater","Stressor","Concentration","1","Fake ID","",0.29,"µg/L",1,"Not reported",,,,"µg/L",,"µg/L","1","2","3","4",
"2025-03-24","Vannmiljø_151-107271","Copper","Vm_2025","VannmiljøCopper2025","Aquatic","Freshwater","Stressor","Concentration","1","Fake ID","",0.18,"µg/L",1,"Not reported",,,,"µg/L",,"µg/L","1","2","3","4",
"2025-05-12","Vannmiljø_151-107271","Copper","Vm_2025","VannmiljøCopper2025","Aquatic","Freshwater","Stressor","Concentration","1","Fake ID","",0.26,"µg/L",1,"Not reported",,,,"µg/L",,"µg/L","1","2","3","4",
"2025-01-21","Vannmiljø_151-107272","Copper","Vm_2025","VannmiljøCopper2025","Aquatic","Freshwater","Stressor","Concentration","1","Fake ID","",0.39,"µg/L",1,"Not reported",,,,"µg/L",,"µg/L","1","2","3","4",
"2025-03-24","Vannmiljø_151-107272","Copper","Vm_2025","VannmiljøCopper2025","Aquatic","Freshwater","Stressor","Concentration","1","Fake ID","",0.39,"µg/L",1,"Not reported",,,,"µg/L",,"µg/L","1","2","3","4",
"2025-07-02","Vannmiljø_151-107272","Copper","Vm_2025","VannmiljøCopper2025","Aquatic","Freshwater","Stressor","Concentration","1","Fake ID","",0.59,"µg/L",1,"Not reported",,,,"µg/L",,"µg/L","1","2","3","4",
"2025-05-12","Vannmiljø_151-107272","Copper","Vm_2025","VannmiljøCopper2025","Aquatic","Freshwater","Stressor","Concentration","1","Fake ID","",0.52,"µg/L",1,"Not reported",,,,"µg/L",,"µg/L","1","2","3","4",
"2025-01-08","Vannmiljø_122-107427","Copper","Vm_2025","VannmiljøCopper2025","Aquatic","Freshwater","Stressor","Concentration","1","Fake ID","",5.26,"µg/L",1,"Not reported",,,1,"µg/L",,"µg/L","1","2","3","4","ICP-SFMS Waste water after digestion"
"2025-04-08","Vannmiljø_122-107427","Copper","Vm_2025","VannmiljøCopper2025","Aquatic","Freshwater","Stressor","Concentration","1","Fake ID","",4.71,"µg/L",1,"Not reported",,,1,"µg/L",,"µg/L","1","2","3","4","ICP-SFMS Waste water after digestion"
"2025-04-02","Vannmiljø_122-107427","Copper","Vm_2025","VannmiljøCopper2025","Aquatic","Freshwater","Stressor","Concentration","1","Fake ID","",3.56,"µg/L",1,"Not reported",,,1,"µg/L",,"µg/L","1","2","3","4","ICP-SFMS Waste water after digestion"
"2025-07-02","Vannmiljø_122-107427","Copper","Vm_2025","VannmiljøCopper2025","Aquatic","Freshwater","Stressor","Concentration","1","Fake ID","",3.16,"µg/L",1,"Not reported",,,0.1,"µg/L",,"µg/L","1","2","3","4","ICP-SFMS Metals in freshwater pool and drinking water no digestion"
"2025-03-31","Vannmiljø_125-108301","Copper","Vm_2025","VannmiljøCopper2025","Aquatic","Freshwater","Stressor","Concentration","1","Fake ID","",1.9,"µg/L",1,"Not reported",,,,"µg/L",,"µg/L","1","2","3","4",
"2025-05-22","Vannmiljø_125-108301","Copper","Vm_2025","VannmiljøCopper2025","Aquatic","Freshwater","Stressor","Concentration","1","Fake ID","",2.7,"µg/L",1,"Not reported",,,,"µg/L",,"µg/L","1","2","3","4",
"2025-06-25","Vannmiljø_125-108301","Copper","Vm_2025","VannmiljøCopper2025","Aquatic","Freshwater","Stressor","Concentration","1","Fake ID","",2.4,"µg/L",1,"Not reported",,,,"µg/L",,"µg/L","1","2","3","4",
"2025-08-25","Vannmiljø_125-108301","Copper","Vm_2025","VannmiljøCopper2025","Aquatic","Freshwater","Stressor","Concentration","1","Fake ID","",3.2,"µg/L",1,"Not reported",,,,"µg/L",,"µg/L","1","2","3","4",
"2025-09-25","Vannmiljø_125-108301","Copper","Vm_2025","VannmiljøCopper2025","Aquatic","Freshwater","Stressor","Concentration","1","Fake ID","",2.3,"µg/L",1,"Not reported",,,,"µg/L",,"µg/L","1","2","3","4",
"2025-10-22","Vannmiljø_125-108301","Copper","Vm_2025","VannmiljøCopper2025","Aquatic","Freshwater","Stressor","Concentration","1","Fake ID","",2,"µg/L",1,"Not reported",,,,"µg/L",,"µg/L","1","2","3","4",
"2025-04-08","Vannmiljø_113-108455","Copper","Vm_2025","VannmiljøCopper2025","Aquatic","Freshwater","Stressor","Concentration","1","Fake ID","",0.62,"µg/L",1,"Not reported",,,,"µg/L",,"µg/L","1","2","3","4",
"2025-07-01","Vannmiljø_113-108455","Copper","Vm_2025","VannmiljøCopper2025","Aquatic","Freshwater","Stressor","Concentration","1","Fake ID","",0.84,"µg/L",1,"Not reported",,,,"µg/L",,"µg/L","1","2","3","4",
"2025-07-01","Vannmiljø_113-108456","Copper","Vm_2025","VannmiljøCopper2025","Aquatic","Freshwater","Stressor","Concentration","1","Fake ID","< LOQ",0.5,"µg/L",1,"Not reported",,,,"µg/L",,"µg/L","1","2","3","4",
"2025-07-01","Vannmiljø_113-108458","Copper","Vm_2025","VannmiljøCopper2025","Aquatic","Freshwater","Stressor","Concentration","1","Fake ID","",6.2,"µg/L",1,"Not reported",,,,"µg/L",,"µg/L","1","2","3","4",
"2025-07-01","Vannmiljø_113-108460","Copper","Vm_2025","VannmiljøCopper2025","Aquatic","Freshwater","Stressor","Concentration","1","Fake ID","",0.66,"µg/L",1,"Not reported",,,,"µg/L",,"µg/L","1","2","3","4",
"2025-07-01","Vannmiljø_113-108463","Copper","Vm_2025","VannmiljøCopper2025","Aquatic","Freshwater","Stressor","Concentration","1","Fake ID","",2.9,"µg/L",1,"Not reported",,,,"µg/L",,"µg/L","1","2","3","4",
"2025-10-30","Vannmiljø_012-108472","Copper","Vm_2025","VannmiljøCopper2025","Aquatic","Freshwater","Stressor","Concentration","1","Fake ID","< LOQ",0.5,"µg/L",1,"Not reported",,,,"µg/L",,"µg/L","1","2","3","4",
"2025-04-08","Vannmiljø_113-108521","Copper","Vm_2025","VannmiljøCopper2025","Aquatic","Freshwater","Stressor","Concentration","1","Fake ID","",0.84,"µg/L",1,"Not reported",,,,"µg/L",,"µg/L","1","2","3","4",
"2025-07-01","Vannmiljø_113-108521","Copper","Vm_2025","VannmiljøCopper2025","Aquatic","Freshwater","Stressor","Concentration","1","Fake ID","",1,"µg/L",1,"Not reported",,,,"µg/L",,"µg/L","1","2","3","4",
"2025-07-01","Vannmiljø_113-108522","Copper","Vm_2025","VannmiljøCopper2025","Aquatic","Freshwater","Stressor","Concentration","1","Fake ID","",1.8,"µg/L",1,"Not reported",,,,"µg/L",,"µg/L","1","2","3","4",
"2025-06-03","Vannmiljø_246-109794","Copper","Vm_2025","VannmiljøCopper2025","Aquatic","Freshwater","Stressor","Concentration","1","Fake ID","",1.6,"µg/L",1,"Not reported",,,,"µg/L",,"µg/L","1","2","3","4",
"2025-06-03","Vannmiljø_246-109794","Copper","Vm_2025","VannmiljøCopper2025","Aquatic","Freshwater","Stressor","Concentration","1","Fake ID","",1.9,"µg/L",1,"Not reported",,,,"µg/L",,"µg/L","1","2","3","4",
"2025-09-17","Vannmiljø_246-109794","Copper","Vm_2025","VannmiljøCopper2025","Aquatic","Freshwater","Stressor","Concentration","1","Fake ID","",1.2,"µg/L",1,"Not reported",,,,"µg/L",,"µg/L","1","2","3","4",
"2025-09-17","Vannmiljø_246-109794","Copper","Vm_2025","VannmiljøCopper2025","Aquatic","Freshwater","Stressor","Concentration","1","Fake ID","",1.2,"µg/L",1,"Not reported",,,,"µg/L",,"µg/L","1","2","3","4",
"2025-07-31","Vannmiljø_246-109794","Copper","Vm_2025","VannmiljøCopper2025","Aquatic","Freshwater","Stressor","Concentration","1","Fake ID","",1.6,"µg/L",1,"Not reported",,,,"µg/L",,"µg/L","1","2","3","4",
"2025-07-31","Vannmiljø_246-109794","Copper","Vm_2025","VannmiljøCopper2025","Aquatic","Freshwater","Stressor","Concentration","1","Fake ID","",1.1,"µg/L",1,"Not reported",,,,"µg/L",,"µg/L","1","2","3","4",
"2025-06-03","Vannmiljø_246-109828","Copper","Vm_2025","VannmiljøCopper2025","Aquatic","Freshwater","Stressor","Concentration","1","Fake ID","",2.3,"µg/L",1,"Not reported",,,,"µg/L",,"µg/L","1","2","3","4",
"2025-06-03","Vannmiljø_246-109828","Copper","Vm_2025","VannmiljøCopper2025","Aquatic","Freshwater","Stressor","Concentration","1","Fake ID","",2.7,"µg/L",1,"Not reported",,,,"µg/L",,"µg/L","1","2","3","4",
"2025-09-17","Vannmiljø_246-109828","Copper","Vm_2025","VannmiljøCopper2025","Aquatic","Freshwater","Stressor","Concentration","1","Fake ID","",2.5,"µg/L",1,"Not reported",,,,"µg/L",,"µg/L","1","2","3","4",
"2025-09-17","Vannmiljø_246-109828","Copper","Vm_2025","VannmiljøCopper2025","Aquatic","Freshwater","Stressor","Concentration","1","Fake ID","",2.8,"µg/L",1,"Not reported",,,,"µg/L",,"µg/L","1","2","3","4",
"2025-07-31","Vannmiljø_246-109828","Copper","Vm_2025","VannmiljøCopper2025","Aquatic","Freshwater","Stressor","Concentration","1","Fake ID","",2.4,"µg/L",1,"Not reported",,,,"µg/L",,"µg/L","1","2","3","4",
"2025-07-31","Vannmiljø_246-109828","Copper","Vm_2025","VannmiljøCopper2025","Aquatic","Freshwater","Stressor","Concentration","1","Fake ID","",2.7,"µg/L",1,"Not reported",,,,"µg/L",,"µg/L","1","2","3","4",
"2025-06-10","Vannmiljø_246-109839","Copper","Vm_2025","VannmiljøCopper2025","Aquatic","Freshwater","Stressor","Concentration","1","Fake ID","",0.39,"µg/L",1,"Not reported",,,,"µg/L",,"µg/L","1","2","3","4",
"2025-06-10","Vannmiljø_246-109839","Copper","Vm_2025","VannmiljøCopper2025","Aquatic","Freshwater","Stressor","Concentration","1","Fake ID","",0.52,"µg/L",1,"Not reported",,,,"µg/L",,"µg/L","1","2","3","4",
"2025-07-21","Vannmiljø_246-109839","Copper","Vm_2025","VannmiljøCopper2025","Aquatic","Freshwater","Stressor","Concentration","1","Fake ID","",2.5,"µg/L",1,"Not reported",,,,"µg/L",,"µg/L","1","2","3","4",
"2025-07-21","Vannmiljø_246-109839","Copper","Vm_2025","VannmiljøCopper2025","Aquatic","Freshwater","Stressor","Concentration","1","Fake ID","",3.5,"µg/L",1,"Not reported",,,,"µg/L",,"µg/L","1","2","3","4",
"2025-07-21","Vannmiljø_246-109839","Copper","Vm_2025","VannmiljøCopper2025","Aquatic","Freshwater","Stressor","Concentration","1","Fake ID","",2.6,"µg/L",1,"Not reported",,,,"µg/L",,"µg/L","1","2","3","4",
"2025-07-21","Vannmiljø_246-109839","Copper","Vm_2025","VannmiljøCopper2025","Aquatic","Freshwater","Stressor","Concentration","1","Fake ID","",3.2,"µg/L",1,"Not reported",,,,"µg/L",,"µg/L","1","2","3","4",
"2025-06-11","Vannmiljø_246-109840","Copper","Vm_2025","VannmiljøCopper2025","Aquatic","Freshwater","Stressor","Concentration","1","Fake ID","",0.67,"µg/L",1,"Not reported",,,,"µg/L",,"µg/L","1","2","3","4",
"2025-06-11","Vannmiljø_246-109840","Copper","Vm_2025","VannmiljøCopper2025","Aquatic","Freshwater","Stressor","Concentration","1","Fake ID","< LOQ",0.5,"µg/L",1,"Not reported",,,,"µg/L",,"µg/L","1","2","3","4",
"2025-07-22","Vannmiljø_246-109840","Copper","Vm_2025","VannmiljøCopper2025","Aquatic","Freshwater","Stressor","Concentration","1","Fake ID","",0.54,"µg/L",1,"Not reported",,,,"µg/L",,"µg/L","1","2","3","4",
"2025-07-22","Vannmiljø_246-109840","Copper","Vm_2025","VannmiljøCopper2025","Aquatic","Freshwater","Stressor","Concentration","1","Fake ID","< LOQ",0.5,"µg/L",1,"Not reported",,,,"µg/L",,"µg/L","1","2","3","4",
"2025-07-22","Vannmiljø_246-109840","Copper","Vm_2025","VannmiljøCopper2025","Aquatic","Freshwater","Stressor","Concentration","1","Fake ID","",0.88,"µg/L",1,"Not reported",,,,"µg/L",,"µg/L","1","2","3","4",
"2025-07-22","Vannmiljø_246-109840","Copper","Vm_2025","VannmiljøCopper2025","Aquatic","Freshwater","Stressor","Concentration","1","Fake ID","",0.95,"µg/L",1,"Not reported",,,,"µg/L",,"µg/L","1","2","3","4",
"2025-06-12","Vannmiljø_246-109841","Copper","Vm_2025","VannmiljøCopper2025","Aquatic","Freshwater","Stressor","Concentration","1","Fake ID","",0.52,"µg/L",1,"Not reported",,,,"µg/L",,"µg/L","1","2","3","4",
"2025-06-12","Vannmiljø_246-109841","Copper","Vm_2025","VannmiljøCopper2025","Aquatic","Freshwater","Stressor","Concentration","1","Fake ID","",0.99,"µg/L",1,"Not reported",,,,"µg/L",,"µg/L","1","2","3","4",
"2025-07-22","Vannmiljø_246-109841","Copper","Vm_2025","VannmiljøCopper2025","Aquatic","Freshwater","Stressor","Concentration","1","Fake ID","",0.37,"µg/L",1,"Not reported",,,,"µg/L",,"µg/L","1","2","3","4",
"2025-07-22","Vannmiljø_246-109841","Copper","Vm_2025","VannmiljøCopper2025","Aquatic","Freshwater","Stressor","Concentration","1","Fake ID","< LOQ",0.5,"µg/L",1,"Not reported",,,,"µg/L",,"µg/L","1","2","3","4",
"2025-07-22","Vannmiljø_246-109841","Copper","Vm_2025","VannmiljøCopper2025","Aquatic","Freshwater","Stressor","Concentration","1","Fake ID","",0.46,"µg/L",1,"Not reported",,,,"µg/L",,"µg/L","1","2","3","4",
"2025-07-22","Vannmiljø_246-109841","Copper","Vm_2025","VannmiljøCopper2025","Aquatic","Freshwater","Stressor","Concentration","1","Fake ID","< LOQ",0.5,"µg/L",1,"Not reported",,,,"µg/L",,"µg/L","1","2","3","4",
"2025-08-06","Vannmiljø_246-109842","Copper","Vm_2025","VannmiljøCopper2025","Aquatic","Freshwater","Stressor","Concentration","1","Fake ID","",1.6,"µg/L",1,"Not reported",,,,"µg/L",,"µg/L","1","2","3","4",
"2025-08-06","Vannmiljø_246-109842","Copper","Vm_2025","VannmiljøCopper2025","Aquatic","Freshwater","Stressor","Concentration","1","Fake ID","",2,"µg/L",1,"Not reported",,,,"µg/L",,"µg/L","1","2","3","4",
"2025-08-06","Vannmiljø_246-109842","Copper","Vm_2025","VannmiljøCopper2025","Aquatic","Freshwater","Stressor","Concentration","1","Fake ID","",1.9,"µg/L",1,"Not reported",,,,"µg/L",,"µg/L","1","2","3","4",
"2025-08-06","Vannmiljø_246-109842","Copper","Vm_2025","VannmiljøCopper2025","Aquatic","Freshwater","Stressor","Concentration","1","Fake ID","",2.4,"µg/L",1,"Not reported",,,,"µg/L",,"µg/L","1","2","3","4",
"2025-06-12","Vannmiljø_246-109842","Copper","Vm_2025","VannmiljøCopper2025","Aquatic","Freshwater","Stressor","Concentration","1","Fake ID","",2.1,"µg/L",1,"Not reported",,,,"µg/L",,"µg/L","1","2","3","4",
"2025-06-12","Vannmiljø_246-109842","Copper","Vm_2025","VannmiljøCopper2025","Aquatic","Freshwater","Stressor","Concentration","1","Fake ID","",1.9,"µg/L",1,"Not reported",,,,"µg/L",,"µg/L","1","2","3","4",
"2025-06-11","Vannmiljø_246-109843","Copper","Vm_2025","VannmiljøCopper2025","Aquatic","Freshwater","Stressor","Concentration","1","Fake ID","",1.1,"µg/L",1,"Not reported",,,,"µg/L",,"µg/L","1","2","3","4",
"2025-06-11","Vannmiljø_246-109843","Copper","Vm_2025","VannmiljøCopper2025","Aquatic","Freshwater","Stressor","Concentration","1","Fake ID","",1.4,"µg/L",1,"Not reported",,,,"µg/L",,"µg/L","1","2","3","4",
"2025-07-22","Vannmiljø_246-109843","Copper","Vm_2025","VannmiljøCopper2025","Aquatic","Freshwater","Stressor","Concentration","1","Fake ID","",0.98,"µg/L",1,"Not reported",,,,"µg/L",,"µg/L","1","2","3","4",
"2025-07-22","Vannmiljø_246-109843","Copper","Vm_2025","VannmiljøCopper2025","Aquatic","Freshwater","Stressor","Concentration","1","Fake ID","",1.6,"µg/L",1,"Not reported",,,,"µg/L",,"µg/L","1","2","3","4",
"2025-07-22","Vannmiljø_246-109843","Copper","Vm_2025","VannmiljøCopper2025","Aquatic","Freshwater","Stressor","Concentration","1","Fake ID","",1.1,"µg/L",1,"Not reported",,,,"µg/L",,"µg/L","1","2","3","4",
"2025-07-22","Vannmiljø_246-109843","Copper","Vm_2025","VannmiljøCopper2025","Aquatic","Freshwater","Stressor","Concentration","1","Fake ID","",1.2,"µg/L",1,"Not reported",,,,"µg/L",,"µg/L","1","2","3","4",
"2025-07-01","Vannmiljø_113-109933","Copper","Vm_2025","VannmiljøCopper2025","Aquatic","Freshwater","Stressor","Concentration","1","Fake ID","",17,"µg/L",1,"Not reported",,,,"µg/L",,"µg/L","1","2","3","4",
"2025-03-31","Vannmiljø_125-110549","Copper","Vm_2025","VannmiljøCopper2025","Aquatic","Freshwater","Stressor","Concentration","1","Fake ID","",1.4,"µg/L",1,"Not reported",,,,"µg/L",,"µg/L","1","2","3","4",
"2025-06-25","Vannmiljø_125-110549","Copper","Vm_2025","VannmiljøCopper2025","Aquatic","Freshwater","Stressor","Concentration","1","Fake ID","",1.1,"µg/L",1,"Not reported",,,,"µg/L",,"µg/L","1","2","3","4",
"2025-09-25","Vannmiljø_125-110549","Copper","Vm_2025","VannmiljøCopper2025","Aquatic","Freshwater","Stressor","Concentration","1","Fake ID","",2.4,"µg/L",1,"Not reported",,,,"µg/L",,"µg/L","1","2","3","4",
"2025-11-10","Vannmiljø_125-110549","Copper","Vm_2025","VannmiljøCopper2025","Aquatic","Freshwater","Stressor","Concentration","1","Fake ID","",2.7,"µg/L",1,"Not reported",,,,"µg/L",,"µg/L","1","2","3","4",
"2025-11-12","Vannmiljø_125-110549","Copper","Vm_2025","VannmiljøCopper2025","Aquatic","Freshwater","Stressor","Concentration","1","Fake ID","",1.7,"µg/L",1,"Not reported",,,,"µg/L",,"µg/L","1","2","3","4",
"2025-03-31","Vannmiljø_125-110553","Copper","Vm_2025","VannmiljøCopper2025","Aquatic","Freshwater","Stressor","Concentration","1","Fake ID","",2.8,"µg/L",1,"Not reported",,,,"µg/L",,"µg/L","1","2","3","4",
"2025-05-22","Vannmiljø_125-110553","Copper","Vm_2025","VannmiljøCopper2025","Aquatic","Freshwater","Stressor","Concentration","1","Fake ID","",2.1,"µg/L",1,"Not reported",,,,"µg/L",,"µg/L","1","2","3","4",
"2025-06-25","Vannmiljø_125-110553","Copper","Vm_2025","VannmiljøCopper2025","Aquatic","Freshwater","Stressor","Concentration","1","Fake ID","",3.6,"µg/L",1,"Not reported",,,,"µg/L",,"µg/L","1","2","3","4",
"2025-08-25","Vannmiljø_125-110553","Copper","Vm_2025","VannmiljøCopper2025","Aquatic","Freshwater","Stressor","Concentration","1","Fake ID","",2.5,"µg/L",1,"Not reported",,,,"µg/L",,"µg/L","1","2","3","4",
"2025-09-25","Vannmiljø_125-110553","Copper","Vm_2025","VannmiljøCopper2025","Aquatic","Freshwater","Stressor","Concentration","1","Fake ID","",3,"µg/L",1,"Not reported",,,,"µg/L",,"µg/L","1","2","3","4",
"2025-10-22","Vannmiljø_125-110553","Copper","Vm_2025","VannmiljøCopper2025","Aquatic","Freshwater","Stressor","Concentration","1","Fake ID","",2.8,"µg/L",1,"Not reported",,,,"µg/L",,"µg/L","1","2","3","4",
"2025-06-19","Vannmiljø_006-111996","Copper","Vm_2025","VannmiljøCopper2025","Aquatic","Freshwater","Stressor","Concentration","1","Fake ID","",2.5,"µg/L",1,"Not reported",,,,"µg/L",,"µg/L","1","2","3","4",
"2025-07-07","Vannmiljø_006-111996","Copper","Vm_2025","VannmiljøCopper2025","Aquatic","Freshwater","Stressor","Concentration","1","Fake ID","",6.2,"µg/L",1,"Not reported",,,,"µg/L",,"µg/L","1","2","3","4",
"2025-01-29","Vannmiljø_006-111996","Copper","Vm_2025","VannmiljøCopper2025","Aquatic","Freshwater","Stressor","Concentration","1","Fake ID","",3.9,"µg/L",1,"Not reported",,,,"µg/L",,"µg/L","1","2","3","4",
"2025-02-12","Vannmiljø_006-111996","Copper","Vm_2025","VannmiljøCopper2025","Aquatic","Freshwater","Stressor","Concentration","1","Fake ID","",2.3,"µg/L",1,"Not reported",,,,"µg/L",,"µg/L","1","2","3","4",
"2025-03-12","Vannmiljø_006-111996","Copper","Vm_2025","VannmiljøCopper2025","Aquatic","Freshwater","Stressor","Concentration","1","Fake ID","",3.8,"µg/L",1,"Not reported",,,,"µg/L",,"µg/L","1","2","3","4",
"2025-04-09","Vannmiljø_006-111996","Copper","Vm_2025","VannmiljøCopper2025","Aquatic","Freshwater","Stressor","Concentration","1","Fake ID","",2.2,"µg/L",1,"Not reported",,,,"µg/L",,"µg/L","1","2","3","4",
"2025-05-14","Vannmiljø_006-111996","Copper","Vm_2025","VannmiljøCopper2025","Aquatic","Freshwater","Stressor","Concentration","1","Fake ID","",2.8,"µg/L",1,"Not reported",,,,"µg/L",,"µg/L","1","2","3","4",
"2025-06-19","Vannmiljø_006-111997","Copper","Vm_2025","VannmiljøCopper2025","Aquatic","Freshwater","Stressor","Concentration","1","Fake ID","",2,"µg/L",1,"Not reported",,,,"µg/L",,"µg/L","1","2","3","4",
"2025-07-07","Vannmiljø_006-111997","Copper","Vm_2025","VannmiljøCopper2025","Aquatic","Freshwater","Stressor","Concentration","1","Fake ID","",6.3,"µg/L",1,"Not reported",,,,"µg/L",,"µg/L","1","2","3","4",
"2025-01-29","Vannmiljø_006-111997","Copper","Vm_2025","VannmiljøCopper2025","Aquatic","Freshwater","Stressor","Concentration","1","Fake ID","",3.7,"µg/L",1,"Not reported",,,,"µg/L",,"µg/L","1","2","3","4",
"2025-02-12","Vannmiljø_006-111997","Copper","Vm_2025","VannmiljøCopper2025","Aquatic","Freshwater","Stressor","Concentration","1","Fake ID","",1.8,"µg/L",1,"Not reported",,,,"µg/L",,"µg/L","1","2","3","4",
"2025-03-12","Vannmiljø_006-111997","Copper","Vm_2025","VannmiljøCopper2025","Aquatic","Freshwater","Stressor","Concentration","1","Fake ID","",3.1,"µg/L",1,"Not reported",,,,"µg/L",,"µg/L","1","2","3","4",
"2025-04-09","Vannmiljø_006-111997","Copper","Vm_2025","VannmiljøCopper2025","Aquatic","Freshwater","Stressor","Concentration","1","Fake ID","",2.1,"µg/L",1,"Not reported",,,,"µg/L",,"µg/L","1","2","3","4",
"2025-05-14","Vannmiljø_006-111997","Copper","Vm_2025","VannmiljøCopper2025","Aquatic","Freshwater","Stressor","Concentration","1","Fake ID","",2,"µg/L",1,"Not reported",,,,"µg/L",,"µg/L","1","2","3","4",
"2025-03-05","Vannmiljø_123-112500","Copper","Vm_2025","VannmiljøCopper2025","Aquatic","Freshwater","Stressor","Concentration","1","Fake ID","",1.9,"µg/L",1,"Not reported",,,,"µg/L",,"µg/L","1","2","3","4",
"2025-03-05","Vannmiljø_123-112500","Copper","Vm_2025","VannmiljøCopper2025","Aquatic","Freshwater","Stressor","Concentration","1","Fake ID","",2.2,"µg/L",1,"Not reported",,,,"µg/L",,"µg/L","1","2","3","4",
"2025-06-11","Vannmiljø_123-112500","Copper","Vm_2025","VannmiljøCopper2025","Aquatic","Freshwater","Stressor","Concentration","1","Fake ID","",1.3,"µg/L",1,"Not reported",,,,"µg/L",,"µg/L","1","2","3","4",
"2025-06-11","Vannmiljø_123-112500","Copper","Vm_2025","VannmiljøCopper2025","Aquatic","Freshwater","Stressor","Concentration","1","Fake ID","",1.3,"µg/L",1,"Not reported",,,,"µg/L",,"µg/L","1","2","3","4",
"2025-03-03","Vannmiljø_123-112844","Copper","Vm_2025","VannmiljøCopper2025","Aquatic","Freshwater","Stressor","Concentration","1","Fake ID","",2.4,"µg/L",1,"Not reported",,,,"µg/L",,"µg/L","1","2","3","4",
"2025-03-03","Vannmiljø_123-112844","Copper","Vm_2025","VannmiljøCopper2025","Aquatic","Freshwater","Stressor","Concentration","1","Fake ID","",7.4,"µg/L",1,"Not reported",,,,"µg/L",,"µg/L","1","2","3","4",
"2025-06-10","Vannmiljø_123-112844","Copper","Vm_2025","VannmiljøCopper2025","Aquatic","Freshwater","Stressor","Concentration","1","Fake ID","",2.3,"µg/L",1,"Not reported",,,,"µg/L",,"µg/L","1","2","3","4",
"2025-06-10","Vannmiljø_123-112844","Copper","Vm_2025","VannmiljøCopper2025","Aquatic","Freshwater","Stressor","Concentration","1","Fake ID","",2.1,"µg/L",1,"Not reported",,,,"µg/L",,"µg/L","1","2","3","4",
"2025-04-02","Vannmiljø_061-113573","Copper","Vm_2025","VannmiljøCopper2025","Aquatic","Freshwater","Stressor","Concentration","1","Fake ID","",0.77,"µg/L",1,"Not reported",,,0.05,"µg/L",,"µg/L","1","2","3","4",
"2025-03-06","Vannmiljø_061-113573","Copper","Vm_2025","VannmiljøCopper2025","Aquatic","Freshwater","Stressor","Concentration","1","Fake ID","",0.45,"µg/L",1,"Not reported",,,0.05,"µg/L",,"µg/L","1","2","3","4",
"2025-03-06","Vannmiljø_061-113573","Copper","Vm_2025","VannmiljøCopper2025","Aquatic","Freshwater","Stressor","Concentration","1","Fake ID","",0.61,"µg/L",1,"Not reported",,,0.5,"µg/L",,"µg/L","1","2","3","4",
"2025-04-02","Vannmiljø_061-113574","Copper","Vm_2025","VannmiljøCopper2025","Aquatic","Freshwater","Stressor","Concentration","1","Fake ID","",0.73,"µg/L",1,"Not reported",,,0.05,"µg/L",,"µg/L","1","2","3","4",
"2025-03-06","Vannmiljø_061-113574","Copper","Vm_2025","VannmiljøCopper2025","Aquatic","Freshwater","Stressor","Concentration","1","Fake ID","",0.87,"µg/L",1,"Not reported",,,0.05,"µg/L",,"µg/L","1","2","3","4",
"2025-03-06","Vannmiljø_061-113574","Copper","Vm_2025","VannmiljøCopper2025","Aquatic","Freshwater","Stressor","Concentration","1","Fake ID","",1,"µg/L",1,"Not reported",,,0.5,"µg/L",,"µg/L","1","2","3","4",
"2025-03-06","Vannmiljø_061-113575","Copper","Vm_2025","VannmiljøCopper2025","Aquatic","Freshwater","Stressor","Concentration","1","Fake ID","",0.43,"µg/L",1,"Not reported",,,0.05,"µg/L",,"µg/L","1","2","3","4",
"2025-03-06","Vannmiljø_061-113575","Copper","Vm_2025","VannmiljøCopper2025","Aquatic","Freshwater","Stressor","Concentration","1","Fake ID","",0.58,"µg/L",1,"Not reported",,,0.5,"µg/L",,"µg/L","1","2","3","4",
"2025-04-02","Vannmiljø_061-113575","Copper","Vm_2025","VannmiljøCopper2025","Aquatic","Freshwater","Stressor","Concentration","1","Fake ID","",0.53,"µg/L",1,"Not reported",,,0.05,"µg/L",,"µg/L","1","2","3","4",
"2025-06-16","Vannmiljø_109-113625","Copper","Vm_2025","VannmiljøCopper2025","Aquatic","Freshwater","Stressor","Concentration","1","Fake ID","",0.8,"µg/L",1,"Not reported",,,,"µg/L",,"µg/L","1","2","3","4","Prøve ID: 2025-16585-2. Måleusikkerhet +/- 0,12."
"2025-06-23","Vannmiljø_012-113917","Copper","Vm_2025","VannmiljøCopper2025","Aquatic","Freshwater","Stressor","Concentration","1","Fake ID","",6.6,"µg/L",1,"Not reported",,,,"µg/L",,"µg/L","1","2","3","4",
"2025-09-17","Vannmiljø_012-113917","Copper","Vm_2025","VannmiljøCopper2025","Aquatic","Freshwater","Stressor","Concentration","1","Fake ID","",6.7,"µg/L",1,"Not reported",,,,"µg/L",,"µg/L","1","2","3","4",
"2025-08-13","Vannmiljø_012-113917","Copper","Vm_2025","VannmiljøCopper2025","Aquatic","Freshwater","Stressor","Concentration","1","Fake ID","",3.8,"µg/L",1,"Not reported",,,,"µg/L",,"µg/L","1","2","3","4",
"2025-09-23","Vannmiljø_139-114579","Copper","Vm_2025","VannmiljøCopper2025","Aquatic","Freshwater","Stressor","Concentration","1","Fake ID","",2.8,"µg/L",1,"Not reported",,,,"µg/L",,"µg/L","1","2","3","4",
"2025-08-21","Vannmiljø_139-114579","Copper","Vm_2025","VannmiljøCopper2025","Aquatic","Freshwater","Stressor","Concentration","1","Fake ID","",3.4,"µg/L",1,"Not reported",,,,"µg/L",,"µg/L","1","2","3","4",
"2025-06-23","Vannmiljø_002-114810","Copper","Vm_2025","VannmiljøCopper2025","Aquatic","Freshwater","Stressor","Concentration","1","Fake ID","< LOQ",1,"µg/L",1,"Not reported",,,1,"µg/L",,"µg/L","1","2","3","4","ICP-SFMS Metals in waste water no digestion"
"2025-05-27","Vannmiljø_002-114810","Copper","Vm_2025","VannmiljøCopper2025","Aquatic","Freshwater","Stressor","Concentration","1","Fake ID","< LOQ",1,"µg/L",1,"Not reported",,,1,"µg/L",,"µg/L","1","2","3","4","ICP-SFMS Metals in waste water no digestion"
"2025-02-26","Vannmiljø_002-115585","Copper","Vm_2025","VannmiljøCopper2025","Aquatic","Freshwater","Stressor","Concentration","1","Fake ID","< LOQ",1,"µg/L",1,"Not reported",,,1,"µg/L",,"µg/L","1","2","3","4","ICP-SFMS Avløpsvann etter oppslutning"
"2025-03-11","Vannmiljø_002-115585","Copper","Vm_2025","VannmiljøCopper2025","Aquatic","Freshwater","Stressor","Concentration","1","Fake ID","",1.08,"µg/L",1,"Not reported",,,1,"µg/L",,"µg/L","1","2","3","4","ICP-SFMS Avløpsvann etter oppslutning"
"2025-08-26","Vannmiljø_002-115585","Copper","Vm_2025","VannmiljøCopper2025","Aquatic","Freshwater","Stressor","Concentration","1","Fake ID","",1.06,"µg/L",1,"Not reported",,,1,"µg/L",,"µg/L","1","2","3","4","ICP-SFMS Avløpsvann etter oppslutning"
"2025-06-03","Vannmiljø_002-115585","Copper","Vm_2025","VannmiljøCopper2025","Aquatic","Freshwater","Stressor","Concentration","1","Fake ID","",1.26,"µg/L",1,"Not reported",,,1,"µg/L",,"µg/L","1","2","3","4","ICP-SFMS Avløpsvann etter oppslutning"
"2025-11-18","Vannmiljø_002-115585","Copper","Vm_2025","VannmiljøCopper2025","Aquatic","Freshwater","Stressor","Concentration","1","Fake ID","< LOQ",1,"µg/L",1,"Not reported",,,1,"µg/L",,"µg/L","1","2","3","4","ICP-SFMS Avløpsvann etter oppslutning"
"2025-02-26","Vannmiljø_002-115586","Copper","Vm_2025","VannmiljøCopper2025","Aquatic","Freshwater","Stressor","Concentration","1","Fake ID","",1.4,"µg/L",1,"Not reported",,,1,"µg/L",,"µg/L","1","2","3","4","ICP-SFMS Avløpsvann etter oppslutning"
"2025-03-11","Vannmiljø_002-115586","Copper","Vm_2025","VannmiljøCopper2025","Aquatic","Freshwater","Stressor","Concentration","1","Fake ID","",1.16,"µg/L",1,"Not reported",,,1,"µg/L",,"µg/L","1","2","3","4","ICP-SFMS Avløpsvann etter oppslutning"
"2025-08-26","Vannmiljø_002-115586","Copper","Vm_2025","VannmiljøCopper2025","Aquatic","Freshwater","Stressor","Concentration","1","Fake ID","< LOQ",1,"µg/L",1,"Not reported",,,1,"µg/L",,"µg/L","1","2","3","4","ICP-SFMS Avløpsvann etter oppslutning"
"2025-06-03","Vannmiljø_002-115586","Copper","Vm_2025","VannmiljøCopper2025","Aquatic","Freshwater","Stressor","Concentration","1","Fake ID","",2,"µg/L",1,"Not reported",,,1,"µg/L",,"µg/L","1","2","3","4","ICP-SFMS Avløpsvann etter oppslutning"
"2025-11-18","Vannmiljø_002-115586","Copper","Vm_2025","VannmiljøCopper2025","Aquatic","Freshwater","Stressor","Concentration","1","Fake ID","",1.15,"µg/L",1,"Not reported",,,1,"µg/L",,"µg/L","1","2","3","4","ICP-SFMS Avløpsvann etter oppslutning"
"2025-02-26","Vannmiljø_002-115587","Copper","Vm_2025","VannmiljøCopper2025","Aquatic","Freshwater","Stressor","Concentration","1","Fake ID","< LOQ",1,"µg/L",1,"Not reported",,,1,"µg/L",,"µg/L","1","2","3","4","ICP-SFMS Avløpsvann etter oppslutning"
"2025-03-11","Vannmiljø_002-115587","Copper","Vm_2025","VannmiljøCopper2025","Aquatic","Freshwater","Stressor","Concentration","1","Fake ID","",1.62,"µg/L",1,"Not reported",,,1,"µg/L",,"µg/L","1","2","3","4","ICP-SFMS Avløpsvann etter oppslutning"
"2025-08-26","Vannmiljø_002-115587","Copper","Vm_2025","VannmiljøCopper2025","Aquatic","Freshwater","Stressor","Concentration","1","Fake ID","< LOQ",1,"µg/L",1,"Not reported",,,1,"µg/L",,"µg/L","1","2","3","4","ICP-SFMS Avløpsvann etter oppslutning"
"2025-06-03","Vannmiljø_002-115587","Copper","Vm_2025","VannmiljøCopper2025","Aquatic","Freshwater","Stressor","Concentration","1","Fake ID","",1.06,"µg/L",1,"Not reported",,,1,"µg/L",,"µg/L","1","2","3","4","ICP-SFMS Avløpsvann etter oppslutning"
"2025-11-18","Vannmiljø_002-115587","Copper","Vm_2025","VannmiljøCopper2025","Aquatic","Freshwater","Stressor","Concentration","1","Fake ID","",2.41,"µg/L",1,"Not reported",,,1,"µg/L",,"µg/L","1","2","3","4","ICP-SFMS Avløpsvann etter oppslutning"
"2025-06-16","Vannmiljø_109-115935","Copper","Vm_2025","VannmiljøCopper2025","Aquatic","Freshwater","Stressor","Concentration","1","Fake ID","",0.6,"µg/L",1,"Not reported",,,,"µg/L",,"µg/L","1","2","3","4","Prøve ID: 2025-16585-3. Måleusikkerhet +/- 0,11."
"2025-01-16","Vannmiljø_056-116375","Copper","Vm_2025","VannmiljøCopper2025","Aquatic","Freshwater","Stressor","Concentration","1","Fake ID","",0.7,"µg/L",1,"Not reported",,,,"µg/L",,"µg/L","1","2","3","4",
"2025-02-20","Vannmiljø_056-116375","Copper","Vm_2025","VannmiljøCopper2025","Aquatic","Freshwater","Stressor","Concentration","1","Fake ID","",0.98,"µg/L",1,"Not reported",,,,"µg/L",,"µg/L","1","2","3","4",
"2025-10-27","Vannmiljø_139-117358","Copper","Vm_2025","VannmiljøCopper2025","Aquatic","Freshwater","Stressor","Concentration","1","Fake ID","",7900,"µg/L",1,"Not reported",,,,"µg/L",,"µg/L","1","2","3","4",
"2025-04-23","Vannmiljø_134-118815","Copper","Vm_2025","VannmiljøCopper2025","Aquatic","Freshwater","Stressor","Concentration","1","Fake ID","",1.3,"µg/L",1,"Not reported",,,,"µg/L",,"µg/L","1","2","3","4",
"2025-05-12","Vannmiljø_123-119227","Copper","Vm_2025","VannmiljøCopper2025","Aquatic","Freshwater","Stressor","Concentration","1","Fake ID","",0.18,"µg/L",1,"Not reported",,,,"µg/L",,"µg/L","1","2","3","4",
"2025-01-08","Vannmiljø_122-119889","Copper","Vm_2025","VannmiljøCopper2025","Aquatic","Freshwater","Stressor","Concentration","1","Fake ID","",1.68,"µg/L",1,"Not reported",,,1,"µg/L",,"µg/L","1","2","3","4","ICP-SFMS Waste water after digestion"
"2025-04-08","Vannmiljø_122-119889","Copper","Vm_2025","VannmiljøCopper2025","Aquatic","Freshwater","Stressor","Concentration","1","Fake ID","",1.22,"µg/L",1,"Not reported",,,1,"µg/L",,"µg/L","1","2","3","4","ICP-SFMS Waste water after digestion"
"2025-07-02","Vannmiljø_122-119889","Copper","Vm_2025","VannmiljøCopper2025","Aquatic","Freshwater","Stressor","Concentration","1","Fake ID","",0.564,"µg/L",1,"Not reported",,,0.1,"µg/L",,"µg/L","1","2","3","4","ICP-SFMS Metals in freshwater pool and drinking water no digestion"
"2025-07-02","Vannmiljø_122-119890","Copper","Vm_2025","VannmiljøCopper2025","Aquatic","Freshwater","Stressor","Concentration","1","Fake ID","",4.87,"µg/L",1,"Not reported",,,1,"µg/L",,"µg/L","1","2","3","4","ICP-SFMS Waste water after digestion"
"2025-04-02","Vannmiljø_122-119890","Copper","Vm_2025","VannmiljøCopper2025","Aquatic","Freshwater","Stressor","Concentration","1","Fake ID","",4.18,"µg/L",1,"Not reported",,,0.1,"µg/L",,"µg/L","1","2","3","4","ICP-SFMS Metals in freshwater pool and drinking water no digestion"
"2025-01-21","Vannmiljø_128-119977","Copper","Vm_2025","VannmiljøCopper2025","Aquatic","Freshwater","Stressor","Concentration","1","Fake ID","",0.87,"µg/L",1,"Not reported",,,,"µg/L",,"µg/L","1","2","3","4",
"2025-01-21","Vannmiljø_128-119977","Copper","Vm_2025","VannmiljøCopper2025","Aquatic","Freshwater","Stressor","Concentration","1","Fake ID","",1.1,"µg/L",1,"Not reported",,,,"µg/L",,"µg/L","1","2","3","4",
"2025-02-26","Vannmiljø_128-119977","Copper","Vm_2025","VannmiljøCopper2025","Aquatic","Freshwater","Stressor","Concentration","1","Fake ID","",0.68,"µg/L",1,"Not reported",,,,"µg/L",,"µg/L","1","2","3","4",
"2025-02-26","Vannmiljø_128-119977","Copper","Vm_2025","VannmiljøCopper2025","Aquatic","Freshwater","Stressor","Concentration","1","Fake ID","",0.75,"µg/L",1,"Not reported",,,,"µg/L",,"µg/L","1","2","3","4",
"2025-03-25","Vannmiljø_128-119977","Copper","Vm_2025","VannmiljøCopper2025","Aquatic","Freshwater","Stressor","Concentration","1","Fake ID","",0.72,"µg/L",1,"Not reported",,,,"µg/L",,"µg/L","1","2","3","4",
"2025-03-25","Vannmiljø_128-119977","Copper","Vm_2025","VannmiljøCopper2025","Aquatic","Freshwater","Stressor","Concentration","1","Fake ID","",0.75,"µg/L",1,"Not reported",,,,"µg/L",,"µg/L","1","2","3","4",
"2025-01-21","Vannmiljø_128-119978","Copper","Vm_2025","VannmiljøCopper2025","Aquatic","Freshwater","Stressor","Concentration","1","Fake ID","",0.86,"µg/L",1,"Not reported",,,,"µg/L",,"µg/L","1","2","3","4",
"2025-01-21","Vannmiljø_128-119978","Copper","Vm_2025","VannmiljøCopper2025","Aquatic","Freshwater","Stressor","Concentration","1","Fake ID","",1.1,"µg/L",1,"Not reported",,,,"µg/L",,"µg/L","1","2","3","4",
"2025-02-26","Vannmiljø_128-119978","Copper","Vm_2025","VannmiljøCopper2025","Aquatic","Freshwater","Stressor","Concentration","1","Fake ID","",0.57,"µg/L",1,"Not reported",,,,"µg/L",,"µg/L","1","2","3","4",
"2025-02-26","Vannmiljø_128-119978","Copper","Vm_2025","VannmiljøCopper2025","Aquatic","Freshwater","Stressor","Concentration","1","Fake ID","",0.57,"µg/L",1,"Not reported",,,,"µg/L",,"µg/L","1","2","3","4",
"2025-03-25","Vannmiljø_128-119978","Copper","Vm_2025","VannmiljøCopper2025","Aquatic","Freshwater","Stressor","Concentration","1","Fake ID","",0.5,"µg/L",1,"Not reported",,,,"µg/L",,"µg/L","1","2","3","4",
"2025-03-25","Vannmiljø_128-119978","Copper","Vm_2025","VannmiljøCopper2025","Aquatic","Freshwater","Stressor","Concentration","1","Fake ID","< LOQ",0.5,"µg/L",1,"Not reported",,,,"µg/L",,"µg/L","1","2","3","4",
"2025-01-21","Vannmiljø_128-119979","Copper","Vm_2025","VannmiljøCopper2025","Aquatic","Freshwater","Stressor","Concentration","1","Fake ID","",0.56,"µg/L",1,"Not reported",,,,"µg/L",,"µg/L","1","2","3","4",
"2025-01-21","Vannmiljø_128-119979","Copper","Vm_2025","VannmiljøCopper2025","Aquatic","Freshwater","Stressor","Concentration","1","Fake ID","",0.56,"µg/L",1,"Not reported",,,,"µg/L",,"µg/L","1","2","3","4",
"2025-02-26","Vannmiljø_128-119979","Copper","Vm_2025","VannmiljøCopper2025","Aquatic","Freshwater","Stressor","Concentration","1","Fake ID","",0.47,"µg/L",1,"Not reported",,,,"µg/L",,"µg/L","1","2","3","4",
"2025-02-26","Vannmiljø_128-119979","Copper","Vm_2025","VannmiljøCopper2025","Aquatic","Freshwater","Stressor","Concentration","1","Fake ID","",0.55,"µg/L",1,"Not reported",,,,"µg/L",,"µg/L","1","2","3","4",
"2025-03-25","Vannmiljø_128-119979","Copper","Vm_2025","VannmiljøCopper2025","Aquatic","Freshwater","Stressor","Concentration","1","Fake ID","",0.46,"µg/L",1,"Not reported",,,,"µg/L",,"µg/L","1","2","3","4",
"2025-03-25","Vannmiljø_128-119979","Copper","Vm_2025","VannmiljøCopper2025","Aquatic","Freshwater","Stressor","Concentration","1","Fake ID","< LOQ",0.5,"µg/L",1,"Not reported",,,,"µg/L",,"µg/L","1","2","3","4",
"2025-04-29","Vannmiljø_128-119979","Copper","Vm_2025","VannmiljøCopper2025","Aquatic","Freshwater","Stressor","Concentration","1","Fake ID","",0.53,"µg/L",1,"Not reported",,,,"µg/L",,"µg/L","1","2","3","4",
"2025-04-29","Vannmiljø_128-119979","Copper","Vm_2025","VannmiljøCopper2025","Aquatic","Freshwater","Stressor","Concentration","1","Fake ID","",0.61,"µg/L",1,"Not reported",,,,"µg/L",,"µg/L","1","2","3","4",
"2025-01-21","Vannmiljø_128-120053","Copper","Vm_2025","VannmiljøCopper2025","Aquatic","Freshwater","Stressor","Concentration","1","Fake ID","",0.41,"µg/L",1,"Not reported",,,,"µg/L",,"µg/L","1","2","3","4",
"2025-01-21","Vannmiljø_128-120053","Copper","Vm_2025","VannmiljøCopper2025","Aquatic","Freshwater","Stressor","Concentration","1","Fake ID","< LOQ",0.5,"µg/L",1,"Not reported",,,,"µg/L",,"µg/L","1","2","3","4",
"2025-02-26","Vannmiljø_128-120053","Copper","Vm_2025","VannmiljøCopper2025","Aquatic","Freshwater","Stressor","Concentration","1","Fake ID","",0.31,"µg/L",1,"Not reported",,,,"µg/L",,"µg/L","1","2","3","4",
"2025-02-26","Vannmiljø_128-120053","Copper","Vm_2025","VannmiljøCopper2025","Aquatic","Freshwater","Stressor","Concentration","1","Fake ID","< LOQ",0.5,"µg/L",1,"Not reported",,,,"µg/L",,"µg/L","1","2","3","4",
"2025-03-25","Vannmiljø_128-120053","Copper","Vm_2025","VannmiljøCopper2025","Aquatic","Freshwater","Stressor","Concentration","1","Fake ID","< LOQ",0.5,"µg/L",1,"Not reported",,,,"µg/L",,"µg/L","1","2","3","4",
"2025-03-25","Vannmiljø_128-120053","Copper","Vm_2025","VannmiljøCopper2025","Aquatic","Freshwater","Stressor","Concentration","1","Fake ID","",0.32,"µg/L",1,"Not reported",,,,"µg/L",,"µg/L","1","2","3","4",
"2025-01-21","Vannmiljø_128-120054","Copper","Vm_2025","VannmiljøCopper2025","Aquatic","Freshwater","Stressor","Concentration","1","Fake ID","",0.59,"µg/L",1,"Not reported",,,,"µg/L",,"µg/L","1","2","3","4",
"2025-01-21","Vannmiljø_128-120054","Copper","Vm_2025","VannmiljøCopper2025","Aquatic","Freshwater","Stressor","Concentration","1","Fake ID","",0.57,"µg/L",1,"Not reported",,,,"µg/L",,"µg/L","1","2","3","4",
"2025-02-26","Vannmiljø_128-120054","Copper","Vm_2025","VannmiljøCopper2025","Aquatic","Freshwater","Stressor","Concentration","1","Fake ID","",0.83,"µg/L",1,"Not reported",,,,"µg/L",,"µg/L","1","2","3","4",
"2025-02-26","Vannmiljø_128-120054","Copper","Vm_2025","VannmiljøCopper2025","Aquatic","Freshwater","Stressor","Concentration","1","Fake ID","",0.99,"µg/L",1,"Not reported",,,,"µg/L",,"µg/L","1","2","3","4",
"2025-03-25","Vannmiljø_128-120054","Copper","Vm_2025","VannmiljøCopper2025","Aquatic","Freshwater","Stressor","Concentration","1","Fake ID","",0.72,"µg/L",1,"Not reported",,,,"µg/L",,"µg/L","1","2","3","4",
"2025-03-25","Vannmiljø_128-120054","Copper","Vm_2025","VannmiljøCopper2025","Aquatic","Freshwater","Stressor","Concentration","1","Fake ID","",0.9,"µg/L",1,"Not reported",,,,"µg/L",,"µg/L","1","2","3","4",
"2025-01-21","Vannmiljø_128-120055","Copper","Vm_2025","VannmiljøCopper2025","Aquatic","Freshwater","Stressor","Concentration","1","Fake ID","",0.64,"µg/L",1,"Not reported",,,,"µg/L",,"µg/L","1","2","3","4",
"2025-01-21","Vannmiljø_128-120055","Copper","Vm_2025","VannmiljøCopper2025","Aquatic","Freshwater","Stressor","Concentration","1","Fake ID","",0.64,"µg/L",1,"Not reported",,,,"µg/L",,"µg/L","1","2","3","4",
"2025-02-26","Vannmiljø_128-120055","Copper","Vm_2025","VannmiljøCopper2025","Aquatic","Freshwater","Stressor","Concentration","1","Fake ID","",0.58,"µg/L",1,"Not reported",,,,"µg/L",,"µg/L","1","2","3","4",
"2025-02-26","Vannmiljø_128-120055","Copper","Vm_2025","VannmiljøCopper2025","Aquatic","Freshwater","Stressor","Concentration","1","Fake ID","",0.67,"µg/L",1,"Not reported",,,,"µg/L",,"µg/L","1","2","3","4",
"2025-03-25","Vannmiljø_128-120055","Copper","Vm_2025","VannmiljøCopper2025","Aquatic","Freshwater","Stressor","Concentration","1","Fake ID","",0.64,"µg/L",1,"Not reported",,,,"µg/L",,"µg/L","1","2","3","4",
"2025-03-25","Vannmiljø_128-120055","Copper","Vm_2025","VannmiljøCopper2025","Aquatic","Freshwater","Stressor","Concentration","1","Fake ID","",0.84,"µg/L",1,"Not reported",,,,"µg/L",,"µg/L","1","2","3","4",
"2025-01-21","Vannmiljø_128-120056","Copper","Vm_2025","VannmiljøCopper2025","Aquatic","Freshwater","Stressor","Concentration","1","Fake ID","",0.96,"µg/L",1,"Not reported",,,,"µg/L",,"µg/L","1","2","3","4",
"2025-01-21","Vannmiljø_128-120056","Copper","Vm_2025","VannmiljøCopper2025","Aquatic","Freshwater","Stressor","Concentration","1","Fake ID","",1.3,"µg/L",1,"Not reported",,,,"µg/L",,"µg/L","1","2","3","4",
"2025-02-26","Vannmiljø_128-120056","Copper","Vm_2025","VannmiljøCopper2025","Aquatic","Freshwater","Stressor","Concentration","1","Fake ID","",0.54,"µg/L",1,"Not reported",,,,"µg/L",,"µg/L","1","2","3","4",
"2025-02-26","Vannmiljø_128-120056","Copper","Vm_2025","VannmiljøCopper2025","Aquatic","Freshwater","Stressor","Concentration","1","Fake ID","",0.59,"µg/L",1,"Not reported",,,,"µg/L",,"µg/L","1","2","3","4",
"2025-03-25","Vannmiljø_128-120056","Copper","Vm_2025","VannmiljøCopper2025","Aquatic","Freshwater","Stressor","Concentration","1","Fake ID","",0.54,"µg/L",1,"Not reported",,,,"µg/L",,"µg/L","1","2","3","4",
"2025-03-25","Vannmiljø_128-120056","Copper","Vm_2025","VannmiljøCopper2025","Aquatic","Freshwater","Stressor","Concentration","1","Fake ID","",0.54,"µg/L",1,"Not reported",,,,"µg/L",,"µg/L","1","2","3","4",
"2025-01-21","Vannmiljø_128-120057","Copper","Vm_2025","VannmiljøCopper2025","Aquatic","Freshwater","Stressor","Concentration","1","Fake ID","",0.9,"µg/L",1,"Not reported",,,,"µg/L",,"µg/L","1","2","3","4",
"2025-01-21","Vannmiljø_128-120057","Copper","Vm_2025","VannmiljøCopper2025","Aquatic","Freshwater","Stressor","Concentration","1","Fake ID","",1.2,"µg/L",1,"Not reported",,,,"µg/L",,"µg/L","1","2","3","4",
"2025-02-26","Vannmiljø_128-120057","Copper","Vm_2025","VannmiljøCopper2025","Aquatic","Freshwater","Stressor","Concentration","1","Fake ID","",0.74,"µg/L",1,"Not reported",,,,"µg/L",,"µg/L","1","2","3","4",
"2025-02-26","Vannmiljø_128-120057","Copper","Vm_2025","VannmiljøCopper2025","Aquatic","Freshwater","Stressor","Concentration","1","Fake ID","",0.92,"µg/L",1,"Not reported",,,,"µg/L",,"µg/L","1","2","3","4",
"2025-03-25","Vannmiljø_128-120057","Copper","Vm_2025","VannmiljøCopper2025","Aquatic","Freshwater","Stressor","Concentration","1","Fake ID","",0.69,"µg/L",1,"Not reported",,,,"µg/L",,"µg/L","1","2","3","4",
"2025-03-25","Vannmiljø_128-120057","Copper","Vm_2025","VannmiljøCopper2025","Aquatic","Freshwater","Stressor","Concentration","1","Fake ID","",0.96,"µg/L",1,"Not reported",,,,"µg/L",,"µg/L","1","2","3","4",
"2025-04-29","Vannmiljø_128-120057","Copper","Vm_2025","VannmiljøCopper2025","Aquatic","Freshwater","Stressor","Concentration","1","Fake ID","",0.92,"µg/L",1,"Not reported",,,,"µg/L",,"µg/L","1","2","3","4",
"2025-04-29","Vannmiljø_128-120057","Copper","Vm_2025","VannmiljøCopper2025","Aquatic","Freshwater","Stressor","Concentration","1","Fake ID","",1.3,"µg/L",1,"Not reported",,,,"µg/L",,"µg/L","1","2","3","4",
"2025-01-21","Vannmiljø_128-120058","Copper","Vm_2025","VannmiljøCopper2025","Aquatic","Freshwater","Stressor","Concentration","1","Fake ID","",0.74,"µg/L",1,"Not reported",,,,"µg/L",,"µg/L","1","2","3","4",
"2025-01-21","Vannmiljø_128-120058","Copper","Vm_2025","VannmiljøCopper2025","Aquatic","Freshwater","Stressor","Concentration","1","Fake ID","",0.78,"µg/L",1,"Not reported",,,,"µg/L",,"µg/L","1","2","3","4",
"2025-02-26","Vannmiljø_128-120058","Copper","Vm_2025","VannmiljøCopper2025","Aquatic","Freshwater","Stressor","Concentration","1","Fake ID","",0.87,"µg/L",1,"Not reported",,,,"µg/L",,"µg/L","1","2","3","4",
"2025-02-26","Vannmiljø_128-120058","Copper","Vm_2025","VannmiljøCopper2025","Aquatic","Freshwater","Stressor","Concentration","1","Fake ID","",1,"µg/L",1,"Not reported",,,,"µg/L",,"µg/L","1","2","3","4",
"2025-03-25","Vannmiljø_128-120058","Copper","Vm_2025","VannmiljøCopper2025","Aquatic","Freshwater","Stressor","Concentration","1","Fake ID","",0.79,"µg/L",1,"Not reported",,,,"µg/L",,"µg/L","1","2","3","4",
"2025-03-25","Vannmiljø_128-120058","Copper","Vm_2025","VannmiljøCopper2025","Aquatic","Freshwater","Stressor","Concentration","1","Fake ID","",1.1,"µg/L",1,"Not reported",,,,"µg/L",,"µg/L","1","2","3","4",
"2025-04-29","Vannmiljø_128-120058","Copper","Vm_2025","VannmiljøCopper2025","Aquatic","Freshwater","Stressor","Concentration","1","Fake ID","",0.79,"µg/L",1,"Not reported",,,,"µg/L",,"µg/L","1","2","3","4",
"2025-04-29","Vannmiljø_128-120058","Copper","Vm_2025","VannmiljøCopper2025","Aquatic","Freshwater","Stressor","Concentration","1","Fake ID","",0.97,"µg/L",1,"Not reported",,,,"µg/L",,"µg/L","1","2","3","4",
"2025-01-22","Vannmiljø_084-120170","Copper","Vm_2025","VannmiljøCopper2025","Aquatic","Freshwater","Stressor","Concentration","1","Fake ID","< LOQ",1,"µg/L",1,"Not reported",,,1,"µg/L",,"µg/L","1","2","3","4","ICP-SFMS Avløpsvann etter oppslutning"
"2025-01-22","Vannmiljø_084-120170","Copper","Vm_2025","VannmiljøCopper2025","Aquatic","Freshwater","Stressor","Concentration","1","Fake ID","< LOQ",1,"µg/L",1,"Not reported",,,1,"µg/L",,"µg/L","1","2","3","4","ICP-SFMS Metals in waste water no digestion"
"2025-01-22","Vannmiljø_084-120170","Copper","Vm_2025","VannmiljøCopper2025","Aquatic","Freshwater","Stressor","Concentration","1","Fake ID","< LOQ",1,"µg/L",1,"Not reported",,,1,"µg/L",,"µg/L","1","2","3","4","ICP-SFMS Avløpsvann etter oppslutning"
"2025-01-22","Vannmiljø_084-120170","Copper","Vm_2025","VannmiljøCopper2025","Aquatic","Freshwater","Stressor","Concentration","1","Fake ID","< LOQ",1,"µg/L",1,"Not reported",,,1,"µg/L",,"µg/L","1","2","3","4","ICP-SFMS Metals in waste water no digestion"
"2025-03-27","Vannmiljø_084-120170","Copper","Vm_2025","VannmiljøCopper2025","Aquatic","Freshwater","Stressor","Concentration","1","Fake ID","",1.22,"µg/L",1,"Not reported",,,1,"µg/L",,"µg/L","1","2","3","4","ICP-SFMS Metals in waste water no digestion"
"2025-03-27","Vannmiljø_084-120170","Copper","Vm_2025","VannmiljøCopper2025","Aquatic","Freshwater","Stressor","Concentration","1","Fake ID","",1.25,"µg/L",1,"Not reported",,,1,"µg/L",,"µg/L","1","2","3","4","ICP-SFMS Avløpsvann etter oppslutning"
"2025-02-25","Vannmiljø_084-120170","Copper","Vm_2025","VannmiljøCopper2025","Aquatic","Freshwater","Stressor","Concentration","1","Fake ID","< LOQ",1,"µg/L",1,"Not reported",,,1,"µg/L",,"µg/L","1","2","3","4","ICP-SFMS Avløpsvann etter oppslutning"
"2025-02-25","Vannmiljø_084-120170","Copper","Vm_2025","VannmiljøCopper2025","Aquatic","Freshwater","Stressor","Concentration","1","Fake ID","< LOQ",1,"µg/L",1,"Not reported",,,1,"µg/L",,"µg/L","1","2","3","4","ICP-SFMS Metals in waste water no digestion"
"2025-04-24","Vannmiljø_084-120170","Copper","Vm_2025","VannmiljøCopper2025","Aquatic","Freshwater","Stressor","Concentration","1","Fake ID","< LOQ",1,"µg/L",1,"Not reported",,,1,"µg/L",,"µg/L","1","2","3","4","ICP-SFMS Avløpsvann etter oppslutning"
"2025-04-24","Vannmiljø_084-120170","Copper","Vm_2025","VannmiljøCopper2025","Aquatic","Freshwater","Stressor","Concentration","1","Fake ID","< LOQ",1,"µg/L",1,"Not reported",,,1,"µg/L",,"µg/L","1","2","3","4","ICP-SFMS Metals in waste water no digestion"
"2025-05-27","Vannmiljø_084-120170","Copper","Vm_2025","VannmiljøCopper2025","Aquatic","Freshwater","Stressor","Concentration","1","Fake ID","< LOQ",1,"µg/L",1,"Not reported",,,1,"µg/L",,"µg/L","1","2","3","4","ICP-SFMS Avløpsvann etter oppslutning"
"2025-05-27","Vannmiljø_084-120170","Copper","Vm_2025","VannmiljøCopper2025","Aquatic","Freshwater","Stressor","Concentration","1","Fake ID","< LOQ",1,"µg/L",1,"Not reported",,,1,"µg/L",,"µg/L","1","2","3","4","ICP-SFMS Metals in waste water no digestion"
"2025-06-24","Vannmiljø_084-120170","Copper","Vm_2025","VannmiljøCopper2025","Aquatic","Freshwater","Stressor","Concentration","1","Fake ID","< LOQ",1,"µg/L",1,"Not reported",,,1,"µg/L",,"µg/L","1","2","3","4","ICP-SFMS Metals in waste water no digestion"
"2025-08-28","Vannmiljø_084-120170","Copper","Vm_2025","VannmiljøCopper2025","Aquatic","Freshwater","Stressor","Concentration","1","Fake ID","",1.76,"µg/L",1,"Not reported",,,1,"µg/L",,"µg/L","1","2","3","4","ICP-SFMS Avløpsvann etter oppslutning"
"2025-07-29","Vannmiljø_084-120170","Copper","Vm_2025","VannmiljøCopper2025","Aquatic","Freshwater","Stressor","Concentration","1","Fake ID","",4.68,"µg/L",1,"Not reported",,,1,"µg/L",,"µg/L","1","2","3","4","ICP-SFMS Avløpsvann etter oppslutning"
"2025-07-29","Vannmiljø_084-120170","Copper","Vm_2025","VannmiljøCopper2025","Aquatic","Freshwater","Stressor","Concentration","1","Fake ID","< LOQ",1,"µg/L",1,"Not reported",,,1,"µg/L",,"µg/L","1","2","3","4","ICP-SFMS Metals in waste water, no digestion"
"2025-09-30","Vannmiljø_084-120170","Copper","Vm_2025","VannmiljøCopper2025","Aquatic","Freshwater","Stressor","Concentration","1","Fake ID","< LOQ",1,"µg/L",1,"Not reported",,,1,"µg/L",,"µg/L","1","2","3","4","ICP-SFMS Metals in waste water, no digestion"
"2025-09-30","Vannmiljø_084-120170","Copper","Vm_2025","VannmiljøCopper2025","Aquatic","Freshwater","Stressor","Concentration","1","Fake ID","",1.42,"µg/L",1,"Not reported",,,1,"µg/L",,"µg/L","1","2","3","4","ICP-SFMS Avløpsvann etter oppslutning"
"2025-10-07","Vannmiljø_084-120170","Copper","Vm_2025","VannmiljøCopper2025","Aquatic","Freshwater","Stressor","Concentration","1","Fake ID","< LOQ",1,"µg/L",1,"Not reported",,,1,"µg/L",,"µg/L","1","2","3","4","ICP-SFMS Metals in waste water, no digestion"
"2025-10-07","Vannmiljø_084-120170","Copper","Vm_2025","VannmiljøCopper2025","Aquatic","Freshwater","Stressor","Concentration","1","Fake ID","< LOQ",1,"µg/L",1,"Not reported",,,1,"µg/L",,"µg/L","1","2","3","4","ICP-SFMS Avløpsvann etter oppslutning"
"2025-11-11","Vannmiljø_084-120170","Copper","Vm_2025","VannmiljøCopper2025","Aquatic","Freshwater","Stressor","Concentration","1","Fake ID","< LOQ",1,"µg/L",1,"Not reported",,,1,"µg/L",,"µg/L","1","2","3","4","ICP-SFMS metaller i vann, ingen oppslutning"
"2025-11-11","Vannmiljø_084-120170","Copper","Vm_2025","VannmiljøCopper2025","Aquatic","Freshwater","Stressor","Concentration","1","Fake ID","< LOQ",1,"µg/L",1,"Not reported",,,1,"µg/L",,"µg/L","1","2","3","4","ICP-SFMS Avløpsvann etter oppslutning"
"2025-01-22","Vannmiljø_084-120171","Copper","Vm_2025","VannmiljøCopper2025","Aquatic","Freshwater","Stressor","Concentration","1","Fake ID","< LOQ",1,"µg/L",1,"Not reported",,,1,"µg/L",,"µg/L","1","2","3","4","ICP-SFMS Avløpsvann etter oppslutning"
"2025-01-22","Vannmiljø_084-120171","Copper","Vm_2025","VannmiljøCopper2025","Aquatic","Freshwater","Stressor","Concentration","1","Fake ID","< LOQ",1,"µg/L",1,"Not reported",,,1,"µg/L",,"µg/L","1","2","3","4","ICP-SFMS Metals in waste water no digestion"
"2025-03-27","Vannmiljø_084-120171","Copper","Vm_2025","VannmiljøCopper2025","Aquatic","Freshwater","Stressor","Concentration","1","Fake ID","< LOQ",1,"µg/L",1,"Not reported",,,1,"µg/L",,"µg/L","1","2","3","4","ICP-SFMS Avløpsvann etter oppslutning"
"2025-03-27","Vannmiljø_084-120171","Copper","Vm_2025","VannmiljøCopper2025","Aquatic","Freshwater","Stressor","Concentration","1","Fake ID","< LOQ",1,"µg/L",1,"Not reported",,,1,"µg/L",,"µg/L","1","2","3","4","ICP-SFMS Metals in waste water no digestion"
"2025-02-25","Vannmiljø_084-120171","Copper","Vm_2025","VannmiljøCopper2025","Aquatic","Freshwater","Stressor","Concentration","1","Fake ID","",1.13,"µg/L",1,"Not reported",,,1,"µg/L",,"µg/L","1","2","3","4","ICP-SFMS Avløpsvann etter oppslutning"
"2025-02-25","Vannmiljø_084-120171","Copper","Vm_2025","VannmiljøCopper2025","Aquatic","Freshwater","Stressor","Concentration","1","Fake ID","< LOQ",1,"µg/L",1,"Not reported",,,1,"µg/L",,"µg/L","1","2","3","4","ICP-SFMS Metals in waste water no digestion"
"2025-04-24","Vannmiljø_084-120171","Copper","Vm_2025","VannmiljøCopper2025","Aquatic","Freshwater","Stressor","Concentration","1","Fake ID","< LOQ",1,"µg/L",1,"Not reported",,,1,"µg/L",,"µg/L","1","2","3","4","ICP-SFMS Avløpsvann etter oppslutning"
"2025-04-24","Vannmiljø_084-120171","Copper","Vm_2025","VannmiljøCopper2025","Aquatic","Freshwater","Stressor","Concentration","1","Fake ID","< LOQ",1,"µg/L",1,"Not reported",,,1,"µg/L",,"µg/L","1","2","3","4","ICP-SFMS Metals in waste water no digestion"
"2025-05-27","Vannmiljø_084-120171","Copper","Vm_2025","VannmiljøCopper2025","Aquatic","Freshwater","Stressor","Concentration","1","Fake ID","< LOQ",1,"µg/L",1,"Not reported",,,1,"µg/L",,"µg/L","1","2","3","4","ICP-SFMS Avløpsvann etter oppslutning"
"2025-05-27","Vannmiljø_084-120171","Copper","Vm_2025","VannmiljøCopper2025","Aquatic","Freshwater","Stressor","Concentration","1","Fake ID","< LOQ",1,"µg/L",1,"Not reported",,,1,"µg/L",,"µg/L","1","2","3","4","ICP-SFMS Metals in waste water no digestion"
"2025-06-24","Vannmiljø_084-120171","Copper","Vm_2025","VannmiljøCopper2025","Aquatic","Freshwater","Stressor","Concentration","1","Fake ID","< LOQ",1,"µg/L",1,"Not reported",,,1,"µg/L",,"µg/L","1","2","3","4","ICP-SFMS Metals in waste water no digestion"
"2025-08-28","Vannmiljø_084-120171","Copper","Vm_2025","VannmiljøCopper2025","Aquatic","Freshwater","Stressor","Concentration","1","Fake ID","< LOQ",1,"µg/L",1,"Not reported",,,1,"µg/L",,"µg/L","1","2","3","4","ICP-SFMS Metals in waste water, no digestion"
"2025-08-28","Vannmiljø_084-120171","Copper","Vm_2025","VannmiljøCopper2025","Aquatic","Freshwater","Stressor","Concentration","1","Fake ID","",1.08,"µg/L",1,"Not reported",,,1,"µg/L",,"µg/L","1","2","3","4","ICP-SFMS Avløpsvann etter oppslutning"
"2025-08-28","Vannmiljø_084-120171","Copper","Vm_2025","VannmiljøCopper2025","Aquatic","Freshwater","Stressor","Concentration","1","Fake ID","< LOQ",1,"µg/L",1,"Not reported",,,1,"µg/L",,"µg/L","1","2","3","4","ICP-SFMS Metals in waste water, no digestion"
"2025-07-29","Vannmiljø_084-120171","Copper","Vm_2025","VannmiljøCopper2025","Aquatic","Freshwater","Stressor","Concentration","1","Fake ID","< LOQ",1,"µg/L",1,"Not reported",,,1,"µg/L",,"µg/L","1","2","3","4","ICP-SFMS Metals in waste water, no digestion"
"2025-07-29","Vannmiljø_084-120171","Copper","Vm_2025","VannmiljøCopper2025","Aquatic","Freshwater","Stressor","Concentration","1","Fake ID","",1.38,"µg/L",1,"Not reported",,,1,"µg/L",,"µg/L","1","2","3","4","ICP-SFMS Avløpsvann etter oppslutning"
"2025-09-30","Vannmiljø_084-120171","Copper","Vm_2025","VannmiljøCopper2025","Aquatic","Freshwater","Stressor","Concentration","1","Fake ID","",1.12,"µg/L",1,"Not reported",,,1,"µg/L",,"µg/L","1","2","3","4","ICP-SFMS Metals in waste water, no digestion"
"2025-09-30","Vannmiljø_084-120171","Copper","Vm_2025","VannmiljøCopper2025","Aquatic","Freshwater","Stressor","Concentration","1","Fake ID","< LOQ",1,"µg/L",1,"Not reported",,,1,"µg/L",,"µg/L","1","2","3","4","ICP-SFMS Avløpsvann etter oppslutning"
"2025-10-07","Vannmiljø_084-120171","Copper","Vm_2025","VannmiljøCopper2025","Aquatic","Freshwater","Stressor","Concentration","1","Fake ID","< LOQ",1,"µg/L",1,"Not reported",,,1,"µg/L",,"µg/L","1","2","3","4","ICP-SFMS Metals in waste water, no digestion"
"2025-10-07","Vannmiljø_084-120171","Copper","Vm_2025","VannmiljøCopper2025","Aquatic","Freshwater","Stressor","Concentration","1","Fake ID","< LOQ",1,"µg/L",1,"Not reported",,,1,"µg/L",,"µg/L","1","2","3","4","ICP-SFMS Avløpsvann etter oppslutning"
"2025-11-11","Vannmiljø_084-120171","Copper","Vm_2025","VannmiljøCopper2025","Aquatic","Freshwater","Stressor","Concentration","1","Fake ID","< LOQ",1,"µg/L",1,"Not reported",,,1,"µg/L",,"µg/L","1","2","3","4","ICP-SFMS Avløpsvann etter oppslutning"
"2025-11-11","Vannmiljø_084-120171","Copper","Vm_2025","VannmiljøCopper2025","Aquatic","Freshwater","Stressor","Concentration","1","Fake ID","< LOQ",1,"µg/L",1,"Not reported",,,1,"µg/L",,"µg/L","1","2","3","4","ICP-SFMS metaller i vann, ingen oppslutning"
"2025-01-22","Vannmiljø_084-120172","Copper","Vm_2025","VannmiljøCopper2025","Aquatic","Freshwater","Stressor","Concentration","1","Fake ID","< LOQ",1,"µg/L",1,"Not reported",,,1,"µg/L",,"µg/L","1","2","3","4","ICP-SFMS Avløpsvann etter oppslutning"
"2025-01-22","Vannmiljø_084-120172","Copper","Vm_2025","VannmiljøCopper2025","Aquatic","Freshwater","Stressor","Concentration","1","Fake ID","< LOQ",1,"µg/L",1,"Not reported",,,1,"µg/L",,"µg/L","1","2","3","4","ICP-SFMS Metals in waste water no digestion"
"2025-03-27","Vannmiljø_084-120172","Copper","Vm_2025","VannmiljøCopper2025","Aquatic","Freshwater","Stressor","Concentration","1","Fake ID","< LOQ",1,"µg/L",1,"Not reported",,,1,"µg/L",,"µg/L","1","2","3","4","ICP-SFMS Avløpsvann etter oppslutning"
"2025-03-27","Vannmiljø_084-120172","Copper","Vm_2025","VannmiljøCopper2025","Aquatic","Freshwater","Stressor","Concentration","1","Fake ID","< LOQ",1,"µg/L",1,"Not reported",,,1,"µg/L",,"µg/L","1","2","3","4","ICP-SFMS Metals in waste water no digestion"
"2025-02-25","Vannmiljø_084-120172","Copper","Vm_2025","VannmiljøCopper2025","Aquatic","Freshwater","Stressor","Concentration","1","Fake ID","< LOQ",1,"µg/L",1,"Not reported",,,1,"µg/L",,"µg/L","1","2","3","4","ICP-SFMS Avløpsvann etter oppslutning"
"2025-02-25","Vannmiljø_084-120172","Copper","Vm_2025","VannmiljøCopper2025","Aquatic","Freshwater","Stressor","Concentration","1","Fake ID","< LOQ",1,"µg/L",1,"Not reported",,,1,"µg/L",,"µg/L","1","2","3","4","ICP-SFMS Metals in waste water no digestion"
"2025-02-25","Vannmiljø_084-120172","Copper","Vm_2025","VannmiljøCopper2025","Aquatic","Freshwater","Stressor","Concentration","1","Fake ID","< LOQ",1,"µg/L",1,"Not reported",,,1,"µg/L",,"µg/L","1","2","3","4","ICP-SFMS Avløpsvann etter oppslutning"
"2025-02-25","Vannmiljø_084-120172","Copper","Vm_2025","VannmiljøCopper2025","Aquatic","Freshwater","Stressor","Concentration","1","Fake ID","< LOQ",1,"µg/L",1,"Not reported",,,1,"µg/L",,"µg/L","1","2","3","4","ICP-SFMS Metals in waste water no digestion"
"2025-04-24","Vannmiljø_084-120172","Copper","Vm_2025","VannmiljøCopper2025","Aquatic","Freshwater","Stressor","Concentration","1","Fake ID","< LOQ",1,"µg/L",1,"Not reported",,,1,"µg/L",,"µg/L","1","2","3","4","ICP-SFMS Avløpsvann etter oppslutning"
"2025-04-24","Vannmiljø_084-120172","Copper","Vm_2025","VannmiljøCopper2025","Aquatic","Freshwater","Stressor","Concentration","1","Fake ID","< LOQ",1,"µg/L",1,"Not reported",,,1,"µg/L",,"µg/L","1","2","3","4","ICP-SFMS Metals in waste water no digestion"
"2025-05-27","Vannmiljø_084-120172","Copper","Vm_2025","VannmiljøCopper2025","Aquatic","Freshwater","Stressor","Concentration","1","Fake ID","",2.78,"µg/L",1,"Not reported",,,1,"µg/L",,"µg/L","1","2","3","4","ICP-SFMS Avløpsvann etter oppslutning"
"2025-05-27","Vannmiljø_084-120172","Copper","Vm_2025","VannmiljøCopper2025","Aquatic","Freshwater","Stressor","Concentration","1","Fake ID","",2.7,"µg/L",1,"Not reported",,,1,"µg/L",,"µg/L","1","2","3","4","ICP-SFMS Metals in waste water no digestion"
"2025-05-27","Vannmiljø_084-120172","Copper","Vm_2025","VannmiljøCopper2025","Aquatic","Freshwater","Stressor","Concentration","1","Fake ID","< LOQ",1,"µg/L",1,"Not reported",,,1,"µg/L",,"µg/L","1","2","3","4","ICP-SFMS Avløpsvann etter oppslutning"
"2025-05-27","Vannmiljø_084-120172","Copper","Vm_2025","VannmiljøCopper2025","Aquatic","Freshwater","Stressor","Concentration","1","Fake ID","< LOQ",1,"µg/L",1,"Not reported",,,1,"µg/L",,"µg/L","1","2","3","4","ICP-SFMS Metals in waste water no digestion"
"2025-06-24","Vannmiljø_084-120172","Copper","Vm_2025","VannmiljøCopper2025","Aquatic","Freshwater","Stressor","Concentration","1","Fake ID","< LOQ",1,"µg/L",1,"Not reported",,,1,"µg/L",,"µg/L","1","2","3","4","ICP-SFMS Metals in waste water no digestion"
"2025-08-28","Vannmiljø_084-120172","Copper","Vm_2025","VannmiljøCopper2025","Aquatic","Freshwater","Stressor","Concentration","1","Fake ID","< LOQ",1,"µg/L",1,"Not reported",,,1,"µg/L",,"µg/L","1","2","3","4","ICP-SFMS Avløpsvann etter oppslutning"
"2025-07-29","Vannmiljø_084-120172","Copper","Vm_2025","VannmiljøCopper2025","Aquatic","Freshwater","Stressor","Concentration","1","Fake ID","< LOQ",1,"µg/L",1,"Not reported",,,1,"µg/L",,"µg/L","1","2","3","4","ICP-SFMS Metals in waste water, no digestion"
"2025-07-29","Vannmiljø_084-120172","Copper","Vm_2025","VannmiljøCopper2025","Aquatic","Freshwater","Stressor","Concentration","1","Fake ID","",1.66,"µg/L",1,"Not reported",,,1,"µg/L",,"µg/L","1","2","3","4","ICP-SFMS Avløpsvann etter oppslutning"
"2025-09-30","Vannmiljø_084-120172","Copper","Vm_2025","VannmiljøCopper2025","Aquatic","Freshwater","Stressor","Concentration","1","Fake ID","< LOQ",1,"µg/L",1,"Not reported",,,1,"µg/L",,"µg/L","1","2","3","4","ICP-SFMS Avløpsvann etter oppslutning"
"2025-09-30","Vannmiljø_084-120172","Copper","Vm_2025","VannmiljøCopper2025","Aquatic","Freshwater","Stressor","Concentration","1","Fake ID","< LOQ",1,"µg/L",1,"Not reported",,,1,"µg/L",,"µg/L","1","2","3","4","ICP-SFMS Metals in waste water, no digestion"
"2025-10-07","Vannmiljø_084-120172","Copper","Vm_2025","VannmiljøCopper2025","Aquatic","Freshwater","Stressor","Concentration","1","Fake ID","< LOQ",1,"µg/L",1,"Not reported",,,1,"µg/L",,"µg/L","1","2","3","4","ICP-SFMS Metals in waste water, no digestion"
"2025-10-07","Vannmiljø_084-120172","Copper","Vm_2025","VannmiljøCopper2025","Aquatic","Freshwater","Stressor","Concentration","1","Fake ID","",1.07,"µg/L",1,"Not reported",,,1,"µg/L",,"µg/L","1","2","3","4","ICP-SFMS Avløpsvann etter oppslutning"
"2025-11-11","Vannmiljø_084-120172","Copper","Vm_2025","VannmiljøCopper2025","Aquatic","Freshwater","Stressor","Concentration","1","Fake ID","< LOQ",1,"µg/L",1,"Not reported",,,1,"µg/L",,"µg/L","1","2","3","4","ICP-SFMS Avløpsvann etter oppslutning"
"2025-11-11","Vannmiljø_084-120172","Copper","Vm_2025","VannmiljøCopper2025","Aquatic","Freshwater","Stressor","Concentration","1","Fake ID","< LOQ",1,"µg/L",1,"Not reported",,,1,"µg/L",,"µg/L","1","2","3","4","ICP-SFMS metaller i vann, ingen oppslutning"
"2025-01-22","Vannmiljø_084-120173","Copper","Vm_2025","VannmiljøCopper2025","Aquatic","Freshwater","Stressor","Concentration","1","Fake ID","< LOQ",1,"µg/L",1,"Not reported",,,1,"µg/L",,"µg/L","1","2","3","4","ICP-SFMS Avløpsvann etter oppslutning"
"2025-01-22","Vannmiljø_084-120173","Copper","Vm_2025","VannmiljøCopper2025","Aquatic","Freshwater","Stressor","Concentration","1","Fake ID","< LOQ",1,"µg/L",1,"Not reported",,,1,"µg/L",,"µg/L","1","2","3","4","ICP-SFMS Metals in waste water no digestion"
"2025-03-27","Vannmiljø_084-120173","Copper","Vm_2025","VannmiljøCopper2025","Aquatic","Freshwater","Stressor","Concentration","1","Fake ID","< LOQ",1,"µg/L",1,"Not reported",,,1,"µg/L",,"µg/L","1","2","3","4","ICP-SFMS Avløpsvann etter oppslutning"
"2025-03-27","Vannmiljø_084-120173","Copper","Vm_2025","VannmiljøCopper2025","Aquatic","Freshwater","Stressor","Concentration","1","Fake ID","< LOQ",1,"µg/L",1,"Not reported",,,1,"µg/L",,"µg/L","1","2","3","4","ICP-SFMS Metals in waste water no digestion"
"2025-02-25","Vannmiljø_084-120173","Copper","Vm_2025","VannmiljøCopper2025","Aquatic","Freshwater","Stressor","Concentration","1","Fake ID","< LOQ",1,"µg/L",1,"Not reported",,,1,"µg/L",,"µg/L","1","2","3","4","ICP-SFMS Avløpsvann etter oppslutning"
"2025-02-25","Vannmiljø_084-120173","Copper","Vm_2025","VannmiljøCopper2025","Aquatic","Freshwater","Stressor","Concentration","1","Fake ID","< LOQ",1,"µg/L",1,"Not reported",,,1,"µg/L",,"µg/L","1","2","3","4","ICP-SFMS Metals in waste water no digestion"
"2025-04-24","Vannmiljø_084-120173","Copper","Vm_2025","VannmiljøCopper2025","Aquatic","Freshwater","Stressor","Concentration","1","Fake ID","< LOQ",1,"µg/L",1,"Not reported",,,1,"µg/L",,"µg/L","1","2","3","4","ICP-SFMS Avløpsvann etter oppslutning"
"2025-04-24","Vannmiljø_084-120173","Copper","Vm_2025","VannmiljøCopper2025","Aquatic","Freshwater","Stressor","Concentration","1","Fake ID","< LOQ",1,"µg/L",1,"Not reported",,,1,"µg/L",,"µg/L","1","2","3","4","ICP-SFMS Metals in waste water no digestion"
"2025-05-27","Vannmiljø_084-120173","Copper","Vm_2025","VannmiljøCopper2025","Aquatic","Freshwater","Stressor","Concentration","1","Fake ID","< LOQ",1,"µg/L",1,"Not reported",,,1,"µg/L",,"µg/L","1","2","3","4","ICP-SFMS Avløpsvann etter oppslutning"
"2025-05-27","Vannmiljø_084-120173","Copper","Vm_2025","VannmiljøCopper2025","Aquatic","Freshwater","Stressor","Concentration","1","Fake ID","< LOQ",1,"µg/L",1,"Not reported",,,1,"µg/L",,"µg/L","1","2","3","4","ICP-SFMS Metals in waste water no digestion"
"2025-06-24","Vannmiljø_084-120173","Copper","Vm_2025","VannmiljøCopper2025","Aquatic","Freshwater","Stressor","Concentration","1","Fake ID","< LOQ",1,"µg/L",1,"Not reported",,,1,"µg/L",,"µg/L","1","2","3","4","ICP-SFMS Metals in waste water no digestion"
"2025-08-28","Vannmiljø_084-120173","Copper","Vm_2025","VannmiljøCopper2025","Aquatic","Freshwater","Stressor","Concentration","1","Fake ID","< LOQ",1,"µg/L",1,"Not reported",,,1,"µg/L",,"µg/L","1","2","3","4","ICP-SFMS Metals in waste water, no digestion"
"2025-08-28","Vannmiljø_084-120173","Copper","Vm_2025","VannmiljøCopper2025","Aquatic","Freshwater","Stressor","Concentration","1","Fake ID","< LOQ",1,"µg/L",1,"Not reported",,,1,"µg/L",,"µg/L","1","2","3","4","ICP-SFMS Avløpsvann etter oppslutning"
"2025-07-29","Vannmiljø_084-120173","Copper","Vm_2025","VannmiljøCopper2025","Aquatic","Freshwater","Stressor","Concentration","1","Fake ID","",1.6,"µg/L",1,"Not reported",,,1,"µg/L",,"µg/L","1","2","3","4","ICP-SFMS Avløpsvann etter oppslutning"
"2025-07-29","Vannmiljø_084-120173","Copper","Vm_2025","VannmiljøCopper2025","Aquatic","Freshwater","Stressor","Concentration","1","Fake ID","< LOQ",1,"µg/L",1,"Not reported",,,1,"µg/L",,"µg/L","1","2","3","4","ICP-SFMS Metals in waste water, no digestion"
"2025-09-30","Vannmiljø_084-120173","Copper","Vm_2025","VannmiljøCopper2025","Aquatic","Freshwater","Stressor","Concentration","1","Fake ID","< LOQ",1,"µg/L",1,"Not reported",,,1,"µg/L",,"µg/L","1","2","3","4","ICP-SFMS Avløpsvann etter oppslutning"
"2025-09-30","Vannmiljø_084-120173","Copper","Vm_2025","VannmiljøCopper2025","Aquatic","Freshwater","Stressor","Concentration","1","Fake ID","< LOQ",1,"µg/L",1,"Not reported",,,1,"µg/L",,"µg/L","1","2","3","4","ICP-SFMS Metals in waste water, no digestion"
"2025-10-07","Vannmiljø_084-120173","Copper","Vm_2025","VannmiljøCopper2025","Aquatic","Freshwater","Stressor","Concentration","1","Fake ID","< LOQ",1,"µg/L",1,"Not reported",,,1,"µg/L",,"µg/L","1","2","3","4","ICP-SFMS Avløpsvann etter oppslutning"
"2025-10-07","Vannmiljø_084-120173","Copper","Vm_2025","VannmiljøCopper2025","Aquatic","Freshwater","Stressor","Concentration","1","Fake ID","< LOQ",1,"µg/L",1,"Not reported",,,1,"µg/L",,"µg/L","1","2","3","4","ICP-SFMS Metals in waste water, no digestion"
"2025-11-11","Vannmiljø_084-120173","Copper","Vm_2025","VannmiljøCopper2025","Aquatic","Freshwater","Stressor","Concentration","1","Fake ID","< LOQ",1,"µg/L",1,"Not reported",,,1,"µg/L",,"µg/L","1","2","3","4","ICP-SFMS Avløpsvann etter oppslutning"
"2025-11-11","Vannmiljø_084-120173","Copper","Vm_2025","VannmiljøCopper2025","Aquatic","Freshwater","Stressor","Concentration","1","Fake ID","< LOQ",1,"µg/L",1,"Not reported",,,1,"µg/L",,"µg/L","1","2","3","4","ICP-SFMS metaller i vann, ingen oppslutning"
"2025-01-22","Vannmiljø_084-120174","Copper","Vm_2025","VannmiljøCopper2025","Aquatic","Freshwater","Stressor","Concentration","1","Fake ID","< LOQ",1,"µg/L",1,"Not reported",,,1,"µg/L",,"µg/L","1","2","3","4","ICP-SFMS Avløpsvann etter oppslutning"
"2025-01-22","Vannmiljø_084-120174","Copper","Vm_2025","VannmiljøCopper2025","Aquatic","Freshwater","Stressor","Concentration","1","Fake ID","< LOQ",1,"µg/L",1,"Not reported",,,1,"µg/L",,"µg/L","1","2","3","4","ICP-SFMS Metals in waste water no digestion"
"2025-03-27","Vannmiljø_084-120174","Copper","Vm_2025","VannmiljøCopper2025","Aquatic","Freshwater","Stressor","Concentration","1","Fake ID","< LOQ",1,"µg/L",1,"Not reported",,,1,"µg/L",,"µg/L","1","2","3","4","ICP-SFMS Avløpsvann etter oppslutning"
"2025-03-27","Vannmiljø_084-120174","Copper","Vm_2025","VannmiljøCopper2025","Aquatic","Freshwater","Stressor","Concentration","1","Fake ID","< LOQ",1,"µg/L",1,"Not reported",,,1,"µg/L",,"µg/L","1","2","3","4","ICP-SFMS Metals in waste water no digestion"
"2025-02-25","Vannmiljø_084-120174","Copper","Vm_2025","VannmiljøCopper2025","Aquatic","Freshwater","Stressor","Concentration","1","Fake ID","< LOQ",1,"µg/L",1,"Not reported",,,1,"µg/L",,"µg/L","1","2","3","4","ICP-SFMS Avløpsvann etter oppslutning"
"2025-02-25","Vannmiljø_084-120174","Copper","Vm_2025","VannmiljøCopper2025","Aquatic","Freshwater","Stressor","Concentration","1","Fake ID","< LOQ",1,"µg/L",1,"Not reported",,,1,"µg/L",,"µg/L","1","2","3","4","ICP-SFMS Metals in waste water no digestion"
"2025-04-24","Vannmiljø_084-120174","Copper","Vm_2025","VannmiljøCopper2025","Aquatic","Freshwater","Stressor","Concentration","1","Fake ID","< LOQ",1,"µg/L",1,"Not reported",,,1,"µg/L",,"µg/L","1","2","3","4","ICP-SFMS Avløpsvann etter oppslutning"
"2025-04-24","Vannmiljø_084-120174","Copper","Vm_2025","VannmiljøCopper2025","Aquatic","Freshwater","Stressor","Concentration","1","Fake ID","< LOQ",1,"µg/L",1,"Not reported",,,1,"µg/L",,"µg/L","1","2","3","4","ICP-SFMS Metals in waste water no digestion"
"2025-05-27","Vannmiljø_084-120174","Copper","Vm_2025","VannmiljøCopper2025","Aquatic","Freshwater","Stressor","Concentration","1","Fake ID","< LOQ",1,"µg/L",1,"Not reported",,,1,"µg/L",,"µg/L","1","2","3","4","ICP-SFMS Avløpsvann etter oppslutning"
"2025-05-27","Vannmiljø_084-120174","Copper","Vm_2025","VannmiljøCopper2025","Aquatic","Freshwater","Stressor","Concentration","1","Fake ID","< LOQ",1,"µg/L",1,"Not reported",,,1,"µg/L",,"µg/L","1","2","3","4","ICP-SFMS Metals in waste water no digestion"
"2025-07-01","Vannmiljø_084-120174","Copper","Vm_2025","VannmiljøCopper2025","Aquatic","Freshwater","Stressor","Concentration","1","Fake ID","",4.98,"µg/L",1,"Not reported",,,1,"µg/L",,"µg/L","1","2","3","4","ICP-SFMS Avløpsvann etter oppslutning"
"2025-07-01","Vannmiljø_084-120174","Copper","Vm_2025","VannmiljøCopper2025","Aquatic","Freshwater","Stressor","Concentration","1","Fake ID","",1.73,"µg/L",1,"Not reported",,,1,"µg/L",,"µg/L","1","2","3","4","ICP-SFMS Metals in waste water no digestion"
"2025-06-24","Vannmiljø_084-120174","Copper","Vm_2025","VannmiljøCopper2025","Aquatic","Freshwater","Stressor","Concentration","1","Fake ID","",1.13,"µg/L",1,"Not reported",,,1,"µg/L",,"µg/L","1","2","3","4","ICP-SFMS Metals in waste water no digestion"
"2025-08-28","Vannmiljø_084-120174","Copper","Vm_2025","VannmiljøCopper2025","Aquatic","Freshwater","Stressor","Concentration","1","Fake ID","< LOQ",1,"µg/L",1,"Not reported",,,1,"µg/L",,"µg/L","1","2","3","4","ICP-SFMS Metals in waste water, no digestion"
"2025-08-28","Vannmiljø_084-120174","Copper","Vm_2025","VannmiljøCopper2025","Aquatic","Freshwater","Stressor","Concentration","1","Fake ID","< LOQ",1,"µg/L",1,"Not reported",,,1,"µg/L",,"µg/L","1","2","3","4","ICP-SFMS Avløpsvann etter oppslutning"
"2025-07-29","Vannmiljø_084-120174","Copper","Vm_2025","VannmiljøCopper2025","Aquatic","Freshwater","Stressor","Concentration","1","Fake ID","< LOQ",1,"µg/L",1,"Not reported",,,1,"µg/L",,"µg/L","1","2","3","4","ICP-SFMS Metals in waste water, no digestion"
"2025-07-29","Vannmiljø_084-120174","Copper","Vm_2025","VannmiljøCopper2025","Aquatic","Freshwater","Stressor","Concentration","1","Fake ID","< LOQ",1,"µg/L",1,"Not reported",,,1,"µg/L",,"µg/L","1","2","3","4","ICP-SFMS Avløpsvann etter oppslutning"
"2025-09-30","Vannmiljø_084-120174","Copper","Vm_2025","VannmiljøCopper2025","Aquatic","Freshwater","Stressor","Concentration","1","Fake ID","< LOQ",1,"µg/L",1,"Not reported",,,1,"µg/L",,"µg/L","1","2","3","4","ICP-SFMS Metals in waste water, no digestion"
"2025-09-30","Vannmiljø_084-120174","Copper","Vm_2025","VannmiljøCopper2025","Aquatic","Freshwater","Stressor","Concentration","1","Fake ID","",2.78,"µg/L",1,"Not reported",,,1,"µg/L",,"µg/L","1","2","3","4","ICP-SFMS Avløpsvann etter oppslutning"
"2025-10-07","Vannmiljø_084-120174","Copper","Vm_2025","VannmiljøCopper2025","Aquatic","Freshwater","Stressor","Concentration","1","Fake ID","< LOQ",1,"µg/L",1,"Not reported",,,1,"µg/L",,"µg/L","1","2","3","4","ICP-SFMS Metals in waste water, no digestion"
"2025-10-07","Vannmiljø_084-120174","Copper","Vm_2025","VannmiljøCopper2025","Aquatic","Freshwater","Stressor","Concentration","1","Fake ID","< LOQ",1,"µg/L",1,"Not reported",,,1,"µg/L",,"µg/L","1","2","3","4","ICP-SFMS Avløpsvann etter oppslutning"
"2025-11-11","Vannmiljø_084-120174","Copper","Vm_2025","VannmiljøCopper2025","Aquatic","Freshwater","Stressor","Concentration","1","Fake ID","< LOQ",1,"µg/L",1,"Not reported",,,1,"µg/L",,"µg/L","1","2","3","4","ICP-SFMS Avløpsvann etter oppslutning"
"2025-11-11","Vannmiljø_084-120174","Copper","Vm_2025","VannmiljøCopper2025","Aquatic","Freshwater","Stressor","Concentration","1","Fake ID","< LOQ",1,"µg/L",1,"Not reported",,,1,"µg/L",,"µg/L","1","2","3","4","ICP-SFMS metaller i vann, ingen oppslutning"
"2025-01-22","Vannmiljø_084-120175","Copper","Vm_2025","VannmiljøCopper2025","Aquatic","Freshwater","Stressor","Concentration","1","Fake ID","< LOQ",1,"µg/L",1,"Not reported",,,1,"µg/L",,"µg/L","1","2","3","4","ICP-SFMS Avløpsvann etter oppslutning"
"2025-01-22","Vannmiljø_084-120175","Copper","Vm_2025","VannmiljøCopper2025","Aquatic","Freshwater","Stressor","Concentration","1","Fake ID","< LOQ",1,"µg/L",1,"Not reported",,,1,"µg/L",,"µg/L","1","2","3","4","ICP-SFMS Metals in waste water no digestion"
"2025-03-27","Vannmiljø_084-120175","Copper","Vm_2025","VannmiljøCopper2025","Aquatic","Freshwater","Stressor","Concentration","1","Fake ID","< LOQ",1,"µg/L",1,"Not reported",,,1,"µg/L",,"µg/L","1","2","3","4","ICP-SFMS Avløpsvann etter oppslutning"
"2025-03-27","Vannmiljø_084-120175","Copper","Vm_2025","VannmiljøCopper2025","Aquatic","Freshwater","Stressor","Concentration","1","Fake ID","< LOQ",1,"µg/L",1,"Not reported",,,1,"µg/L",,"µg/L","1","2","3","4","ICP-SFMS Metals in waste water no digestion"
"2025-02-25","Vannmiljø_084-120175","Copper","Vm_2025","VannmiljøCopper2025","Aquatic","Freshwater","Stressor","Concentration","1","Fake ID","< LOQ",1,"µg/L",1,"Not reported",,,1,"µg/L",,"µg/L","1","2","3","4","ICP-SFMS Avløpsvann etter oppslutning"
"2025-02-25","Vannmiljø_084-120175","Copper","Vm_2025","VannmiljøCopper2025","Aquatic","Freshwater","Stressor","Concentration","1","Fake ID","< LOQ",1,"µg/L",1,"Not reported",,,1,"µg/L",,"µg/L","1","2","3","4","ICP-SFMS Metals in waste water no digestion"
"2025-04-24","Vannmiljø_084-120175","Copper","Vm_2025","VannmiljøCopper2025","Aquatic","Freshwater","Stressor","Concentration","1","Fake ID","",1.05,"µg/L",1,"Not reported",,,1,"µg/L",,"µg/L","1","2","3","4","ICP-SFMS Avløpsvann etter oppslutning"
"2025-04-24","Vannmiljø_084-120175","Copper","Vm_2025","VannmiljøCopper2025","Aquatic","Freshwater","Stressor","Concentration","1","Fake ID","< LOQ",1,"µg/L",1,"Not reported",,,1,"µg/L",,"µg/L","1","2","3","4","ICP-SFMS Metals in waste water no digestion"
"2025-06-24","Vannmiljø_084-120175","Copper","Vm_2025","VannmiljøCopper2025","Aquatic","Freshwater","Stressor","Concentration","1","Fake ID","< LOQ",1,"µg/L",1,"Not reported",,,1,"µg/L",,"µg/L","1","2","3","4","ICP-SFMS Metals in waste water no digestion"
"2025-08-28","Vannmiljø_084-120175","Copper","Vm_2025","VannmiljøCopper2025","Aquatic","Freshwater","Stressor","Concentration","1","Fake ID","",1.1,"µg/L",1,"Not reported",,,1,"µg/L",,"µg/L","1","2","3","4","ICP-SFMS Avløpsvann etter oppslutning"
"2025-08-28","Vannmiljø_084-120175","Copper","Vm_2025","VannmiljøCopper2025","Aquatic","Freshwater","Stressor","Concentration","1","Fake ID","< LOQ",1,"µg/L",1,"Not reported",,,1,"µg/L",,"µg/L","1","2","3","4","ICP-SFMS Metals in waste water, no digestion"
"2025-08-28","Vannmiljø_084-120175","Copper","Vm_2025","VannmiljøCopper2025","Aquatic","Freshwater","Stressor","Concentration","1","Fake ID","< LOQ",1,"µg/L",1,"Not reported",,,1,"µg/L",,"µg/L","1","2","3","4","ICP-SFMS Metals in waste water, no digestion"
"2025-07-29","Vannmiljø_084-120175","Copper","Vm_2025","VannmiljøCopper2025","Aquatic","Freshwater","Stressor","Concentration","1","Fake ID","",1,"µg/L",1,"Not reported",,,1,"µg/L",,"µg/L","1","2","3","4","ICP-SFMS Avløpsvann etter oppslutning"
"2025-07-29","Vannmiljø_084-120175","Copper","Vm_2025","VannmiljøCopper2025","Aquatic","Freshwater","Stressor","Concentration","1","Fake ID","",1.21,"µg/L",1,"Not reported",,,1,"µg/L",,"µg/L","1","2","3","4","ICP-SFMS Metals in waste water, no digestion"
"2025-09-30","Vannmiljø_084-120175","Copper","Vm_2025","VannmiljøCopper2025","Aquatic","Freshwater","Stressor","Concentration","1","Fake ID","< LOQ",1,"µg/L",1,"Not reported",,,1,"µg/L",,"µg/L","1","2","3","4","ICP-SFMS Metals in waste water, no digestion"
"2025-09-30","Vannmiljø_084-120175","Copper","Vm_2025","VannmiljøCopper2025","Aquatic","Freshwater","Stressor","Concentration","1","Fake ID","< LOQ",1,"µg/L",1,"Not reported",,,1,"µg/L",,"µg/L","1","2","3","4","ICP-SFMS Avløpsvann etter oppslutning"
"2025-10-07","Vannmiljø_084-120175","Copper","Vm_2025","VannmiljøCopper2025","Aquatic","Freshwater","Stressor","Concentration","1","Fake ID","< LOQ",1,"µg/L",1,"Not reported",,,1,"µg/L",,"µg/L","1","2","3","4","ICP-SFMS Avløpsvann etter oppslutning"
"2025-10-07","Vannmiljø_084-120175","Copper","Vm_2025","VannmiljøCopper2025","Aquatic","Freshwater","Stressor","Concentration","1","Fake ID","< LOQ",1,"µg/L",1,"Not reported",,,1,"µg/L",,"µg/L","1","2","3","4","ICP-SFMS Metals in waste water, no digestion"
"2025-11-11","Vannmiljø_084-120175","Copper","Vm_2025","VannmiljøCopper2025","Aquatic","Freshwater","Stressor","Concentration","1","Fake ID","< LOQ",1,"µg/L",1,"Not reported",,,1,"µg/L",,"µg/L","1","2","3","4","ICP-SFMS metaller i vann, ingen oppslutning"
"2025-11-11","Vannmiljø_084-120175","Copper","Vm_2025","VannmiljøCopper2025","Aquatic","Freshwater","Stressor","Concentration","1","Fake ID","< LOQ",1,"µg/L",1,"Not reported",,,1,"µg/L",,"µg/L","1","2","3","4","ICP-SFMS Avløpsvann etter oppslutning"
"2025-05-19","Vannmiljø_012-120272","Copper","Vm_2025","VannmiljøCopper2025","Aquatic","Freshwater","Stressor","Concentration","1","Fake ID","",0.44,"µg/L",1,"Not reported",,,,"µg/L",,"µg/L","1","2","3","4",
"2025-05-26","Vannmiljø_012-120272","Copper","Vm_2025","VannmiljøCopper2025","Aquatic","Freshwater","Stressor","Concentration","1","Fake ID","",0.73,"µg/L",1,"Not reported",,,,"µg/L",,"µg/L","1","2","3","4",
"2025-06-13","Vannmiljø_012-120272","Copper","Vm_2025","VannmiljøCopper2025","Aquatic","Freshwater","Stressor","Concentration","1","Fake ID","",0.59,"µg/L",1,"Not reported",,,,"µg/L",,"µg/L","1","2","3","4",
"2025-09-25","Vannmiljø_012-120272","Copper","Vm_2025","VannmiljøCopper2025","Aquatic","Freshwater","Stressor","Concentration","1","Fake ID","",0.97,"µg/L",1,"Not reported",,,,"µg/L",,"µg/L","1","2","3","4",
"2025-01-08","Vannmiljø_122-120388","Copper","Vm_2025","VannmiljøCopper2025","Aquatic","Freshwater","Stressor","Concentration","1","Fake ID","",3.42,"µg/L",1,"Not reported",,,1,"µg/L",,"µg/L","1","2","3","4","ICP-SFMS Waste water after digestion"
"2025-04-08","Vannmiljø_122-120388","Copper","Vm_2025","VannmiljøCopper2025","Aquatic","Freshwater","Stressor","Concentration","1","Fake ID","",2.05,"µg/L",1,"Not reported",,,1,"µg/L",,"µg/L","1","2","3","4","ICP-SFMS Waste water after digestion"
"2025-07-02","Vannmiljø_122-120388","Copper","Vm_2025","VannmiljøCopper2025","Aquatic","Freshwater","Stressor","Concentration","1","Fake ID","",1.18,"µg/L",1,"Not reported",,,0.1,"µg/L",,"µg/L","1","2","3","4","ICP-SFMS Metals in freshwater pool and drinking water no digestion"
"2025-01-08","Vannmiljø_122-120389","Copper","Vm_2025","VannmiljøCopper2025","Aquatic","Freshwater","Stressor","Concentration","1","Fake ID","",1.88,"µg/L",1,"Not reported",,,1,"µg/L",,"µg/L","1","2","3","4","ICP-SFMS Waste water after digestion"
"2025-04-08","Vannmiljø_122-120389","Copper","Vm_2025","VannmiljøCopper2025","Aquatic","Freshwater","Stressor","Concentration","1","Fake ID","",1,"µg/L",1,"Not reported",,,1,"µg/L",,"µg/L","1","2","3","4","ICP-SFMS Waste water after digestion"
"2025-07-02","Vannmiljø_122-120389","Copper","Vm_2025","VannmiljøCopper2025","Aquatic","Freshwater","Stressor","Concentration","1","Fake ID","",1.12,"µg/L",1,"Not reported",,,0.1,"µg/L",,"µg/L","1","2","3","4","ICP-SFMS Metals in freshwater pool and drinking water no digestion"
"2025-04-02","Vannmiljø_122-120389","Copper","Vm_2025","VannmiljøCopper2025","Aquatic","Freshwater","Stressor","Concentration","1","Fake ID","",4.48,"µg/L",1,"Not reported",,,1,"µg/L",,"µg/L","1","2","3","4","ICP-SFMS Waste water after digestion"
"2025-03-05","Vannmiljø_123-120574","Copper","Vm_2025","VannmiljøCopper2025","Aquatic","Freshwater","Stressor","Concentration","1","Fake ID","",1.5,"µg/L",1,"Not reported",,,,"µg/L",,"µg/L","1","2","3","4",
"2025-03-05","Vannmiljø_123-120574","Copper","Vm_2025","VannmiljøCopper2025","Aquatic","Freshwater","Stressor","Concentration","1","Fake ID","",4.3,"µg/L",1,"Not reported",,,,"µg/L",,"µg/L","1","2","3","4",
"2025-06-10","Vannmiljø_123-120574","Copper","Vm_2025","VannmiljøCopper2025","Aquatic","Freshwater","Stressor","Concentration","1","Fake ID","",1,"µg/L",1,"Not reported",,,,"µg/L",,"µg/L","1","2","3","4",
"2025-06-10","Vannmiljø_123-120574","Copper","Vm_2025","VannmiljøCopper2025","Aquatic","Freshwater","Stressor","Concentration","1","Fake ID","",0.81,"µg/L",1,"Not reported",,,,"µg/L",,"µg/L","1","2","3","4",
"2025-05-13","Vannmiljø_143-120833","Copper","Vm_2025","VannmiljøCopper2025","Aquatic","Freshwater","Stressor","Concentration","1","Fake ID","< LOQ",1.6,"µg/L",1,"Not reported",,,,"µg/L",,"µg/L","1","2","3","4",
"2025-05-09","Vannmiljø_056-120880","Copper","Vm_2025","VannmiljøCopper2025","Aquatic","Freshwater","Stressor","Concentration","1","Fake ID","",1.4,"µg/L",1,"Not reported",,,0.05,"µg/L",,"µg/L","1","2","3","4",
"2025-05-09","Vannmiljø_056-120880","Copper","Vm_2025","VannmiljøCopper2025","Aquatic","Freshwater","Stressor","Concentration","1","Fake ID","",1.8,"µg/L",1,"Not reported",,,0.05,"µg/L",,"µg/L","1","2","3","4",
"2025-02-11","Vannmiljø_024-121120","Copper","Vm_2025","VannmiljøCopper2025","Aquatic","Freshwater","Stressor","Concentration","1","Fake ID","< LOQ",0.5,"µg/L",1,"Not reported",,,,"µg/L",,"µg/L","1","2","3","4",
"2025-03-11","Vannmiljø_024-121120","Copper","Vm_2025","VannmiljøCopper2025","Aquatic","Freshwater","Stressor","Concentration","1","Fake ID","< LOQ",0.5,"µg/L",1,"Not reported",,,,"µg/L",,"µg/L","1","2","3","4",
"2025-04-08","Vannmiljø_024-121120","Copper","Vm_2025","VannmiljøCopper2025","Aquatic","Freshwater","Stressor","Concentration","1","Fake ID","< LOQ",0.5,"µg/L",1,"Not reported",,,,"µg/L",,"µg/L","1","2","3","4",
"2025-05-08","Vannmiljø_024-121120","Copper","Vm_2025","VannmiljøCopper2025","Aquatic","Freshwater","Stressor","Concentration","1","Fake ID","< LOQ",0.5,"µg/L",1,"Not reported",,,,"µg/L",,"µg/L","1","2","3","4",
"2025-09-18","Vannmiljø_123-121674","Copper","Vm_2025","VannmiljøCopper2025","Aquatic","Freshwater","Stressor","Concentration","1","Fake ID","",3,"µg/L",1,"Not reported",,,,"µg/L",,"µg/L","1","2","3","4",
"2025-05-16","Vannmiljø_012-121817","Copper","Vm_2025","VannmiljøCopper2025","Aquatic","Freshwater","Stressor","Concentration","1","Fake ID","",3.1,"µg/L",1,"Not reported",,,,"µg/L",,"µg/L","1","2","3","4",
"2025-05-27","Vannmiljø_012-121817","Copper","Vm_2025","VannmiljøCopper2025","Aquatic","Freshwater","Stressor","Concentration","1","Fake ID","",2.3,"µg/L",1,"Not reported",,,,"µg/L",,"µg/L","1","2","3","4",
"2025-06-12","Vannmiljø_012-121817","Copper","Vm_2025","VannmiljøCopper2025","Aquatic","Freshwater","Stressor","Concentration","1","Fake ID","",5.5,"µg/L",1,"Not reported",,,,"µg/L",,"µg/L","1","2","3","4",
"2025-09-25","Vannmiljø_012-121817","Copper","Vm_2025","VannmiljøCopper2025","Aquatic","Freshwater","Stressor","Concentration","1","Fake ID","",7.3,"µg/L",1,"Not reported",,,,"µg/L",,"µg/L","1","2","3","4",
"2025-06-19","Vannmiljø_006-122027","Copper","Vm_2025","VannmiljøCopper2025","Aquatic","Freshwater","Stressor","Concentration","1","Fake ID","",0.84,"µg/L",1,"Not reported",,,,"µg/L",,"µg/L","1","2","3","4",
"2025-06-19","Vannmiljø_006-122027","Copper","Vm_2025","VannmiljøCopper2025","Aquatic","Freshwater","Stressor","Concentration","1","Fake ID","",0.66,"µg/L",1,"Not reported",,,,"µg/L",,"µg/L","1","2","3","4",
"2025-07-07","Vannmiljø_006-122027","Copper","Vm_2025","VannmiljøCopper2025","Aquatic","Freshwater","Stressor","Concentration","1","Fake ID","",0.79,"µg/L",1,"Not reported",,,,"µg/L",,"µg/L","1","2","3","4",
"2025-07-07","Vannmiljø_006-122027","Copper","Vm_2025","VannmiljøCopper2025","Aquatic","Freshwater","Stressor","Concentration","1","Fake ID","",0.57,"µg/L",1,"Not reported",,,,"µg/L",,"µg/L","1","2","3","4",
"2025-01-29","Vannmiljø_006-122027","Copper","Vm_2025","VannmiljøCopper2025","Aquatic","Freshwater","Stressor","Concentration","1","Fake ID","",0.82,"µg/L",1,"Not reported",,,,"µg/L",,"µg/L","1","2","3","4",
"2025-01-29","Vannmiljø_006-122027","Copper","Vm_2025","VannmiljøCopper2025","Aquatic","Freshwater","Stressor","Concentration","1","Fake ID","",0.72,"µg/L",1,"Not reported",,,,"µg/L",,"µg/L","1","2","3","4",
"2025-02-12","Vannmiljø_006-122027","Copper","Vm_2025","VannmiljøCopper2025","Aquatic","Freshwater","Stressor","Concentration","1","Fake ID","",0.57,"µg/L",1,"Not reported",,,,"µg/L",,"µg/L","1","2","3","4",
"2025-02-12","Vannmiljø_006-122027","Copper","Vm_2025","VannmiljøCopper2025","Aquatic","Freshwater","Stressor","Concentration","1","Fake ID","",0.49,"µg/L",1,"Not reported",,,,"µg/L",,"µg/L","1","2","3","4",
"2025-03-12","Vannmiljø_006-122027","Copper","Vm_2025","VannmiljøCopper2025","Aquatic","Freshwater","Stressor","Concentration","1","Fake ID","",0.44,"µg/L",1,"Not reported",,,,"µg/L",,"µg/L","1","2","3","4",
"2025-03-12","Vannmiljø_006-122027","Copper","Vm_2025","VannmiljøCopper2025","Aquatic","Freshwater","Stressor","Concentration","1","Fake ID","",0.38,"µg/L",1,"Not reported",,,,"µg/L",,"µg/L","1","2","3","4",
"2025-04-09","Vannmiljø_006-122027","Copper","Vm_2025","VannmiljøCopper2025","Aquatic","Freshwater","Stressor","Concentration","1","Fake ID","",0.59,"µg/L",1,"Not reported",,,,"µg/L",,"µg/L","1","2","3","4",
"2025-04-09","Vannmiljø_006-122027","Copper","Vm_2025","VannmiljøCopper2025","Aquatic","Freshwater","Stressor","Concentration","1","Fake ID","",0.55,"µg/L",1,"Not reported",,,,"µg/L",,"µg/L","1","2","3","4",
"2025-05-14","Vannmiljø_006-122027","Copper","Vm_2025","VannmiljøCopper2025","Aquatic","Freshwater","Stressor","Concentration","1","Fake ID","",0.48,"µg/L",1,"Not reported",,,,"µg/L",,"µg/L","1","2","3","4",
"2025-05-14","Vannmiljø_006-122027","Copper","Vm_2025","VannmiljøCopper2025","Aquatic","Freshwater","Stressor","Concentration","1","Fake ID","",0.44,"µg/L",1,"Not reported",,,,"µg/L",,"µg/L","1","2","3","4",
"2025-06-19","Vannmiljø_006-122028","Copper","Vm_2025","VannmiljøCopper2025","Aquatic","Freshwater","Stressor","Concentration","1","Fake ID","",0.86,"µg/L",1,"Not reported",,,,"µg/L",,"µg/L","1","2","3","4",
"2025-06-19","Vannmiljø_006-122028","Copper","Vm_2025","VannmiljøCopper2025","Aquatic","Freshwater","Stressor","Concentration","1","Fake ID","",0.69,"µg/L",1,"Not reported",,,,"µg/L",,"µg/L","1","2","3","4",
"2025-07-07","Vannmiljø_006-122028","Copper","Vm_2025","VannmiljøCopper2025","Aquatic","Freshwater","Stressor","Concentration","1","Fake ID","",0.74,"µg/L",1,"Not reported",,,,"µg/L",,"µg/L","1","2","3","4",
"2025-07-07","Vannmiljø_006-122028","Copper","Vm_2025","VannmiljøCopper2025","Aquatic","Freshwater","Stressor","Concentration","1","Fake ID","",0.55,"µg/L",1,"Not reported",,,,"µg/L",,"µg/L","1","2","3","4",
"2025-01-29","Vannmiljø_006-122028","Copper","Vm_2025","VannmiljøCopper2025","Aquatic","Freshwater","Stressor","Concentration","1","Fake ID","",0.85,"µg/L",1,"Not reported",,,,"µg/L",,"µg/L","1","2","3","4",
"2025-01-29","Vannmiljø_006-122028","Copper","Vm_2025","VannmiljøCopper2025","Aquatic","Freshwater","Stressor","Concentration","1","Fake ID","",0.75,"µg/L",1,"Not reported",,,,"µg/L",,"µg/L","1","2","3","4",
"2025-02-12","Vannmiljø_006-122028","Copper","Vm_2025","VannmiljøCopper2025","Aquatic","Freshwater","Stressor","Concentration","1","Fake ID","",0.76,"µg/L",1,"Not reported",,,,"µg/L",,"µg/L","1","2","3","4",
"2025-02-12","Vannmiljø_006-122028","Copper","Vm_2025","VannmiljøCopper2025","Aquatic","Freshwater","Stressor","Concentration","1","Fake ID","",0.55,"µg/L",1,"Not reported",,,,"µg/L",,"µg/L","1","2","3","4",
"2025-03-12","Vannmiljø_006-122028","Copper","Vm_2025","VannmiljøCopper2025","Aquatic","Freshwater","Stressor","Concentration","1","Fake ID","",0.44,"µg/L",1,"Not reported",,,,"µg/L",,"µg/L","1","2","3","4",
"2025-03-12","Vannmiljø_006-122028","Copper","Vm_2025","VannmiljøCopper2025","Aquatic","Freshwater","Stressor","Concentration","1","Fake ID","",0.41,"µg/L",1,"Not reported",,,,"µg/L",,"µg/L","1","2","3","4",
"2025-04-09","Vannmiljø_006-122028","Copper","Vm_2025","VannmiljøCopper2025","Aquatic","Freshwater","Stressor","Concentration","1","Fake ID","",1.2,"µg/L",1,"Not reported",,,,"µg/L",,"µg/L","1","2","3","4",
"2025-04-09","Vannmiljø_006-122028","Copper","Vm_2025","VannmiljøCopper2025","Aquatic","Freshwater","Stressor","Concentration","1","Fake ID","",1.5,"µg/L",1,"Not reported",,,,"µg/L",,"µg/L","1","2","3","4",
"2025-05-14","Vannmiljø_006-122028","Copper","Vm_2025","VannmiljøCopper2025","Aquatic","Freshwater","Stressor","Concentration","1","Fake ID","",0.53,"µg/L",1,"Not reported",,,,"µg/L",,"µg/L","1","2","3","4",
"2025-05-14","Vannmiljø_006-122028","Copper","Vm_2025","VannmiljøCopper2025","Aquatic","Freshwater","Stressor","Concentration","1","Fake ID","",0.45,"µg/L",1,"Not reported",,,,"µg/L",,"µg/L","1","2","3","4",
"2025-06-19","Vannmiljø_006-122029","Copper","Vm_2025","VannmiljøCopper2025","Aquatic","Freshwater","Stressor","Concentration","1","Fake ID","",0.38,"µg/L",1,"Not reported",,,,"µg/L",,"µg/L","1","2","3","4",
"2025-06-19","Vannmiljø_006-122029","Copper","Vm_2025","VannmiljøCopper2025","Aquatic","Freshwater","Stressor","Concentration","1","Fake ID","",0.34,"µg/L",1,"Not reported",,,,"µg/L",,"µg/L","1","2","3","4",
"2025-01-29","Vannmiljø_006-122029","Copper","Vm_2025","VannmiljøCopper2025","Aquatic","Freshwater","Stressor","Concentration","1","Fake ID","",0.29,"µg/L",1,"Not reported",,,,"µg/L",,"µg/L","1","2","3","4",
"2025-01-29","Vannmiljø_006-122029","Copper","Vm_2025","VannmiljøCopper2025","Aquatic","Freshwater","Stressor","Concentration","1","Fake ID","",0.29,"µg/L",1,"Not reported",,,,"µg/L",,"µg/L","1","2","3","4",
"2025-02-12","Vannmiljø_006-122029","Copper","Vm_2025","VannmiljøCopper2025","Aquatic","Freshwater","Stressor","Concentration","1","Fake ID","",0.73,"µg/L",1,"Not reported",,,,"µg/L",,"µg/L","1","2","3","4",
"2025-02-12","Vannmiljø_006-122029","Copper","Vm_2025","VannmiljøCopper2025","Aquatic","Freshwater","Stressor","Concentration","1","Fake ID","",0.7,"µg/L",1,"Not reported",,,,"µg/L",,"µg/L","1","2","3","4",
"2025-03-12","Vannmiljø_006-122029","Copper","Vm_2025","VannmiljøCopper2025","Aquatic","Freshwater","Stressor","Concentration","1","Fake ID","",0.39,"µg/L",1,"Not reported",,,,"µg/L",,"µg/L","1","2","3","4",
"2025-03-12","Vannmiljø_006-122029","Copper","Vm_2025","VannmiljøCopper2025","Aquatic","Freshwater","Stressor","Concentration","1","Fake ID","",0.29,"µg/L",1,"Not reported",,,,"µg/L",,"µg/L","1","2","3","4",
"2025-04-09","Vannmiljø_006-122029","Copper","Vm_2025","VannmiljøCopper2025","Aquatic","Freshwater","Stressor","Concentration","1","Fake ID","",0.56,"µg/L",1,"Not reported",,,,"µg/L",,"µg/L","1","2","3","4",
"2025-04-09","Vannmiljø_006-122029","Copper","Vm_2025","VannmiljøCopper2025","Aquatic","Freshwater","Stressor","Concentration","1","Fake ID","",0.55,"µg/L",1,"Not reported",,,,"µg/L",,"µg/L","1","2","3","4",
"2025-05-14","Vannmiljø_006-122029","Copper","Vm_2025","VannmiljøCopper2025","Aquatic","Freshwater","Stressor","Concentration","1","Fake ID","",0.32,"µg/L",1,"Not reported",,,,"µg/L",,"µg/L","1","2","3","4",
"2025-05-14","Vannmiljø_006-122029","Copper","Vm_2025","VannmiljøCopper2025","Aquatic","Freshwater","Stressor","Concentration","1","Fake ID","",0.31,"µg/L",1,"Not reported",,,,"µg/L",,"µg/L","1","2","3","4",
"2025-06-19","Vannmiljø_006-122030","Copper","Vm_2025","VannmiljøCopper2025","Aquatic","Freshwater","Stressor","Concentration","1","Fake ID","",0.34,"µg/L",1,"Not reported",,,,"µg/L",,"µg/L","1","2","3","4",
"2025-06-19","Vannmiljø_006-122030","Copper","Vm_2025","VannmiljøCopper2025","Aquatic","Freshwater","Stressor","Concentration","1","Fake ID","",0.32,"µg/L",1,"Not reported",,,,"µg/L",,"µg/L","1","2","3","4",
"2025-01-29","Vannmiljø_006-122030","Copper","Vm_2025","VannmiljøCopper2025","Aquatic","Freshwater","Stressor","Concentration","1","Fake ID","",0.23,"µg/L",1,"Not reported",,,,"µg/L",,"µg/L","1","2","3","4",
"2025-01-29","Vannmiljø_006-122030","Copper","Vm_2025","VannmiljøCopper2025","Aquatic","Freshwater","Stressor","Concentration","1","Fake ID","",0.2,"µg/L",1,"Not reported",,,,"µg/L",,"µg/L","1","2","3","4",
"2025-03-12","Vannmiljø_006-122030","Copper","Vm_2025","VannmiljøCopper2025","Aquatic","Freshwater","Stressor","Concentration","1","Fake ID","",0.3,"µg/L",1,"Not reported",,,,"µg/L",,"µg/L","1","2","3","4",
"2025-03-12","Vannmiljø_006-122030","Copper","Vm_2025","VannmiljøCopper2025","Aquatic","Freshwater","Stressor","Concentration","1","Fake ID","",0.29,"µg/L",1,"Not reported",,,,"µg/L",,"µg/L","1","2","3","4",
"2025-04-09","Vannmiljø_006-122030","Copper","Vm_2025","VannmiljøCopper2025","Aquatic","Freshwater","Stressor","Concentration","1","Fake ID","",0.52,"µg/L",1,"Not reported",,,,"µg/L",,"µg/L","1","2","3","4",
"2025-04-09","Vannmiljø_006-122030","Copper","Vm_2025","VannmiljøCopper2025","Aquatic","Freshwater","Stressor","Concentration","1","Fake ID","",0.5,"µg/L",1,"Not reported",,,,"µg/L",,"µg/L","1","2","3","4",
"2025-05-14","Vannmiljø_006-122030","Copper","Vm_2025","VannmiljøCopper2025","Aquatic","Freshwater","Stressor","Concentration","1","Fake ID","",0.36,"µg/L",1,"Not reported",,,,"µg/L",,"µg/L","1","2","3","4",
"2025-05-14","Vannmiljø_006-122030","Copper","Vm_2025","VannmiljøCopper2025","Aquatic","Freshwater","Stressor","Concentration","1","Fake ID","",0.33,"µg/L",1,"Not reported",,,,"µg/L",,"µg/L","1","2","3","4",
"2025-09-23","Vannmiljø_139-122153","Copper","Vm_2025","VannmiljøCopper2025","Aquatic","Freshwater","Stressor","Concentration","1","Fake ID","",31,"µg/L",1,"Not reported",,,,"µg/L",,"µg/L","1","2","3","4",
"2025-08-21","Vannmiljø_139-122153","Copper","Vm_2025","VannmiljøCopper2025","Aquatic","Freshwater","Stressor","Concentration","1","Fake ID","",45,"µg/L",1,"Not reported",,,,"µg/L",,"µg/L","1","2","3","4",
"2025-05-06","Vannmiljø_122-122272","Copper","Vm_2025","VannmiljøCopper2025","Aquatic","Freshwater","Stressor","Concentration","1","Fake ID","< LOQ",0.5,"µg/L",1,"Not reported",,,,"µg/L",,"µg/L","1","2","3","4",
"2025-05-06","Vannmiljø_122-122273","Copper","Vm_2025","VannmiljøCopper2025","Aquatic","Freshwater","Stressor","Concentration","1","Fake ID","< LOQ",0.5,"µg/L",1,"Not reported",,,,"µg/L",,"µg/L","1","2","3","4",
"2025-02-19","Vannmiljø_028-122372","Copper","Vm_2025","VannmiljøCopper2025","Aquatic","Freshwater","Stressor","Concentration","1","Fake ID","",0.53,"µg/L",1,"Not reported",,,,"µg/L",,"µg/L","1","2","3","4",
"2025-02-24","Vannmiljø_028-122372","Copper","Vm_2025","VannmiljøCopper2025","Aquatic","Freshwater","Stressor","Concentration","1","Fake ID","",2,"µg/L",1,"Not reported",,,,"µg/L",,"µg/L","1","2","3","4",
"2025-02-19","Vannmiljø_028-122373","Copper","Vm_2025","VannmiljøCopper2025","Aquatic","Freshwater","Stressor","Concentration","1","Fake ID","",0.73,"µg/L",1,"Not reported",,,,"µg/L",,"µg/L","1","2","3","4",
"2025-02-24","Vannmiljø_028-122373","Copper","Vm_2025","VannmiljøCopper2025","Aquatic","Freshwater","Stressor","Concentration","1","Fake ID","",1.7,"µg/L",1,"Not reported",,,,"µg/L",,"µg/L","1","2","3","4",
"2025-02-18","Vannmiljø_028-122392","Copper","Vm_2025","VannmiljøCopper2025","Aquatic","Freshwater","Stressor","Concentration","1","Fake ID","",0.36,"µg/L",1,"Not reported",,,,"µg/L",,"µg/L","1","2","3","4",
"2025-02-18","Vannmiljø_028-122393","Copper","Vm_2025","VannmiljøCopper2025","Aquatic","Freshwater","Stressor","Concentration","1","Fake ID","",0.3,"µg/L",1,"Not reported",,,,"µg/L",,"µg/L","1","2","3","4",
"2025-02-19","Vannmiljø_028-122399","Copper","Vm_2025","VannmiljøCopper2025","Aquatic","Freshwater","Stressor","Concentration","1","Fake ID","",1.8,"µg/L",1,"Not reported",,,,"µg/L",,"µg/L","1","2","3","4",
"2025-02-19","Vannmiljø_028-122400","Copper","Vm_2025","VannmiljøCopper2025","Aquatic","Freshwater","Stressor","Concentration","1","Fake ID","",1.2,"µg/L",1,"Not reported",,,,"µg/L",,"µg/L","1","2","3","4",
"2025-02-27","Vannmiljø_018-122473","Copper","Vm_2025","VannmiljøCopper2025","Aquatic","Freshwater","Stressor","Concentration","1","Fake ID","",0.48,"µg/L",1,"Not reported",,,,"µg/L",,"µg/L","1","2","3","4",
"2025-03-13","Vannmiljø_018-122473","Copper","Vm_2025","VannmiljøCopper2025","Aquatic","Freshwater","Stressor","Concentration","1","Fake ID","",0.46,"µg/L",1,"Not reported",,,,"µg/L",,"µg/L","1","2","3","4",
"2025-03-31","Vannmiljø_018-122473","Copper","Vm_2025","VannmiljøCopper2025","Aquatic","Freshwater","Stressor","Concentration","1","Fake ID","",0.46,"µg/L",1,"Not reported",,,,"µg/L",,"µg/L","1","2","3","4",
"2025-04-10","Vannmiljø_018-122473","Copper","Vm_2025","VannmiljøCopper2025","Aquatic","Freshwater","Stressor","Concentration","1","Fake ID","",0.43,"µg/L",1,"Not reported",,,,"µg/L",,"µg/L","1","2","3","4",
"2025-04-24","Vannmiljø_018-122473","Copper","Vm_2025","VannmiljøCopper2025","Aquatic","Freshwater","Stressor","Concentration","1","Fake ID","",0.47,"µg/L",1,"Not reported",,,,"µg/L",,"µg/L","1","2","3","4",
"2025-05-14","Vannmiljø_018-122473","Copper","Vm_2025","VannmiljøCopper2025","Aquatic","Freshwater","Stressor","Concentration","1","Fake ID","",0.56,"µg/L",1,"Not reported",,,,"µg/L",,"µg/L","1","2","3","4",
"2025-06-12","Vannmiljø_018-122473","Copper","Vm_2025","VannmiljøCopper2025","Aquatic","Freshwater","Stressor","Concentration","1","Fake ID","",0.52,"µg/L",1,"Not reported",,,,"µg/L",,"µg/L","1","2","3","4",
"2025-02-27","Vannmiljø_018-122474","Copper","Vm_2025","VannmiljøCopper2025","Aquatic","Freshwater","Stressor","Concentration","1","Fake ID","",0.56,"µg/L",1,"Not reported",,,,"µg/L",,"µg/L","1","2","3","4",
"2025-03-13","Vannmiljø_018-122474","Copper","Vm_2025","VannmiljøCopper2025","Aquatic","Freshwater","Stressor","Concentration","1","Fake ID","",0.73,"µg/L",1,"Not reported",,,,"µg/L",,"µg/L","1","2","3","4",
"2025-03-31","Vannmiljø_018-122474","Copper","Vm_2025","VannmiljøCopper2025","Aquatic","Freshwater","Stressor","Concentration","1","Fake ID","",0.56,"µg/L",1,"Not reported",,,,"µg/L",,"µg/L","1","2","3","4",
"2025-04-10","Vannmiljø_018-122474","Copper","Vm_2025","VannmiljøCopper2025","Aquatic","Freshwater","Stressor","Concentration","1","Fake ID","",2,"µg/L",1,"Not reported",,,,"µg/L",,"µg/L","1","2","3","4",
"2025-04-24","Vannmiljø_018-122474","Copper","Vm_2025","VannmiljøCopper2025","Aquatic","Freshwater","Stressor","Concentration","1","Fake ID","",3,"µg/L",1,"Not reported",,,,"µg/L",,"µg/L","1","2","3","4",
"2025-05-14","Vannmiljø_018-122474","Copper","Vm_2025","VannmiljøCopper2025","Aquatic","Freshwater","Stressor","Concentration","1","Fake ID","",1.6,"µg/L",1,"Not reported",,,,"µg/L",,"µg/L","1","2","3","4",
"2025-06-12","Vannmiljø_018-122474","Copper","Vm_2025","VannmiljøCopper2025","Aquatic","Freshwater","Stressor","Concentration","1","Fake ID","",0.95,"µg/L",1,"Not reported",,,,"µg/L",,"µg/L","1","2","3","4",
"2025-07-03","Vannmiljø_018-122474","Copper","Vm_2025","VannmiljøCopper2025","Aquatic","Freshwater","Stressor","Concentration","1","Fake ID","",1.2,"µg/L",1,"Not reported",,,,"µg/L",,"µg/L","1","2","3","4",
"2025-02-25","Vannmiljø_122-122601","Copper","Vm_2025","VannmiljøCopper2025","Aquatic","Freshwater","Stressor","Concentration","1","Fake ID","",1.9,"µg/L",1,"Not reported",,,1,"µg/L",,"µg/L","1","2","3","4","ICP-SFMS Waste water after digestion"
"2025-04-08","Vannmiljø_122-122601","Copper","Vm_2025","VannmiljøCopper2025","Aquatic","Freshwater","Stressor","Concentration","1","Fake ID","",1.41,"µg/L",1,"Not reported",,,1,"µg/L",,"µg/L","1","2","3","4","ICP-SFMS Waste water after digestion"
"2025-04-02","Vannmiljø_122-122601","Copper","Vm_2025","VannmiljøCopper2025","Aquatic","Freshwater","Stressor","Concentration","1","Fake ID","",1.17,"µg/L",1,"Not reported",,,1,"µg/L",,"µg/L","1","2","3","4","ICP-SFMS Waste water after digestion"
"2025-02-25","Vannmiljø_122-122602","Copper","Vm_2025","VannmiljøCopper2025","Aquatic","Freshwater","Stressor","Concentration","1","Fake ID","< LOQ",1,"µg/L",1,"Not reported",,,1,"µg/L",,"µg/L","1","2","3","4","ICP-SFMS Waste water after digestion"
"2025-04-08","Vannmiljø_122-122602","Copper","Vm_2025","VannmiljøCopper2025","Aquatic","Freshwater","Stressor","Concentration","1","Fake ID","< LOQ",1,"µg/L",1,"Not reported",,,1,"µg/L",,"µg/L","1","2","3","4","ICP-SFMS Waste water after digestion"
"2025-04-02","Vannmiljø_122-122602","Copper","Vm_2025","VannmiljøCopper2025","Aquatic","Freshwater","Stressor","Concentration","1","Fake ID","",1.32,"µg/L",1,"Not reported",,,1,"µg/L",,"µg/L","1","2","3","4","ICP-SFMS Waste water after digestion"
"2025-02-19","Vannmiljø_122-122603","Copper","Vm_2025","VannmiljøCopper2025","Aquatic","Freshwater","Stressor","Concentration","1","Fake ID","",1.46,"µg/L",1,"Not reported",,,1,"µg/L",,"µg/L","1","2","3","4","ICP-SFMS Waste water after digestion"
"2025-04-08","Vannmiljø_122-122603","Copper","Vm_2025","VannmiljøCopper2025","Aquatic","Freshwater","Stressor","Concentration","1","Fake ID","",1.86,"µg/L",1,"Not reported",,,1,"µg/L",,"µg/L","1","2","3","4","ICP-SFMS Waste water after digestion"
"2025-04-02","Vannmiljø_122-122603","Copper","Vm_2025","VannmiljøCopper2025","Aquatic","Freshwater","Stressor","Concentration","1","Fake ID","",1.64,"µg/L",1,"Not reported",,,1,"µg/L",,"µg/L","1","2","3","4","ICP-SFMS Waste water after digestion"
"2025-04-24","Vannmiljø_018-122884","Copper","Vm_2025","VannmiljøCopper2025","Aquatic","Freshwater","Stressor","Concentration","1","Fake ID","",1.6,"µg/L",1,"Not reported",,,,"µg/L",,"µg/L","1","2","3","4",
"2025-05-14","Vannmiljø_018-122884","Copper","Vm_2025","VannmiljøCopper2025","Aquatic","Freshwater","Stressor","Concentration","1","Fake ID","",1.7,"µg/L",1,"Not reported",,,,"µg/L",,"µg/L","1","2","3","4",
"2025-06-12","Vannmiljø_018-122884","Copper","Vm_2025","VannmiljøCopper2025","Aquatic","Freshwater","Stressor","Concentration","1","Fake ID","",2.3,"µg/L",1,"Not reported",,,,"µg/L",,"µg/L","1","2","3","4",
"2025-07-03","Vannmiljø_018-122884","Copper","Vm_2025","VannmiljøCopper2025","Aquatic","Freshwater","Stressor","Concentration","1","Fake ID","",1.5,"µg/L",1,"Not reported",,,,"µg/L",,"µg/L","1","2","3","4",
"2025-04-03","Vannmiljø_101-122933","Copper","Vm_2025","VannmiljøCopper2025","Aquatic","Freshwater","Stressor","Concentration","1","Fake ID","< LOQ",0.5,"µg/L",1,"Not reported",,,,"µg/L",,"µg/L","1","2","3","4",
"2025-04-09","Vannmiljø_101-122933","Copper","Vm_2025","VannmiljøCopper2025","Aquatic","Freshwater","Stressor","Concentration","1","Fake ID","< LOQ",0.5,"µg/L",1,"Not reported",,,,"µg/L",,"µg/L","1","2","3","4",
"2025-03-13","Vannmiljø_101-122933","Copper","Vm_2025","VannmiljøCopper2025","Aquatic","Freshwater","Stressor","Concentration","1","Fake ID","< LOQ",0.5,"µg/L",1,"Not reported",,,,"µg/L",,"µg/L","1","2","3","4",
"2025-02-27","Vannmiljø_101-122933","Copper","Vm_2025","VannmiljøCopper2025","Aquatic","Freshwater","Stressor","Concentration","1","Fake ID","< LOQ",0.5,"µg/L",1,"Not reported",,,,"µg/L",,"µg/L","1","2","3","4",
"2025-01-23","Vannmiljø_101-122933","Copper","Vm_2025","VannmiljøCopper2025","Aquatic","Freshwater","Stressor","Concentration","1","Fake ID","< LOQ",0.5,"µg/L",1,"Not reported",,,,"µg/L",,"µg/L","1","2","3","4",
"2025-04-30","Vannmiljø_101-122933","Copper","Vm_2025","VannmiljøCopper2025","Aquatic","Freshwater","Stressor","Concentration","1","Fake ID","< LOQ",0.5,"µg/L",1,"Not reported",,,,"µg/L",,"µg/L","1","2","3","4",
"2025-05-22","Vannmiljø_101-122933","Copper","Vm_2025","VannmiljøCopper2025","Aquatic","Freshwater","Stressor","Concentration","1","Fake ID","< LOQ",0.5,"µg/L",1,"Not reported",,,,"µg/L",,"µg/L","1","2","3","4",
"2025-06-11","Vannmiljø_101-122933","Copper","Vm_2025","VannmiljøCopper2025","Aquatic","Freshwater","Stressor","Concentration","1","Fake ID","< LOQ",0.5,"µg/L",1,"Not reported",,,,"µg/L",,"µg/L","1","2","3","4","101-122940"
"2025-08-14","Vannmiljø_101-122933","Copper","Vm_2025","VannmiljøCopper2025","Aquatic","Freshwater","Stressor","Concentration","1","Fake ID","< LOQ",0.5,"µg/L",1,"Not reported",,,,"µg/L",,"µg/L","1","2","3","4",
"2025-09-10","Vannmiljø_101-122933","Copper","Vm_2025","VannmiljøCopper2025","Aquatic","Freshwater","Stressor","Concentration","1","Fake ID","< LOQ",0.5,"µg/L",1,"Not reported",,,,"µg/L",,"µg/L","1","2","3","4",
"2025-04-09","Vannmiljø_101-122935","Copper","Vm_2025","VannmiljøCopper2025","Aquatic","Freshwater","Stressor","Concentration","1","Fake ID","< LOQ",0.5,"µg/L",1,"Not reported",,,,"µg/L",,"µg/L","1","2","3","4",
"2025-03-13","Vannmiljø_101-122935","Copper","Vm_2025","VannmiljøCopper2025","Aquatic","Freshwater","Stressor","Concentration","1","Fake ID","< LOQ",0.5,"µg/L",1,"Not reported",,,,"µg/L",,"µg/L","1","2","3","4",
"2025-02-13","Vannmiljø_101-122935","Copper","Vm_2025","VannmiljøCopper2025","Aquatic","Freshwater","Stressor","Concentration","1","Fake ID","",5.3,"µg/L",1,"Not reported",,,,"µg/L",,"µg/L","1","2","3","4",
"2025-01-23","Vannmiljø_101-122935","Copper","Vm_2025","VannmiljøCopper2025","Aquatic","Freshwater","Stressor","Concentration","1","Fake ID","< LOQ",0.5,"µg/L",1,"Not reported",,,,"µg/L",,"µg/L","1","2","3","4",
"2025-05-22","Vannmiljø_101-122935","Copper","Vm_2025","VannmiljøCopper2025","Aquatic","Freshwater","Stressor","Concentration","1","Fake ID","< LOQ",0.5,"µg/L",1,"Not reported",,,,"µg/L",,"µg/L","1","2","3","4",
"2025-06-11","Vannmiljø_101-122935","Copper","Vm_2025","VannmiljøCopper2025","Aquatic","Freshwater","Stressor","Concentration","1","Fake ID","< LOQ",0.5,"µg/L",1,"Not reported",,,,"µg/L",,"µg/L","1","2","3","4",
"2025-08-14","Vannmiljø_101-122935","Copper","Vm_2025","VannmiljøCopper2025","Aquatic","Freshwater","Stressor","Concentration","1","Fake ID","< LOQ",0.5,"µg/L",1,"Not reported",,,,"µg/L",,"µg/L","1","2","3","4","101-122933"
"2025-09-10","Vannmiljø_101-122935","Copper","Vm_2025","VannmiljøCopper2025","Aquatic","Freshwater","Stressor","Concentration","1","Fake ID","< LOQ",0.5,"µg/L",1,"Not reported",,,,"µg/L",,"µg/L","1","2","3","4",
"2025-01-14","Vannmiljø_012-122936","Copper","Vm_2025","VannmiljøCopper2025","Aquatic","Freshwater","Stressor","Concentration","1","Fake ID","",1.1,"µg/L",1,"Not reported",,,,"µg/L",,"µg/L","1","2","3","4",
"2025-01-14","Vannmiljø_012-122936","Copper","Vm_2025","VannmiljøCopper2025","Aquatic","Freshwater","Stressor","Concentration","1","Fake ID","",0.96,"µg/L",1,"Not reported",,,,"µg/L",,"µg/L","1","2","3","4",
"2025-02-13","Vannmiljø_012-122936","Copper","Vm_2025","VannmiljøCopper2025","Aquatic","Freshwater","Stressor","Concentration","1","Fake ID","",1.5,"µg/L",1,"Not reported",,,,"µg/L",,"µg/L","1","2","3","4",
"2025-02-13","Vannmiljø_012-122936","Copper","Vm_2025","VannmiljøCopper2025","Aquatic","Freshwater","Stressor","Concentration","1","Fake ID","",1.5,"µg/L",1,"Not reported",,,,"µg/L",,"µg/L","1","2","3","4",
"2025-03-17","Vannmiljø_012-122936","Copper","Vm_2025","VannmiljøCopper2025","Aquatic","Freshwater","Stressor","Concentration","1","Fake ID","",1.1,"µg/L",1,"Not reported",,,,"µg/L",,"µg/L","1","2","3","4",
"2025-04-22","Vannmiljø_012-122936","Copper","Vm_2025","VannmiljøCopper2025","Aquatic","Freshwater","Stressor","Concentration","1","Fake ID","",1.2,"µg/L",1,"Not reported",,,,"µg/L",,"µg/L","1","2","3","4",
"2025-05-28","Vannmiljø_012-122936","Copper","Vm_2025","VannmiljøCopper2025","Aquatic","Freshwater","Stressor","Concentration","1","Fake ID","",2.7,"µg/L",1,"Not reported",,,,"µg/L",,"µg/L","1","2","3","4",
"2025-06-19","Vannmiljø_012-122936","Copper","Vm_2025","VannmiljøCopper2025","Aquatic","Freshwater","Stressor","Concentration","1","Fake ID","",0.78,"µg/L",1,"Not reported",,,,"µg/L",,"µg/L","1","2","3","4",
"2025-07-02","Vannmiljø_012-122936","Copper","Vm_2025","VannmiljøCopper2025","Aquatic","Freshwater","Stressor","Concentration","1","Fake ID","",0.91,"µg/L",1,"Not reported",,,,"µg/L",,"µg/L","1","2","3","4",
"2025-08-15","Vannmiljø_012-122936","Copper","Vm_2025","VannmiljøCopper2025","Aquatic","Freshwater","Stressor","Concentration","1","Fake ID","",1.1,"µg/L",1,"Not reported",,,,"µg/L",,"µg/L","1","2","3","4",
"2025-09-23","Vannmiljø_012-122936","Copper","Vm_2025","VannmiljøCopper2025","Aquatic","Freshwater","Stressor","Concentration","1","Fake ID","",2.9,"µg/L",1,"Not reported",,,,"µg/L",,"µg/L","1","2","3","4",
"2025-01-14","Vannmiljø_012-122937","Copper","Vm_2025","VannmiljøCopper2025","Aquatic","Freshwater","Stressor","Concentration","1","Fake ID","",1.1,"µg/L",1,"Not reported",,,,"µg/L",,"µg/L","1","2","3","4",
"2025-01-14","Vannmiljø_012-122937","Copper","Vm_2025","VannmiljøCopper2025","Aquatic","Freshwater","Stressor","Concentration","1","Fake ID","",0.96,"µg/L",1,"Not reported",,,,"µg/L",,"µg/L","1","2","3","4",
"2025-02-13","Vannmiljø_012-122937","Copper","Vm_2025","VannmiljøCopper2025","Aquatic","Freshwater","Stressor","Concentration","1","Fake ID","",1.2,"µg/L",1,"Not reported",,,,"µg/L",,"µg/L","1","2","3","4",
"2025-02-13","Vannmiljø_012-122937","Copper","Vm_2025","VannmiljøCopper2025","Aquatic","Freshwater","Stressor","Concentration","1","Fake ID","",1.1,"µg/L",1,"Not reported",,,,"µg/L",,"µg/L","1","2","3","4",
"2025-03-17","Vannmiljø_012-122937","Copper","Vm_2025","VannmiljøCopper2025","Aquatic","Freshwater","Stressor","Concentration","1","Fake ID","",1.4,"µg/L",1,"Not reported",,,,"µg/L",,"µg/L","1","2","3","4",
"2025-04-22","Vannmiljø_012-122937","Copper","Vm_2025","VannmiljøCopper2025","Aquatic","Freshwater","Stressor","Concentration","1","Fake ID","",1.5,"µg/L",1,"Not reported",,,,"µg/L",,"µg/L","1","2","3","4",
"2025-05-28","Vannmiljø_012-122937","Copper","Vm_2025","VannmiljøCopper2025","Aquatic","Freshwater","Stressor","Concentration","1","Fake ID","",1.3,"µg/L",1,"Not reported",,,,"µg/L",,"µg/L","1","2","3","4",
"2025-06-19","Vannmiljø_012-122937","Copper","Vm_2025","VannmiljøCopper2025","Aquatic","Freshwater","Stressor","Concentration","1","Fake ID","",1.5,"µg/L",1,"Not reported",,,,"µg/L",,"µg/L","1","2","3","4",
"2025-07-02","Vannmiljø_012-122937","Copper","Vm_2025","VannmiljøCopper2025","Aquatic","Freshwater","Stressor","Concentration","1","Fake ID","",1.1,"µg/L",1,"Not reported",,,,"µg/L",,"µg/L","1","2","3","4",
"2025-08-15","Vannmiljø_012-122937","Copper","Vm_2025","VannmiljøCopper2025","Aquatic","Freshwater","Stressor","Concentration","1","Fake ID","",3.4,"µg/L",1,"Not reported",,,,"µg/L",,"µg/L","1","2","3","4",
"2025-09-23","Vannmiljø_012-122937","Copper","Vm_2025","VannmiljøCopper2025","Aquatic","Freshwater","Stressor","Concentration","1","Fake ID","",7.2,"µg/L",1,"Not reported",,,,"µg/L",,"µg/L","1","2","3","4",
"2025-04-09","Vannmiljø_101-122938","Copper","Vm_2025","VannmiljøCopper2025","Aquatic","Freshwater","Stressor","Concentration","1","Fake ID","< LOQ",0.5,"µg/L",1,"Not reported",,,,"µg/L",,"µg/L","1","2","3","4",
"2025-03-13","Vannmiljø_101-122938","Copper","Vm_2025","VannmiljøCopper2025","Aquatic","Freshwater","Stressor","Concentration","1","Fake ID","< LOQ",0.5,"µg/L",1,"Not reported",,,,"µg/L",,"µg/L","1","2","3","4",
"2025-02-13","Vannmiljø_101-122938","Copper","Vm_2025","VannmiljøCopper2025","Aquatic","Freshwater","Stressor","Concentration","1","Fake ID","< LOQ",0.5,"µg/L",1,"Not reported",,,,"µg/L",,"µg/L","1","2","3","4",
"2025-01-23","Vannmiljø_101-122938","Copper","Vm_2025","VannmiljøCopper2025","Aquatic","Freshwater","Stressor","Concentration","1","Fake ID","< LOQ",0.5,"µg/L",1,"Not reported",,,,"µg/L",,"µg/L","1","2","3","4",
"2025-05-22","Vannmiljø_101-122938","Copper","Vm_2025","VannmiljøCopper2025","Aquatic","Freshwater","Stressor","Concentration","1","Fake ID","< LOQ",0.5,"µg/L",1,"Not reported",,,,"µg/L",,"µg/L","1","2","3","4",
"2025-06-11","Vannmiljø_101-122938","Copper","Vm_2025","VannmiljøCopper2025","Aquatic","Freshwater","Stressor","Concentration","1","Fake ID","",1.9,"µg/L",1,"Not reported",,,,"µg/L",,"µg/L","1","2","3","4",
"2025-08-14","Vannmiljø_101-122938","Copper","Vm_2025","VannmiljøCopper2025","Aquatic","Freshwater","Stressor","Concentration","1","Fake ID","< LOQ",0.5,"µg/L",1,"Not reported",,,,"µg/L",,"µg/L","1","2","3","4","101-122935"
"2025-09-10","Vannmiljø_101-122938","Copper","Vm_2025","VannmiljøCopper2025","Aquatic","Freshwater","Stressor","Concentration","1","Fake ID","< LOQ",0.5,"µg/L",1,"Not reported",,,,"µg/L",,"µg/L","1","2","3","4",
"2025-04-09","Vannmiljø_101-122939","Copper","Vm_2025","VannmiljøCopper2025","Aquatic","Freshwater","Stressor","Concentration","1","Fake ID","< LOQ",0.5,"µg/L",1,"Not reported",,,,"µg/L",,"µg/L","1","2","3","4",
"2025-03-13","Vannmiljø_101-122939","Copper","Vm_2025","VannmiljøCopper2025","Aquatic","Freshwater","Stressor","Concentration","1","Fake ID","< LOQ",0.5,"µg/L",1,"Not reported",,,,"µg/L",,"µg/L","1","2","3","4",
"2025-02-13","Vannmiljø_101-122939","Copper","Vm_2025","VannmiljøCopper2025","Aquatic","Freshwater","Stressor","Concentration","1","Fake ID","< LOQ",0.5,"µg/L",1,"Not reported",,,,"µg/L",,"µg/L","1","2","3","4",
"2025-01-23","Vannmiljø_101-122939","Copper","Vm_2025","VannmiljøCopper2025","Aquatic","Freshwater","Stressor","Concentration","1","Fake ID","",0.6,"µg/L",1,"Not reported",,,,"µg/L",,"µg/L","1","2","3","4",
"2025-05-22","Vannmiljø_101-122939","Copper","Vm_2025","VannmiljøCopper2025","Aquatic","Freshwater","Stressor","Concentration","1","Fake ID","< LOQ",0.5,"µg/L",1,"Not reported",,,,"µg/L",,"µg/L","1","2","3","4",
"2025-06-11","Vannmiljø_101-122939","Copper","Vm_2025","VannmiljøCopper2025","Aquatic","Freshwater","Stressor","Concentration","1","Fake ID","",0.63,"µg/L",1,"Not reported",,,,"µg/L",,"µg/L","1","2","3","4",
"2025-08-14","Vannmiljø_101-122939","Copper","Vm_2025","VannmiljøCopper2025","Aquatic","Freshwater","Stressor","Concentration","1","Fake ID","< LOQ",0.5,"µg/L",1,"Not reported",,,,"µg/L",,"µg/L","1","2","3","4","101-122938"
"2025-09-10","Vannmiljø_101-122939","Copper","Vm_2025","VannmiljøCopper2025","Aquatic","Freshwater","Stressor","Concentration","1","Fake ID","< LOQ",0.5,"µg/L",1,"Not reported",,,,"µg/L",,"µg/L","1","2","3","4",
"2025-04-09","Vannmiljø_101-122940","Copper","Vm_2025","VannmiljøCopper2025","Aquatic","Freshwater","Stressor","Concentration","1","Fake ID","",0.53,"µg/L",1,"Not reported",,,,"µg/L",,"µg/L","1","2","3","4",
"2025-03-13","Vannmiljø_101-122940","Copper","Vm_2025","VannmiljøCopper2025","Aquatic","Freshwater","Stressor","Concentration","1","Fake ID","< LOQ",0.5,"µg/L",1,"Not reported",,,,"µg/L",,"µg/L","1","2","3","4",
"2025-02-13","Vannmiljø_101-122940","Copper","Vm_2025","VannmiljøCopper2025","Aquatic","Freshwater","Stressor","Concentration","1","Fake ID","< LOQ",0.5,"µg/L",1,"Not reported",,,,"µg/L",,"µg/L","1","2","3","4",
"2025-01-23","Vannmiljø_101-122940","Copper","Vm_2025","VannmiljøCopper2025","Aquatic","Freshwater","Stressor","Concentration","1","Fake ID","< LOQ",0.5,"µg/L",1,"Not reported",,,,"µg/L",,"µg/L","1","2","3","4",
"2025-05-22","Vannmiljø_101-122940","Copper","Vm_2025","VannmiljøCopper2025","Aquatic","Freshwater","Stressor","Concentration","1","Fake ID","< LOQ",0.5,"µg/L",1,"Not reported",,,,"µg/L",,"µg/L","1","2","3","4",
"2025-06-11","Vannmiljø_101-122940","Copper","Vm_2025","VannmiljøCopper2025","Aquatic","Freshwater","Stressor","Concentration","1","Fake ID","",0.84,"µg/L",1,"Not reported",,,,"µg/L",,"µg/L","1","2","3","4",
"2025-08-14","Vannmiljø_101-122940","Copper","Vm_2025","VannmiljøCopper2025","Aquatic","Freshwater","Stressor","Concentration","1","Fake ID","",0.74,"µg/L",1,"Not reported",,,,"µg/L",,"µg/L","1","2","3","4","101-122939"
"2025-09-10","Vannmiljø_101-122940","Copper","Vm_2025","VannmiljøCopper2025","Aquatic","Freshwater","Stressor","Concentration","1","Fake ID","",0.44,"µg/L",1,"Not reported",,,,"µg/L",,"µg/L","1","2","3","4",
"2025-05-22","Vannmiljø_101-122941","Copper","Vm_2025","VannmiljøCopper2025","Aquatic","Freshwater","Stressor","Concentration","1","Fake ID","",0.61,"µg/L",1,"Not reported",,,,"µg/L",,"µg/L","1","2","3","4",
"2025-02-27","Vannmiljø_101-122946","Copper","Vm_2025","VannmiljøCopper2025","Aquatic","Freshwater","Stressor","Concentration","1","Fake ID","",0.75,"µg/L",1,"Not reported",,,,"µg/L",,"µg/L","1","2","3","4",
"2025-03-06","Vannmiljø_061-122967","Copper","Vm_2025","VannmiljøCopper2025","Aquatic","Freshwater","Stressor","Concentration","1","Fake ID","",0.32,"µg/L",1,"Not reported",,,0.05,"µg/L",,"µg/L","1","2","3","4",
"2025-03-06","Vannmiljø_061-122967","Copper","Vm_2025","VannmiljøCopper2025","Aquatic","Freshwater","Stressor","Concentration","1","Fake ID","< LOQ",0.5,"µg/L",1,"Not reported",,,0.5,"µg/L",,"µg/L","1","2","3","4",
"2025-04-02","Vannmiljø_061-122967","Copper","Vm_2025","VannmiljøCopper2025","Aquatic","Freshwater","Stressor","Concentration","1","Fake ID","",0.74,"µg/L",1,"Not reported",,,0.05,"µg/L",,"µg/L","1","2","3","4",
"2025-03-06","Vannmiljø_061-122969","Copper","Vm_2025","VannmiljøCopper2025","Aquatic","Freshwater","Stressor","Concentration","1","Fake ID","",0.61,"µg/L",1,"Not reported",,,0.05,"µg/L",,"µg/L","1","2","3","4",
"2025-03-06","Vannmiljø_061-122969","Copper","Vm_2025","VannmiljøCopper2025","Aquatic","Freshwater","Stressor","Concentration","1","Fake ID","",0.66,"µg/L",1,"Not reported",,,0.5,"µg/L",,"µg/L","1","2","3","4",
"2025-04-02","Vannmiljø_061-122969","Copper","Vm_2025","VannmiljøCopper2025","Aquatic","Freshwater","Stressor","Concentration","1","Fake ID","",0.69,"µg/L",1,"Not reported",,,0.05,"µg/L",,"µg/L","1","2","3","4",
"2025-01-14","Vannmiljø_012-122970","Copper","Vm_2025","VannmiljøCopper2025","Aquatic","Freshwater","Stressor","Concentration","1","Fake ID","",0.95,"µg/L",1,"Not reported",,,,"µg/L",,"µg/L","1","2","3","4",
"2025-01-14","Vannmiljø_012-122970","Copper","Vm_2025","VannmiljøCopper2025","Aquatic","Freshwater","Stressor","Concentration","1","Fake ID","",0.75,"µg/L",1,"Not reported",,,,"µg/L",,"µg/L","1","2","3","4",
"2025-02-13","Vannmiljø_012-122970","Copper","Vm_2025","VannmiljøCopper2025","Aquatic","Freshwater","Stressor","Concentration","1","Fake ID","",2.6,"µg/L",1,"Not reported",,,,"µg/L",,"µg/L","1","2","3","4",
"2025-02-13","Vannmiljø_012-122970","Copper","Vm_2025","VannmiljøCopper2025","Aquatic","Freshwater","Stressor","Concentration","1","Fake ID","",2.6,"µg/L",1,"Not reported",,,,"µg/L",,"µg/L","1","2","3","4",
"2025-03-17","Vannmiljø_012-122970","Copper","Vm_2025","VannmiljøCopper2025","Aquatic","Freshwater","Stressor","Concentration","1","Fake ID","",1.5,"µg/L",1,"Not reported",,,,"µg/L",,"µg/L","1","2","3","4",
"2025-04-22","Vannmiljø_012-122970","Copper","Vm_2025","VannmiljøCopper2025","Aquatic","Freshwater","Stressor","Concentration","1","Fake ID","",1,"µg/L",1,"Not reported",,,,"µg/L",,"µg/L","1","2","3","4",
"2025-05-28","Vannmiljø_012-122970","Copper","Vm_2025","VannmiljøCopper2025","Aquatic","Freshwater","Stressor","Concentration","1","Fake ID","",1.3,"µg/L",1,"Not reported",,,,"µg/L",,"µg/L","1","2","3","4",
"2025-06-19","Vannmiljø_012-122970","Copper","Vm_2025","VannmiljøCopper2025","Aquatic","Freshwater","Stressor","Concentration","1","Fake ID","",1.2,"µg/L",1,"Not reported",,,,"µg/L",,"µg/L","1","2","3","4",
"2025-07-02","Vannmiljø_012-122970","Copper","Vm_2025","VannmiljøCopper2025","Aquatic","Freshwater","Stressor","Concentration","1","Fake ID","",0.96,"µg/L",1,"Not reported",,,,"µg/L",,"µg/L","1","2","3","4",
"2025-08-15","Vannmiljø_012-122970","Copper","Vm_2025","VannmiljøCopper2025","Aquatic","Freshwater","Stressor","Concentration","1","Fake ID","",1.6,"µg/L",1,"Not reported",,,,"µg/L",,"µg/L","1","2","3","4",
"2025-09-23","Vannmiljø_012-122970","Copper","Vm_2025","VannmiljøCopper2025","Aquatic","Freshwater","Stressor","Concentration","1","Fake ID","",4.1,"µg/L",1,"Not reported",,,,"µg/L",,"µg/L","1","2","3","4",
"2025-01-16","Vannmiljø_056-123009","Copper","Vm_2025","VannmiljøCopper2025","Aquatic","Freshwater","Stressor","Concentration","1","Fake ID","",0.43,"µg/L",1,"Not reported",,,,"µg/L",,"µg/L","1","2","3","4",
"2025-02-20","Vannmiljø_056-123009","Copper","Vm_2025","VannmiljøCopper2025","Aquatic","Freshwater","Stressor","Concentration","1","Fake ID","",0.25,"µg/L",1,"Not reported",,,,"µg/L",,"µg/L","1","2","3","4",
"2025-01-22","Vannmiljø_002-123016","Copper","Vm_2025","VannmiljøCopper2025","Aquatic","Freshwater","Stressor","Concentration","1","Fake ID","",0.75,"µg/L",1,"Not reported",,,,"µg/L",,"µg/L","1","2","3","4",
"2025-01-22","Vannmiljø_002-123016","Copper","Vm_2025","VannmiljøCopper2025","Aquatic","Freshwater","Stressor","Concentration","1","Fake ID","",1,"µg/L",1,"Not reported",,,,"µg/L",,"µg/L","1","2","3","4",
"2025-02-24","Vannmiljø_002-123016","Copper","Vm_2025","VannmiljøCopper2025","Aquatic","Freshwater","Stressor","Concentration","1","Fake ID","",1.7,"µg/L",1,"Not reported",,,,"µg/L",,"µg/L","1","2","3","4",
"2025-02-24","Vannmiljø_002-123016","Copper","Vm_2025","VannmiljøCopper2025","Aquatic","Freshwater","Stressor","Concentration","1","Fake ID","",2.8,"µg/L",1,"Not reported",,,,"µg/L",,"µg/L","1","2","3","4",
"2025-03-13","Vannmiljø_002-123016","Copper","Vm_2025","VannmiljøCopper2025","Aquatic","Freshwater","Stressor","Concentration","1","Fake ID","",2.7,"µg/L",1,"Not reported",,,,"µg/L",,"µg/L","1","2","3","4",
"2025-03-13","Vannmiljø_002-123016","Copper","Vm_2025","VannmiljøCopper2025","Aquatic","Freshwater","Stressor","Concentration","1","Fake ID","",3.2,"µg/L",1,"Not reported",,,,"µg/L",,"µg/L","1","2","3","4",
"2025-03-24","Vannmiljø_002-123016","Copper","Vm_2025","VannmiljøCopper2025","Aquatic","Freshwater","Stressor","Concentration","1","Fake ID","",1.5,"µg/L",1,"Not reported",,,,"µg/L",,"µg/L","1","2","3","4",
"2025-03-24","Vannmiljø_002-123016","Copper","Vm_2025","VannmiljøCopper2025","Aquatic","Freshwater","Stressor","Concentration","1","Fake ID","",2.2,"µg/L",1,"Not reported",,,,"µg/L",,"µg/L","1","2","3","4",
"2025-06-25","Vannmiljø_002-123016","Copper","Vm_2025","VannmiljøCopper2025","Aquatic","Freshwater","Stressor","Concentration","1","Fake ID","",1.8,"µg/L",1,"Not reported",,,1,"µg/L",,"µg/L","1","2","3","4","ICP-SFMS Metals in waste water no digestion"
"2025-05-22","Vannmiljø_002-123016","Copper","Vm_2025","VannmiljøCopper2025","Aquatic","Freshwater","Stressor","Concentration","1","Fake ID","",1.81,"µg/L",1,"Not reported",,,1,"µg/L",,"µg/L","1","2","3","4","ICP-SFMS Avløpsvann etter oppslutning"
"2025-01-22","Vannmiljø_002-123017","Copper","Vm_2025","VannmiljøCopper2025","Aquatic","Freshwater","Stressor","Concentration","1","Fake ID","",7.4,"µg/L",1,"Not reported",,,,"µg/L",,"µg/L","1","2","3","4",
"2025-01-22","Vannmiljø_002-123017","Copper","Vm_2025","VannmiljøCopper2025","Aquatic","Freshwater","Stressor","Concentration","1","Fake ID","",0.83,"µg/L",1,"Not reported",,,,"µg/L",,"µg/L","1","2","3","4",
"2025-02-10","Vannmiljø_002-123017","Copper","Vm_2025","VannmiljøCopper2025","Aquatic","Freshwater","Stressor","Concentration","1","Fake ID","",1.4,"µg/L",1,"Not reported",,,,"µg/L",,"µg/L","1","2","3","4",
"2025-02-10","Vannmiljø_002-123017","Copper","Vm_2025","VannmiljøCopper2025","Aquatic","Freshwater","Stressor","Concentration","1","Fake ID","",2.3,"µg/L",1,"Not reported",,,,"µg/L",,"µg/L","1","2","3","4",
"2025-02-24","Vannmiljø_002-123017","Copper","Vm_2025","VannmiljøCopper2025","Aquatic","Freshwater","Stressor","Concentration","1","Fake ID","",2.1,"µg/L",1,"Not reported",,,,"µg/L",,"µg/L","1","2","3","4",
"2025-02-24","Vannmiljø_002-123017","Copper","Vm_2025","VannmiljøCopper2025","Aquatic","Freshwater","Stressor","Concentration","1","Fake ID","",22,"µg/L",1,"Not reported",,,,"µg/L",,"µg/L","1","2","3","4",
"2025-03-13","Vannmiljø_002-123017","Copper","Vm_2025","VannmiljøCopper2025","Aquatic","Freshwater","Stressor","Concentration","1","Fake ID","",4.6,"µg/L",1,"Not reported",,,,"µg/L",,"µg/L","1","2","3","4",
"2025-03-13","Vannmiljø_002-123017","Copper","Vm_2025","VannmiljøCopper2025","Aquatic","Freshwater","Stressor","Concentration","1","Fake ID","",12,"µg/L",1,"Not reported",,,,"µg/L",,"µg/L","1","2","3","4",
"2025-03-24","Vannmiljø_002-123017","Copper","Vm_2025","VannmiljøCopper2025","Aquatic","Freshwater","Stressor","Concentration","1","Fake ID","",1.6,"µg/L",1,"Not reported",,,,"µg/L",,"µg/L","1","2","3","4",
"2025-03-24","Vannmiljø_002-123017","Copper","Vm_2025","VannmiljøCopper2025","Aquatic","Freshwater","Stressor","Concentration","1","Fake ID","",9.3,"µg/L",1,"Not reported",,,,"µg/L",,"µg/L","1","2","3","4",
"2025-06-25","Vannmiljø_002-123017","Copper","Vm_2025","VannmiljøCopper2025","Aquatic","Freshwater","Stressor","Concentration","1","Fake ID","",26,"µg/L",1,"Not reported",,,1,"µg/L",,"µg/L","1","2","3","4","ICP-SFMS Metals in waste water no digestion"
"2025-05-22","Vannmiljø_002-123017","Copper","Vm_2025","VannmiljøCopper2025","Aquatic","Freshwater","Stressor","Concentration","1","Fake ID","",3.06,"µg/L",1,"Not reported",,,1,"µg/L",,"µg/L","1","2","3","4","ICP-SFMS Avløpsvann etter oppslutning"
"2025-05-14","Vannmiljø_018-123080","Copper","Vm_2025","VannmiljøCopper2025","Aquatic","Freshwater","Stressor","Concentration","1","Fake ID","",1.3,"µg/L",1,"Not reported",,,,"µg/L",,"µg/L","1","2","3","4",
"2025-03-25","Vannmiljø_002-123122","Copper","Vm_2025","VannmiljøCopper2025","Aquatic","Freshwater","Stressor","Concentration","1","Fake ID","",1.8,"µg/L",1,"Not reported",,,,"µg/L",,"µg/L","1","2","3","4",
"2025-03-25","Vannmiljø_002-123122","Copper","Vm_2025","VannmiljøCopper2025","Aquatic","Freshwater","Stressor","Concentration","1","Fake ID","",3,"µg/L",1,"Not reported",,,,"µg/L",,"µg/L","1","2","3","4",
"2025-01-23","Vannmiljø_002-123122","Copper","Vm_2025","VannmiljøCopper2025","Aquatic","Freshwater","Stressor","Concentration","1","Fake ID","",0.55,"µg/L",1,"Not reported",,,,"µg/L",,"µg/L","1","2","3","4",
"2025-01-23","Vannmiljø_002-123122","Copper","Vm_2025","VannmiljøCopper2025","Aquatic","Freshwater","Stressor","Concentration","1","Fake ID","",1,"µg/L",1,"Not reported",,,,"µg/L",,"µg/L","1","2","3","4",
"2025-02-24","Vannmiljø_002-123122","Copper","Vm_2025","VannmiljøCopper2025","Aquatic","Freshwater","Stressor","Concentration","1","Fake ID","",2,"µg/L",1,"Not reported",,,,"µg/L",,"µg/L","1","2","3","4",
"2025-02-24","Vannmiljø_002-123122","Copper","Vm_2025","VannmiljøCopper2025","Aquatic","Freshwater","Stressor","Concentration","1","Fake ID","",3.6,"µg/L",1,"Not reported",,,,"µg/L",,"µg/L","1","2","3","4",
"2025-06-24","Vannmiljø_002-123122","Copper","Vm_2025","VannmiljøCopper2025","Aquatic","Freshwater","Stressor","Concentration","1","Fake ID","< LOQ",1,"µg/L",1,"Not reported",,,1,"µg/L",,"µg/L","1","2","3","4","ICP-SFMS Metals in waste water no digestion"
"2025-06-24","Vannmiljø_002-123122","Copper","Vm_2025","VannmiljøCopper2025","Aquatic","Freshwater","Stressor","Concentration","1","Fake ID","< LOQ",1,"µg/L",1,"Not reported",,,1,"µg/L",,"µg/L","1","2","3","4","ICP-SFMS Avløpsvann etter oppslutning"
"2025-05-22","Vannmiljø_002-123122","Copper","Vm_2025","VannmiljøCopper2025","Aquatic","Freshwater","Stressor","Concentration","1","Fake ID","",2.11,"µg/L",1,"Not reported",,,1,"µg/L",,"µg/L","1","2","3","4","ICP-SFMS Avløpsvann etter oppslutning"
"2025-01-22","Vannmiljø_002-123123","Copper","Vm_2025","VannmiljøCopper2025","Aquatic","Freshwater","Stressor","Concentration","1","Fake ID","",0.54,"µg/L",1,"Not reported",,,,"µg/L",,"µg/L","1","2","3","4",
"2025-01-22","Vannmiljø_002-123123","Copper","Vm_2025","VannmiljøCopper2025","Aquatic","Freshwater","Stressor","Concentration","1","Fake ID","",0.96,"µg/L",1,"Not reported",,,,"µg/L",,"µg/L","1","2","3","4",
"2025-02-10","Vannmiljø_002-123123","Copper","Vm_2025","VannmiljøCopper2025","Aquatic","Freshwater","Stressor","Concentration","1","Fake ID","",1.3,"µg/L",1,"Not reported",,,,"µg/L",,"µg/L","1","2","3","4",
"2025-02-10","Vannmiljø_002-123123","Copper","Vm_2025","VannmiljøCopper2025","Aquatic","Freshwater","Stressor","Concentration","1","Fake ID","",0.72,"µg/L",1,"Not reported",,,,"µg/L",,"µg/L","1","2","3","4",
"2025-02-24","Vannmiljø_002-123123","Copper","Vm_2025","VannmiljøCopper2025","Aquatic","Freshwater","Stressor","Concentration","1","Fake ID","",2.7,"µg/L",1,"Not reported",,,,"µg/L",,"µg/L","1","2","3","4",
"2025-02-24","Vannmiljø_002-123123","Copper","Vm_2025","VannmiljøCopper2025","Aquatic","Freshwater","Stressor","Concentration","1","Fake ID","",18,"µg/L",1,"Not reported",,,,"µg/L",,"µg/L","1","2","3","4",
"2025-03-13","Vannmiljø_002-123123","Copper","Vm_2025","VannmiljøCopper2025","Aquatic","Freshwater","Stressor","Concentration","1","Fake ID","",0.84,"µg/L",1,"Not reported",,,,"µg/L",,"µg/L","1","2","3","4",
"2025-03-13","Vannmiljø_002-123123","Copper","Vm_2025","VannmiljøCopper2025","Aquatic","Freshwater","Stressor","Concentration","1","Fake ID","",2,"µg/L",1,"Not reported",,,,"µg/L",,"µg/L","1","2","3","4",
"2025-03-24","Vannmiljø_002-123123","Copper","Vm_2025","VannmiljøCopper2025","Aquatic","Freshwater","Stressor","Concentration","1","Fake ID","",0.42,"µg/L",1,"Not reported",,,,"µg/L",,"µg/L","1","2","3","4",
"2025-06-25","Vannmiljø_002-123123","Copper","Vm_2025","VannmiljøCopper2025","Aquatic","Freshwater","Stressor","Concentration","1","Fake ID","",2.2,"µg/L",1,"Not reported",,,1,"µg/L",,"µg/L","1","2","3","4","ICP-SFMS Metals in waste water no digestion"
"2025-05-22","Vannmiljø_002-123123","Copper","Vm_2025","VannmiljøCopper2025","Aquatic","Freshwater","Stressor","Concentration","1","Fake ID","",9.57,"µg/L",1,"Not reported",,,1,"µg/L",,"µg/L","1","2","3","4","ICP-SFMS Metals in waste water no digestion"
"2025-05-23","Vannmiljø_002-123123","Copper","Vm_2025","VannmiljøCopper2025","Aquatic","Freshwater","Stressor","Concentration","1","Fake ID","",21.2,"µg/L",1,"Not reported",,,1,"µg/L",,"µg/L","1","2","3","4","ICP-SFMS Avløpsvann etter oppslutning"
"2025-03-25","Vannmiljø_002-123124","Copper","Vm_2025","VannmiljøCopper2025","Aquatic","Freshwater","Stressor","Concentration","1","Fake ID","",0.86,"µg/L",1,"Not reported",,,,"µg/L",,"µg/L","1","2","3","4",
"2025-03-25","Vannmiljø_002-123124","Copper","Vm_2025","VannmiljøCopper2025","Aquatic","Freshwater","Stressor","Concentration","1","Fake ID","",1.8,"µg/L",1,"Not reported",,,,"µg/L",,"µg/L","1","2","3","4",
"2025-01-22","Vannmiljø_002-123124","Copper","Vm_2025","VannmiljøCopper2025","Aquatic","Freshwater","Stressor","Concentration","1","Fake ID","",0.73,"µg/L",1,"Not reported",,,,"µg/L",,"µg/L","1","2","3","4",
"2025-01-22","Vannmiljø_002-123124","Copper","Vm_2025","VannmiljøCopper2025","Aquatic","Freshwater","Stressor","Concentration","1","Fake ID","",0.44,"µg/L",1,"Not reported",,,,"µg/L",,"µg/L","1","2","3","4",
"2025-02-24","Vannmiljø_002-123124","Copper","Vm_2025","VannmiljøCopper2025","Aquatic","Freshwater","Stressor","Concentration","1","Fake ID","",1.5,"µg/L",1,"Not reported",,,,"µg/L",,"µg/L","1","2","3","4",
"2025-02-24","Vannmiljø_002-123124","Copper","Vm_2025","VannmiljøCopper2025","Aquatic","Freshwater","Stressor","Concentration","1","Fake ID","",12,"µg/L",1,"Not reported",,,,"µg/L",,"µg/L","1","2","3","4",
"2025-06-25","Vannmiljø_002-123124","Copper","Vm_2025","VannmiljøCopper2025","Aquatic","Freshwater","Stressor","Concentration","1","Fake ID","",1.02,"µg/L",1,"Not reported",,,1,"µg/L",,"µg/L","1","2","3","4","ICP-SFMS Metals in waste water no digestion"
"2025-05-23","Vannmiljø_002-123124","Copper","Vm_2025","VannmiljøCopper2025","Aquatic","Freshwater","Stressor","Concentration","1","Fake ID","< LOQ",1,"µg/L",1,"Not reported",,,1,"µg/L",,"µg/L","1","2","3","4","ICP-SFMS Metals in waste water no digestion"
"2025-04-23","Vannmiljø_002-123124","Copper","Vm_2025","VannmiljøCopper2025","Aquatic","Freshwater","Stressor","Concentration","1","Fake ID","",1.35,"µg/L",1,"Not reported",,,1,"µg/L",,"µg/L","1","2","3","4","ICP-SFMS Metals in waste water no digestion"
"2025-03-25","Vannmiljø_002-123125","Copper","Vm_2025","VannmiljøCopper2025","Aquatic","Freshwater","Stressor","Concentration","1","Fake ID","",1,"µg/L",1,"Not reported",,,,"µg/L",,"µg/L","1","2","3","4",
"2025-03-25","Vannmiljø_002-123125","Copper","Vm_2025","VannmiljøCopper2025","Aquatic","Freshwater","Stressor","Concentration","1","Fake ID","",1.8,"µg/L",1,"Not reported",,,,"µg/L",,"µg/L","1","2","3","4",
"2025-01-22","Vannmiljø_002-123125","Copper","Vm_2025","VannmiljøCopper2025","Aquatic","Freshwater","Stressor","Concentration","1","Fake ID","",0.46,"µg/L",1,"Not reported",,,,"µg/L",,"µg/L","1","2","3","4",
"2025-01-22","Vannmiljø_002-123125","Copper","Vm_2025","VannmiljøCopper2025","Aquatic","Freshwater","Stressor","Concentration","1","Fake ID","",0.93,"µg/L",1,"Not reported",,,,"µg/L",,"µg/L","1","2","3","4",
"2025-02-24","Vannmiljø_002-123125","Copper","Vm_2025","VannmiljøCopper2025","Aquatic","Freshwater","Stressor","Concentration","1","Fake ID","",27,"µg/L",1,"Not reported",,,,"µg/L",,"µg/L","1","2","3","4",
"2025-02-24","Vannmiljø_002-123125","Copper","Vm_2025","VannmiljøCopper2025","Aquatic","Freshwater","Stressor","Concentration","1","Fake ID","",1.9,"µg/L",1,"Not reported",,,,"µg/L",,"µg/L","1","2","3","4",
"2025-06-25","Vannmiljø_002-123125","Copper","Vm_2025","VannmiljøCopper2025","Aquatic","Freshwater","Stressor","Concentration","1","Fake ID","",1.44,"µg/L",1,"Not reported",,,1,"µg/L",,"µg/L","1","2","3","4","ICP-SFMS Metals in waste water no digestion"
"2025-05-22","Vannmiljø_002-123125","Copper","Vm_2025","VannmiljøCopper2025","Aquatic","Freshwater","Stressor","Concentration","1","Fake ID","< LOQ",1,"µg/L",1,"Not reported",,,1,"µg/L",,"µg/L","1","2","3","4","ICP-SFMS Metals in waste water no digestion"
"2025-05-23","Vannmiljø_002-123125","Copper","Vm_2025","VannmiljøCopper2025","Aquatic","Freshwater","Stressor","Concentration","1","Fake ID","< LOQ",1,"µg/L",1,"Not reported",,,1,"µg/L",,"µg/L","1","2","3","4","ICP-SFMS Avløpsvann etter oppslutning"
"2025-03-28","Vannmiljø_026-123229","Copper","Vm_2025","VannmiljøCopper2025","Aquatic","Freshwater","Stressor","Concentration","1","Fake ID","",0.18,"µg/L",1,"Not reported",,,,"µg/L",,"µg/L","1","2","3","4",
"2025-03-28","Vannmiljø_026-123230","Copper","Vm_2025","VannmiljøCopper2025","Aquatic","Freshwater","Stressor","Concentration","1","Fake ID","",0.31,"µg/L",1,"Not reported",,,,"µg/L",,"µg/L","1","2","3","4",
"2025-03-28","Vannmiljø_026-123243","Copper","Vm_2025","VannmiljøCopper2025","Aquatic","Freshwater","Stressor","Concentration","1","Fake ID","",0.5,"µg/L",1,"Not reported",,,,"µg/L",,"µg/L","1","2","3","4",
"2025-03-28","Vannmiljø_026-123244","Copper","Vm_2025","VannmiljøCopper2025","Aquatic","Freshwater","Stressor","Concentration","1","Fake ID","",0.39,"µg/L",1,"Not reported",,,,"µg/L",,"µg/L","1","2","3","4",
"2025-06-02","Vannmiljø_246-123315","Copper","Vm_2025","VannmiljøCopper2025","Aquatic","Freshwater","Stressor","Concentration","1","Fake ID","",1.2,"µg/L",1,"Not reported",,,,"µg/L",,"µg/L","1","2","3","4",
"2025-06-02","Vannmiljø_246-123315","Copper","Vm_2025","VannmiljøCopper2025","Aquatic","Freshwater","Stressor","Concentration","1","Fake ID","",1.6,"µg/L",1,"Not reported",,,,"µg/L",,"µg/L","1","2","3","4",
"2025-07-30","Vannmiljø_246-123315","Copper","Vm_2025","VannmiljøCopper2025","Aquatic","Freshwater","Stressor","Concentration","1","Fake ID","",0.92,"µg/L",1,"Not reported",,,,"µg/L",,"µg/L","1","2","3","4",
"2025-07-30","Vannmiljø_246-123315","Copper","Vm_2025","VannmiljøCopper2025","Aquatic","Freshwater","Stressor","Concentration","1","Fake ID","",0.82,"µg/L",1,"Not reported",,,,"µg/L",,"µg/L","1","2","3","4",
"2025-09-15","Vannmiljø_246-123315","Copper","Vm_2025","VannmiljøCopper2025","Aquatic","Freshwater","Stressor","Concentration","1","Fake ID","",0.99,"µg/L",1,"Not reported",,,,"µg/L",,"µg/L","1","2","3","4",
"2025-09-15","Vannmiljø_246-123315","Copper","Vm_2025","VannmiljøCopper2025","Aquatic","Freshwater","Stressor","Concentration","1","Fake ID","",0.93,"µg/L",1,"Not reported",,,,"µg/L",,"µg/L","1","2","3","4",
"2025-06-03","Vannmiljø_246-123348","Copper","Vm_2025","VannmiljøCopper2025","Aquatic","Freshwater","Stressor","Concentration","1","Fake ID","",2.3,"µg/L",1,"Not reported",,,,"µg/L",,"µg/L","1","2","3","4",
"2025-06-03","Vannmiljø_246-123348","Copper","Vm_2025","VannmiljøCopper2025","Aquatic","Freshwater","Stressor","Concentration","1","Fake ID","",2.4,"µg/L",1,"Not reported",,,,"µg/L",,"µg/L","1","2","3","4",
"2025-06-03","Vannmiljø_246-123349","Copper","Vm_2025","VannmiljøCopper2025","Aquatic","Freshwater","Stressor","Concentration","1","Fake ID","",0.9,"µg/L",1,"Not reported",,,,"µg/L",,"µg/L","1","2","3","4",
"2025-06-03","Vannmiljø_246-123349","Copper","Vm_2025","VannmiljøCopper2025","Aquatic","Freshwater","Stressor","Concentration","1","Fake ID","",0.95,"µg/L",1,"Not reported",,,,"µg/L",,"µg/L","1","2","3","4",
"2025-09-23","Vannmiljø_246-123349","Copper","Vm_2025","VannmiljøCopper2025","Aquatic","Freshwater","Stressor","Concentration","1","Fake ID","",1.2,"µg/L",1,"Not reported",,,,"µg/L",,"µg/L","1","2","3","4",
"2025-09-23","Vannmiljø_246-123349","Copper","Vm_2025","VannmiljøCopper2025","Aquatic","Freshwater","Stressor","Concentration","1","Fake ID","",1.3,"µg/L",1,"Not reported",,,,"µg/L",,"µg/L","1","2","3","4",
"2025-08-04","Vannmiljø_246-123349","Copper","Vm_2025","VannmiljøCopper2025","Aquatic","Freshwater","Stressor","Concentration","1","Fake ID","",0.86,"µg/L",1,"Not reported",,,,"µg/L",,"µg/L","1","2","3","4",
"2025-08-04","Vannmiljø_246-123349","Copper","Vm_2025","VannmiljøCopper2025","Aquatic","Freshwater","Stressor","Concentration","1","Fake ID","",0.98,"µg/L",1,"Not reported",,,,"µg/L",,"µg/L","1","2","3","4",
"2025-09-23","Vannmiljø_246-123350","Copper","Vm_2025","VannmiljøCopper2025","Aquatic","Freshwater","Stressor","Concentration","1","Fake ID","",2,"µg/L",1,"Not reported",,,,"µg/L",,"µg/L","1","2","3","4",
"2025-09-23","Vannmiljø_246-123350","Copper","Vm_2025","VannmiljøCopper2025","Aquatic","Freshwater","Stressor","Concentration","1","Fake ID","",2.4,"µg/L",1,"Not reported",,,,"µg/L",,"µg/L","1","2","3","4",
"2025-08-04","Vannmiljø_246-123350","Copper","Vm_2025","VannmiljøCopper2025","Aquatic","Freshwater","Stressor","Concentration","1","Fake ID","",1.2,"µg/L",1,"Not reported",,,,"µg/L",,"µg/L","1","2","3","4",
"2025-08-04","Vannmiljø_246-123350","Copper","Vm_2025","VannmiljøCopper2025","Aquatic","Freshwater","Stressor","Concentration","1","Fake ID","",1.4,"µg/L",1,"Not reported",,,,"µg/L",,"µg/L","1","2","3","4",
"2025-06-03","Vannmiljø_246-123350","Copper","Vm_2025","VannmiljøCopper2025","Aquatic","Freshwater","Stressor","Concentration","1","Fake ID","",1.4,"µg/L",1,"Not reported",,,,"µg/L",,"µg/L","1","2","3","4",
"2025-06-03","Vannmiljø_246-123350","Copper","Vm_2025","VannmiljøCopper2025","Aquatic","Freshwater","Stressor","Concentration","1","Fake ID","",1.4,"µg/L",1,"Not reported",,,,"µg/L",,"µg/L","1","2","3","4",
"2025-08-05","Vannmiljø_246-123351","Copper","Vm_2025","VannmiljøCopper2025","Aquatic","Freshwater","Stressor","Concentration","1","Fake ID","",1.9,"µg/L",1,"Not reported",,,,"µg/L",,"µg/L","1","2","3","4",
"2025-08-05","Vannmiljø_246-123351","Copper","Vm_2025","VannmiljøCopper2025","Aquatic","Freshwater","Stressor","Concentration","1","Fake ID","",2.2,"µg/L",1,"Not reported",,,,"µg/L",,"µg/L","1","2","3","4",
"2025-09-16","Vannmiljø_246-123351","Copper","Vm_2025","VannmiljøCopper2025","Aquatic","Freshwater","Stressor","Concentration","1","Fake ID","",1.5,"µg/L",1,"Not reported",,,,"µg/L",,"µg/L","1","2","3","4",
"2025-09-16","Vannmiljø_246-123351","Copper","Vm_2025","VannmiljøCopper2025","Aquatic","Freshwater","Stressor","Concentration","1","Fake ID","",1.7,"µg/L",1,"Not reported",,,,"µg/L",,"µg/L","1","2","3","4",
"2025-06-03","Vannmiljø_246-123351","Copper","Vm_2025","VannmiljøCopper2025","Aquatic","Freshwater","Stressor","Concentration","1","Fake ID","",1.8,"µg/L",1,"Not reported",,,,"µg/L",,"µg/L","1","2","3","4",
"2025-06-03","Vannmiljø_246-123351","Copper","Vm_2025","VannmiljøCopper2025","Aquatic","Freshwater","Stressor","Concentration","1","Fake ID","",1.9,"µg/L",1,"Not reported",,,,"µg/L",,"µg/L","1","2","3","4",
"2025-07-31","Vannmiljø_246-123357","Copper","Vm_2025","VannmiljøCopper2025","Aquatic","Freshwater","Stressor","Concentration","1","Fake ID","",1.1,"µg/L",1,"Not reported",,,,"µg/L",,"µg/L","1","2","3","4",
"2025-07-31","Vannmiljø_246-123357","Copper","Vm_2025","VannmiljøCopper2025","Aquatic","Freshwater","Stressor","Concentration","1","Fake ID","",1.4,"µg/L",1,"Not reported",,,,"µg/L",,"µg/L","1","2","3","4",
"2025-09-16","Vannmiljø_246-123357","Copper","Vm_2025","VannmiljøCopper2025","Aquatic","Freshwater","Stressor","Concentration","1","Fake ID","",1,"µg/L",1,"Not reported",,,,"µg/L",,"µg/L","1","2","3","4",
"2025-09-16","Vannmiljø_246-123357","Copper","Vm_2025","VannmiljøCopper2025","Aquatic","Freshwater","Stressor","Concentration","1","Fake ID","",1.2,"µg/L",1,"Not reported",,,,"µg/L",,"µg/L","1","2","3","4",
"2025-06-16","Vannmiljø_246-123357","Copper","Vm_2025","VannmiljøCopper2025","Aquatic","Freshwater","Stressor","Concentration","1","Fake ID","",1.1,"µg/L",1,"Not reported",,,,"µg/L",,"µg/L","1","2","3","4",
"2025-06-16","Vannmiljø_246-123357","Copper","Vm_2025","VannmiljøCopper2025","Aquatic","Freshwater","Stressor","Concentration","1","Fake ID","",1.3,"µg/L",1,"Not reported",,,,"µg/L",,"µg/L","1","2","3","4",
"2025-06-16","Vannmiljø_246-123358","Copper","Vm_2025","VannmiljøCopper2025","Aquatic","Freshwater","Stressor","Concentration","1","Fake ID","",1.5,"µg/L",1,"Not reported",,,,"µg/L",,"µg/L","1","2","3","4",
"2025-06-16","Vannmiljø_246-123358","Copper","Vm_2025","VannmiljøCopper2025","Aquatic","Freshwater","Stressor","Concentration","1","Fake ID","",1.5,"µg/L",1,"Not reported",,,,"µg/L",,"µg/L","1","2","3","4",
"2025-09-18","Vannmiljø_246-123358","Copper","Vm_2025","VannmiljøCopper2025","Aquatic","Freshwater","Stressor","Concentration","1","Fake ID","",1.3,"µg/L",1,"Not reported",,,,"µg/L",,"µg/L","1","2","3","4",
"2025-09-18","Vannmiljø_246-123358","Copper","Vm_2025","VannmiljøCopper2025","Aquatic","Freshwater","Stressor","Concentration","1","Fake ID","",1.4,"µg/L",1,"Not reported",,,,"µg/L",,"µg/L","1","2","3","4",
"2025-08-04","Vannmiljø_246-123358","Copper","Vm_2025","VannmiljøCopper2025","Aquatic","Freshwater","Stressor","Concentration","1","Fake ID","",1.5,"µg/L",1,"Not reported",,,,"µg/L",,"µg/L","1","2","3","4",
"2025-08-04","Vannmiljø_246-123358","Copper","Vm_2025","VannmiljøCopper2025","Aquatic","Freshwater","Stressor","Concentration","1","Fake ID","",1.9,"µg/L",1,"Not reported",,,,"µg/L",,"µg/L","1","2","3","4",
"2025-09-11","Vannmiljø_03.41-123392","Copper","Vm_2025","VannmiljøCopper2025","Aquatic","Freshwater","Stressor","Concentration","1","Fake ID","< LOQ",1.6,"µg/L",1,"Not reported",,,,"µg/L",,"µg/L","1","2","3","4",
"2025-09-11","Vannmiljø_139-123393","Copper","Vm_2025","VannmiljøCopper2025","Aquatic","Freshwater","Stressor","Concentration","1","Fake ID","< LOQ",1.6,"µg/L",1,"Not reported",,,,"µg/L",,"µg/L","1","2","3","4",
"2025-09-11","Vannmiljø_139-123394","Copper","Vm_2025","VannmiljøCopper2025","Aquatic","Freshwater","Stressor","Concentration","1","Fake ID","< LOQ",1.6,"µg/L",1,"Not reported",,,,"µg/L",,"µg/L","1","2","3","4",
"2025-05-07","Vannmiljø_139-123395","Copper","Vm_2025","VannmiljøCopper2025","Aquatic","Freshwater","Stressor","Concentration","1","Fake ID","",2.5,"µg/L",1,"Not reported",,,,"µg/L",,"µg/L","1","2","3","4",
"2025-05-07","Vannmiljø_139-123396","Copper","Vm_2025","VannmiljøCopper2025","Aquatic","Freshwater","Stressor","Concentration","1","Fake ID","",3,"µg/L",1,"Not reported",,,,"µg/L",,"µg/L","1","2","3","4",
"2025-08-07","Vannmiljø_246-123501","Copper","Vm_2025","VannmiljøCopper2025","Aquatic","Freshwater","Stressor","Concentration","1","Fake ID","",2.5,"µg/L",1,"Not reported",,,,"µg/L",,"µg/L","1","2","3","4",
"2025-08-07","Vannmiljø_246-123501","Copper","Vm_2025","VannmiljøCopper2025","Aquatic","Freshwater","Stressor","Concentration","1","Fake ID","",3.3,"µg/L",1,"Not reported",,,,"µg/L",,"µg/L","1","2","3","4",
"2025-06-17","Vannmiljø_246-123501","Copper","Vm_2025","VannmiljøCopper2025","Aquatic","Freshwater","Stressor","Concentration","1","Fake ID","",2.5,"µg/L",1,"Not reported",,,,"µg/L",,"µg/L","1","2","3","4",
"2025-06-17","Vannmiljø_246-123501","Copper","Vm_2025","VannmiljøCopper2025","Aquatic","Freshwater","Stressor","Concentration","1","Fake ID","",3.2,"µg/L",1,"Not reported",,,,"µg/L",,"µg/L","1","2","3","4",
"2025-09-24","Vannmiljø_246-123501","Copper","Vm_2025","VannmiljøCopper2025","Aquatic","Freshwater","Stressor","Concentration","1","Fake ID","",2.5,"µg/L",1,"Not reported",,,,"µg/L",,"µg/L","1","2","3","4",
"2025-09-24","Vannmiljø_246-123501","Copper","Vm_2025","VannmiljøCopper2025","Aquatic","Freshwater","Stressor","Concentration","1","Fake ID","",2.6,"µg/L",1,"Not reported",,,,"µg/L",,"µg/L","1","2","3","4",
"2025-09-24","Vannmiljø_246-123501","Copper","Vm_2025","VannmiljøCopper2025","Aquatic","Freshwater","Stressor","Concentration","1","Fake ID","",2.9,"µg/L",1,"Not reported",,,,"µg/L",,"µg/L","1","2","3","4",
"2025-09-24","Vannmiljø_246-123501","Copper","Vm_2025","VannmiljøCopper2025","Aquatic","Freshwater","Stressor","Concentration","1","Fake ID","",3,"µg/L",1,"Not reported",,,,"µg/L",,"µg/L","1","2","3","4",
"2025-08-07","Vannmiljø_246-123501","Copper","Vm_2025","VannmiljøCopper2025","Aquatic","Freshwater","Stressor","Concentration","1","Fake ID","",2.5,"µg/L",1,"Not reported",,,,"µg/L",,"µg/L","1","2","3","4",
"2025-08-07","Vannmiljø_246-123501","Copper","Vm_2025","VannmiljøCopper2025","Aquatic","Freshwater","Stressor","Concentration","1","Fake ID","",3.1,"µg/L",1,"Not reported",,,,"µg/L",,"µg/L","1","2","3","4",
"2025-06-13","Vannmiljø_013-123623","Copper","Vm_2025","VannmiljøCopper2025","Aquatic","Freshwater","Stressor","Concentration","1","Fake ID","",1.1,"µg/L",1,"Not reported",,,,"µg/L",,"µg/L","1","2","3","4",
"2025-06-13","Vannmiljø_013-123623","Copper","Vm_2025","VannmiljøCopper2025","Aquatic","Freshwater","Stressor","Concentration","1","Fake ID","",1.5,"µg/L",1,"Not reported",,,,"µg/L",,"µg/L","1","2","3","4",
"2025-08-20","Vannmiljø_013-123623","Copper","Vm_2025","VannmiljøCopper2025","Aquatic","Freshwater","Stressor","Concentration","1","Fake ID","",0.94,"µg/L",1,"Not reported",,,,"µg/L",,"µg/L","1","2","3","4",
"2025-09-23","Vannmiljø_013-123623","Copper","Vm_2025","VannmiljøCopper2025","Aquatic","Freshwater","Stressor","Concentration","1","Fake ID","",1.5,"µg/L",1,"Not reported",,,,"µg/L",,"µg/L","1","2","3","4",
"2025-05-07","Vannmiljø_041-123660","Copper","Vm_2025","VannmiljøCopper2025","Aquatic","Freshwater","Stressor","Concentration","1","Fake ID","",0.55,"µg/L",1,"Not reported",,,0.05,"µg/L",,"µg/L","1","2","3","4",
"2025-05-07","Vannmiljø_041-123660","Copper","Vm_2025","VannmiljøCopper2025","Aquatic","Freshwater","Stressor","Concentration","1","Fake ID","",0.91,"µg/L",1,"Not reported",,,0.05,"µg/L",,"µg/L","1","2","3","4",
"2025-05-07","Vannmiljø_039-123661","Copper","Vm_2025","VannmiljøCopper2025","Aquatic","Freshwater","Stressor","Concentration","1","Fake ID","",0.55,"µg/L",1,"Not reported",,,0.05,"µg/L",,"µg/L","1","2","3","4",
"2025-05-07","Vannmiljø_039-123661","Copper","Vm_2025","VannmiljøCopper2025","Aquatic","Freshwater","Stressor","Concentration","1","Fake ID","",0.79,"µg/L",1,"Not reported",,,0.05,"µg/L",,"µg/L","1","2","3","4",
"2025-05-07","Vannmiljø_038-123662","Copper","Vm_2025","VannmiljøCopper2025","Aquatic","Freshwater","Stressor","Concentration","1","Fake ID","",0.75,"µg/L",1,"Not reported",,,0.05,"µg/L",,"µg/L","1","2","3","4",
"2025-05-08","Vannmiljø_038-123662","Copper","Vm_2025","VannmiljøCopper2025","Aquatic","Freshwater","Stressor","Concentration","1","Fake ID","",0.72,"µg/L",1,"Not reported",,,0.05,"µg/L",,"µg/L","1","2","3","4",
"2025-05-09","Vannmiljø_056-123664","Copper","Vm_2025","VannmiljøCopper2025","Aquatic","Freshwater","Stressor","Concentration","1","Fake ID","",1.5,"µg/L",1,"Not reported",,,0.05,"µg/L",,"µg/L","1","2","3","4",
"2025-05-09","Vannmiljø_056-123664","Copper","Vm_2025","VannmiljøCopper2025","Aquatic","Freshwater","Stressor","Concentration","1","Fake ID","",1.9,"µg/L",1,"Not reported",,,0.05,"µg/L",,"µg/L","1","2","3","4",
"2025-05-08","Vannmiljø_055-123665","Copper","Vm_2025","VannmiljøCopper2025","Aquatic","Freshwater","Stressor","Concentration","1","Fake ID","",1.3,"µg/L",1,"Not reported",,,0.05,"µg/L",,"µg/L","1","2","3","4",
"2025-05-08","Vannmiljø_055-123665","Copper","Vm_2025","VannmiljøCopper2025","Aquatic","Freshwater","Stressor","Concentration","1","Fake ID","",1.7,"µg/L",1,"Not reported",,,0.05,"µg/L",,"µg/L","1","2","3","4",
"2025-05-08","Vannmiljø_041-123666","Copper","Vm_2025","VannmiljøCopper2025","Aquatic","Freshwater","Stressor","Concentration","1","Fake ID","",0.37,"µg/L",1,"Not reported",,,0.05,"µg/L",,"µg/L","1","2","3","4",
"2025-05-08","Vannmiljø_041-123666","Copper","Vm_2025","VannmiljøCopper2025","Aquatic","Freshwater","Stressor","Concentration","1","Fake ID","",0.49,"µg/L",1,"Not reported",,,0.05,"µg/L",,"µg/L","1","2","3","4",
"2025-05-09","Vannmiljø_056-123667","Copper","Vm_2025","VannmiljøCopper2025","Aquatic","Freshwater","Stressor","Concentration","1","Fake ID","",3.9,"µg/L",1,"Not reported",,,0.05,"µg/L",,"µg/L","1","2","3","4",
"2025-05-08","Vannmiljø_044-123668","Copper","Vm_2025","VannmiljøCopper2025","Aquatic","Freshwater","Stressor","Concentration","1","Fake ID","",0.63,"µg/L",1,"Not reported",,,0.05,"µg/L",,"µg/L","1","2","3","4",
"2025-05-08","Vannmiljø_044-123668","Copper","Vm_2025","VannmiljøCopper2025","Aquatic","Freshwater","Stressor","Concentration","1","Fake ID","",1.2,"µg/L",1,"Not reported",,,0.05,"µg/L",,"µg/L","1","2","3","4",
"2025-03-06","Vannmiljø_123-123674","Copper","Vm_2025","VannmiljøCopper2025","Aquatic","Freshwater","Stressor","Concentration","1","Fake ID","",2,"µg/L",1,"Not reported",,,,"µg/L",,"µg/L","1","2","3","4",
"2025-03-06","Vannmiljø_123-123674","Copper","Vm_2025","VannmiljøCopper2025","Aquatic","Freshwater","Stressor","Concentration","1","Fake ID","",6.4,"µg/L",1,"Not reported",,,,"µg/L",,"µg/L","1","2","3","4",
"2025-08-11","Vannmiljø_140-123703","Copper","Vm_2025","VannmiljøCopper2025","Aquatic","Freshwater","Stressor","Concentration","1","Fake ID","",2.8,"µg/L",1,"Not reported",,,,"µg/L",,"µg/L","1","2","3","4",
"2025-07-15","Vannmiljø_150-123769","Copper","Vm_2025","VannmiljøCopper2025","Aquatic","Freshwater","Stressor","Concentration","1","Fake ID","",0.35,"µg/L",1,"Not reported",,,,"µg/L",,"µg/L","1","2","3","4",
"2025-09-30","Vannmiljø_008-123806","Copper","Vm_2025","VannmiljøCopper2025","Aquatic","Freshwater","Stressor","Concentration","1","Fake ID","",2.8,"µg/L",1,"Not reported",,,,"µg/L",,"µg/L","1","2","3","4",
"2025-09-30","Vannmiljø_008-123806","Copper","Vm_2025","VannmiljøCopper2025","Aquatic","Freshwater","Stressor","Concentration","1","Fake ID","",0.59,"µg/L",1,"Not reported",,,,"µg/L",,"µg/L","1","2","3","4",
"2025-05-26","Vannmiljø_016-123859","Copper","Vm_2025","VannmiljøCopper2025","Aquatic","Freshwater","Stressor","Concentration","1","Fake ID","",0.75,"µg/L",1,"Not reported",,,,"µg/L",,"µg/L","1","2","3","4",
"2025-05-26","Vannmiljø_016-123860","Copper","Vm_2025","VannmiljøCopper2025","Aquatic","Freshwater","Stressor","Concentration","1","Fake ID","",0.38,"µg/L",1,"Not reported",,,,"µg/L",,"µg/L","1","2","3","4",
"2025-05-26","Vannmiljø_016-123861","Copper","Vm_2025","VannmiljøCopper2025","Aquatic","Freshwater","Stressor","Concentration","1","Fake ID","",0.23,"µg/L",1,"Not reported",,,,"µg/L",,"µg/L","1","2","3","4",
"2025-06-12","Vannmiljø_005-123970","Copper","Vm_2025","VannmiljøCopper2025","Aquatic","Freshwater","Stressor","Concentration","1","Fake ID","",2.5,"µg/L",1,"Not reported",,,,"µg/L",,"µg/L","1","2","3","4",
"2025-06-12","Vannmiljø_005-123970","Copper","Vm_2025","VannmiljøCopper2025","Aquatic","Freshwater","Stressor","Concentration","1","Fake ID","",2.7,"µg/L",1,"Not reported",,,,"µg/L",,"µg/L","1","2","3","4",
"2025-01-28","Vannmiljø_005-123970","Copper","Vm_2025","VannmiljøCopper2025","Aquatic","Freshwater","Stressor","Concentration","1","Fake ID","",1.4,"µg/L",1,"Not reported",,,,"µg/L",,"µg/L","1","2","3","4",
"2025-01-28","Vannmiljø_005-123970","Copper","Vm_2025","VannmiljøCopper2025","Aquatic","Freshwater","Stressor","Concentration","1","Fake ID","",1.7,"µg/L",1,"Not reported",,,,"µg/L",,"µg/L","1","2","3","4",
"2025-07-04","Vannmiljø_005-123970","Copper","Vm_2025","VannmiljøCopper2025","Aquatic","Freshwater","Stressor","Concentration","1","Fake ID","",1.2,"µg/L",1,"Not reported",,,,"µg/L",,"µg/L","1","2","3","4",
"2025-07-04","Vannmiljø_005-123970","Copper","Vm_2025","VannmiljøCopper2025","Aquatic","Freshwater","Stressor","Concentration","1","Fake ID","",1.5,"µg/L",1,"Not reported",,,,"µg/L",,"µg/L","1","2","3","4",
"2025-02-19","Vannmiljø_005-123970","Copper","Vm_2025","VannmiljøCopper2025","Aquatic","Freshwater","Stressor","Concentration","1","Fake ID","",1.5,"µg/L",1,"Not reported",,,,"µg/L",,"µg/L","1","2","3","4",
"2025-02-19","Vannmiljø_005-123970","Copper","Vm_2025","VannmiljøCopper2025","Aquatic","Freshwater","Stressor","Concentration","1","Fake ID","",1.7,"µg/L",1,"Not reported",,,,"µg/L",,"µg/L","1","2","3","4",
"2025-03-18","Vannmiljø_005-123970","Copper","Vm_2025","VannmiljøCopper2025","Aquatic","Freshwater","Stressor","Concentration","1","Fake ID","",1.2,"µg/L",1,"Not reported",,,,"µg/L",,"µg/L","1","2","3","4",
"2025-03-18","Vannmiljø_005-123970","Copper","Vm_2025","VannmiljøCopper2025","Aquatic","Freshwater","Stressor","Concentration","1","Fake ID","",1.4,"µg/L",1,"Not reported",,,,"µg/L",,"µg/L","1","2","3","4",
"2025-04-22","Vannmiljø_005-123970","Copper","Vm_2025","VannmiljøCopper2025","Aquatic","Freshwater","Stressor","Concentration","1","Fake ID","",1,"µg/L",1,"Not reported",,,,"µg/L",,"µg/L","1","2","3","4",
"2025-04-22","Vannmiljø_005-123970","Copper","Vm_2025","VannmiljøCopper2025","Aquatic","Freshwater","Stressor","Concentration","1","Fake ID","",1.2,"µg/L",1,"Not reported",,,,"µg/L",,"µg/L","1","2","3","4",
"2025-05-20","Vannmiljø_005-123970","Copper","Vm_2025","VannmiljøCopper2025","Aquatic","Freshwater","Stressor","Concentration","1","Fake ID","",1.3,"µg/L",1,"Not reported",,,,"µg/L",,"µg/L","1","2","3","4",
"2025-05-20","Vannmiljø_005-123970","Copper","Vm_2025","VannmiljøCopper2025","Aquatic","Freshwater","Stressor","Concentration","1","Fake ID","",2.7,"µg/L",1,"Not reported",,,,"µg/L",,"µg/L","1","2","3","4",
"2025-08-19","Vannmiljø_005-123970","Copper","Vm_2025","VannmiljøCopper2025","Aquatic","Freshwater","Stressor","Concentration","1","Fake ID","",1,"µg/L",1,"Not reported",,,,"µg/L",,"µg/L","1","2","3","4",
"2025-08-19","Vannmiljø_005-123970","Copper","Vm_2025","VannmiljøCopper2025","Aquatic","Freshwater","Stressor","Concentration","1","Fake ID","",1.4,"µg/L",1,"Not reported",,,,"µg/L",,"µg/L","1","2","3","4",
"2025-09-10","Vannmiljø_005-123970","Copper","Vm_2025","VannmiljøCopper2025","Aquatic","Freshwater","Stressor","Concentration","1","Fake ID","",2.2,"µg/L",1,"Not reported",,,,"µg/L",,"µg/L","1","2","3","4",
"2025-09-10","Vannmiljø_005-123970","Copper","Vm_2025","VannmiljøCopper2025","Aquatic","Freshwater","Stressor","Concentration","1","Fake ID","",2.7,"µg/L",1,"Not reported",,,,"µg/L",,"µg/L","1","2","3","4",
"2025-06-12","Vannmiljø_005-123971","Copper","Vm_2025","VannmiljøCopper2025","Aquatic","Freshwater","Stressor","Concentration","1","Fake ID","",2,"µg/L",1,"Not reported",,,,"µg/L",,"µg/L","1","2","3","4",
"2025-06-12","Vannmiljø_005-123971","Copper","Vm_2025","VannmiljøCopper2025","Aquatic","Freshwater","Stressor","Concentration","1","Fake ID","",2.2,"µg/L",1,"Not reported",,,,"µg/L",,"µg/L","1","2","3","4",
"2025-01-28","Vannmiljø_005-123971","Copper","Vm_2025","VannmiljøCopper2025","Aquatic","Freshwater","Stressor","Concentration","1","Fake ID","",1.5,"µg/L",1,"Not reported",,,,"µg/L",,"µg/L","1","2","3","4",
"2025-01-28","Vannmiljø_005-123971","Copper","Vm_2025","VannmiljøCopper2025","Aquatic","Freshwater","Stressor","Concentration","1","Fake ID","",1.9,"µg/L",1,"Not reported",,,,"µg/L",,"µg/L","1","2","3","4",
"2025-07-04","Vannmiljø_005-123971","Copper","Vm_2025","VannmiljøCopper2025","Aquatic","Freshwater","Stressor","Concentration","1","Fake ID","",1.2,"µg/L",1,"Not reported",,,,"µg/L",,"µg/L","1","2","3","4",
"2025-07-04","Vannmiljø_005-123971","Copper","Vm_2025","VannmiljøCopper2025","Aquatic","Freshwater","Stressor","Concentration","1","Fake ID","",1.8,"µg/L",1,"Not reported",,,,"µg/L",,"µg/L","1","2","3","4",
"2025-02-19","Vannmiljø_005-123971","Copper","Vm_2025","VannmiljøCopper2025","Aquatic","Freshwater","Stressor","Concentration","1","Fake ID","",1.6,"µg/L",1,"Not reported",,,,"µg/L",,"µg/L","1","2","3","4",
"2025-02-19","Vannmiljø_005-123971","Copper","Vm_2025","VannmiljøCopper2025","Aquatic","Freshwater","Stressor","Concentration","1","Fake ID","",1.7,"µg/L",1,"Not reported",,,,"µg/L",,"µg/L","1","2","3","4",
"2025-03-18","Vannmiljø_005-123971","Copper","Vm_2025","VannmiljøCopper2025","Aquatic","Freshwater","Stressor","Concentration","1","Fake ID","",1.2,"µg/L",1,"Not reported",,,,"µg/L",,"µg/L","1","2","3","4",
"2025-03-18","Vannmiljø_005-123971","Copper","Vm_2025","VannmiljøCopper2025","Aquatic","Freshwater","Stressor","Concentration","1","Fake ID","",1.9,"µg/L",1,"Not reported",,,,"µg/L",,"µg/L","1","2","3","4",
"2025-04-22","Vannmiljø_005-123971","Copper","Vm_2025","VannmiljøCopper2025","Aquatic","Freshwater","Stressor","Concentration","1","Fake ID","",1.1,"µg/L",1,"Not reported",,,,"µg/L",,"µg/L","1","2","3","4",
"2025-04-22","Vannmiljø_005-123971","Copper","Vm_2025","VannmiljøCopper2025","Aquatic","Freshwater","Stressor","Concentration","1","Fake ID","",1.2,"µg/L",1,"Not reported",,,,"µg/L",,"µg/L","1","2","3","4",
"2025-05-20","Vannmiljø_005-123971","Copper","Vm_2025","VannmiljøCopper2025","Aquatic","Freshwater","Stressor","Concentration","1","Fake ID","",0.87,"µg/L",1,"Not reported",,,,"µg/L",,"µg/L","1","2","3","4",
"2025-05-20","Vannmiljø_005-123971","Copper","Vm_2025","VannmiljøCopper2025","Aquatic","Freshwater","Stressor","Concentration","1","Fake ID","",1.6,"µg/L",1,"Not reported",,,,"µg/L",,"µg/L","1","2","3","4",
"2025-08-19","Vannmiljø_005-123971","Copper","Vm_2025","VannmiljøCopper2025","Aquatic","Freshwater","Stressor","Concentration","1","Fake ID","",1.1,"µg/L",1,"Not reported",,,,"µg/L",,"µg/L","1","2","3","4",
"2025-08-19","Vannmiljø_005-123971","Copper","Vm_2025","VannmiljøCopper2025","Aquatic","Freshwater","Stressor","Concentration","1","Fake ID","",1.2,"µg/L",1,"Not reported",,,,"µg/L",,"µg/L","1","2","3","4",
"2025-09-10","Vannmiljø_005-123971","Copper","Vm_2025","VannmiljøCopper2025","Aquatic","Freshwater","Stressor","Concentration","1","Fake ID","",2.2,"µg/L",1,"Not reported",,,,"µg/L",,"µg/L","1","2","3","4",
"2025-09-10","Vannmiljø_005-123971","Copper","Vm_2025","VannmiljøCopper2025","Aquatic","Freshwater","Stressor","Concentration","1","Fake ID","",2.6,"µg/L",1,"Not reported",,,,"µg/L",,"µg/L","1","2","3","4",
"2025-05-20","Vannmiljø_005-123972","Copper","Vm_2025","VannmiljøCopper2025","Aquatic","Freshwater","Stressor","Concentration","1","Fake ID","",1,"µg/L",1,"Not reported",,,,"µg/L",,"µg/L","1","2","3","4",
"2025-05-20","Vannmiljø_005-123972","Copper","Vm_2025","VannmiljøCopper2025","Aquatic","Freshwater","Stressor","Concentration","1","Fake ID","",1.7,"µg/L",1,"Not reported",,,,"µg/L",,"µg/L","1","2","3","4",
"2025-06-12","Vannmiljø_005-123972","Copper","Vm_2025","VannmiljøCopper2025","Aquatic","Freshwater","Stressor","Concentration","1","Fake ID","",2.3,"µg/L",1,"Not reported",,,,"µg/L",,"µg/L","1","2","3","4",
"2025-06-12","Vannmiljø_005-123972","Copper","Vm_2025","VannmiljøCopper2025","Aquatic","Freshwater","Stressor","Concentration","1","Fake ID","",2.5,"µg/L",1,"Not reported",,,,"µg/L",,"µg/L","1","2","3","4",
"2025-01-28","Vannmiljø_005-123972","Copper","Vm_2025","VannmiljøCopper2025","Aquatic","Freshwater","Stressor","Concentration","1","Fake ID","",2,"µg/L",1,"Not reported",,,,"µg/L",,"µg/L","1","2","3","4",
"2025-01-28","Vannmiljø_005-123972","Copper","Vm_2025","VannmiljøCopper2025","Aquatic","Freshwater","Stressor","Concentration","1","Fake ID","",2.7,"µg/L",1,"Not reported",,,,"µg/L",,"µg/L","1","2","3","4",
"2025-07-04","Vannmiljø_005-123972","Copper","Vm_2025","VannmiljøCopper2025","Aquatic","Freshwater","Stressor","Concentration","1","Fake ID","",1.7,"µg/L",1,"Not reported",,,,"µg/L",,"µg/L","1","2","3","4",
"2025-07-04","Vannmiljø_005-123972","Copper","Vm_2025","VannmiljøCopper2025","Aquatic","Freshwater","Stressor","Concentration","1","Fake ID","",2.1,"µg/L",1,"Not reported",,,,"µg/L",,"µg/L","1","2","3","4",
"2025-02-19","Vannmiljø_005-123972","Copper","Vm_2025","VannmiljøCopper2025","Aquatic","Freshwater","Stressor","Concentration","1","Fake ID","",2.2,"µg/L",1,"Not reported",,,,"µg/L",,"µg/L","1","2","3","4",
"2025-02-19","Vannmiljø_005-123972","Copper","Vm_2025","VannmiljøCopper2025","Aquatic","Freshwater","Stressor","Concentration","1","Fake ID","",2.6,"µg/L",1,"Not reported",,,,"µg/L",,"µg/L","1","2","3","4",
"2025-03-18","Vannmiljø_005-123972","Copper","Vm_2025","VannmiljøCopper2025","Aquatic","Freshwater","Stressor","Concentration","1","Fake ID","",1.7,"µg/L",1,"Not reported",,,,"µg/L",,"µg/L","1","2","3","4",
"2025-03-18","Vannmiljø_005-123972","Copper","Vm_2025","VannmiljøCopper2025","Aquatic","Freshwater","Stressor","Concentration","1","Fake ID","",1.9,"µg/L",1,"Not reported",,,,"µg/L",,"µg/L","1","2","3","4",
"2025-04-22","Vannmiljø_005-123972","Copper","Vm_2025","VannmiljøCopper2025","Aquatic","Freshwater","Stressor","Concentration","1","Fake ID","",1.5,"µg/L",1,"Not reported",,,,"µg/L",,"µg/L","1","2","3","4",
"2025-04-22","Vannmiljø_005-123972","Copper","Vm_2025","VannmiljøCopper2025","Aquatic","Freshwater","Stressor","Concentration","1","Fake ID","",2.1,"µg/L",1,"Not reported",,,,"µg/L",,"µg/L","1","2","3","4",
"2025-08-19","Vannmiljø_005-123972","Copper","Vm_2025","VannmiljøCopper2025","Aquatic","Freshwater","Stressor","Concentration","1","Fake ID","",1.2,"µg/L",1,"Not reported",,,,"µg/L",,"µg/L","1","2","3","4",
"2025-08-19","Vannmiljø_005-123972","Copper","Vm_2025","VannmiljøCopper2025","Aquatic","Freshwater","Stressor","Concentration","1","Fake ID","",1.7,"µg/L",1,"Not reported",,,,"µg/L",,"µg/L","1","2","3","4",
"2025-09-10","Vannmiljø_005-123972","Copper","Vm_2025","VannmiljøCopper2025","Aquatic","Freshwater","Stressor","Concentration","1","Fake ID","",2.7,"µg/L",1,"Not reported",,,,"µg/L",,"µg/L","1","2","3","4",
"2025-09-10","Vannmiljø_005-123972","Copper","Vm_2025","VannmiljøCopper2025","Aquatic","Freshwater","Stressor","Concentration","1","Fake ID","",3.3,"µg/L",1,"Not reported",,,,"µg/L",,"µg/L","1","2","3","4",
"2025-06-12","Vannmiljø_005-123973","Copper","Vm_2025","VannmiljøCopper2025","Aquatic","Freshwater","Stressor","Concentration","1","Fake ID","",2.2,"µg/L",1,"Not reported",,,,"µg/L",,"µg/L","1","2","3","4",
"2025-06-12","Vannmiljø_005-123973","Copper","Vm_2025","VannmiljøCopper2025","Aquatic","Freshwater","Stressor","Concentration","1","Fake ID","",2.4,"µg/L",1,"Not reported",,,,"µg/L",,"µg/L","1","2","3","4",
"2025-01-28","Vannmiljø_005-123973","Copper","Vm_2025","VannmiljøCopper2025","Aquatic","Freshwater","Stressor","Concentration","1","Fake ID","",1.8,"µg/L",1,"Not reported",,,,"µg/L",,"µg/L","1","2","3","4",
"2025-01-28","Vannmiljø_005-123973","Copper","Vm_2025","VannmiljøCopper2025","Aquatic","Freshwater","Stressor","Concentration","1","Fake ID","",2.2,"µg/L",1,"Not reported",,,,"µg/L",,"µg/L","1","2","3","4",
"2025-07-04","Vannmiljø_005-123973","Copper","Vm_2025","VannmiljøCopper2025","Aquatic","Freshwater","Stressor","Concentration","1","Fake ID","",1.7,"µg/L",1,"Not reported",,,,"µg/L",,"µg/L","1","2","3","4",
"2025-07-04","Vannmiljø_005-123973","Copper","Vm_2025","VannmiljøCopper2025","Aquatic","Freshwater","Stressor","Concentration","1","Fake ID","",2,"µg/L",1,"Not reported",,,,"µg/L",,"µg/L","1","2","3","4",
"2025-02-19","Vannmiljø_005-123973","Copper","Vm_2025","VannmiljøCopper2025","Aquatic","Freshwater","Stressor","Concentration","1","Fake ID","",2.3,"µg/L",1,"Not reported",,,,"µg/L",,"µg/L","1","2","3","4",
"2025-02-19","Vannmiljø_005-123973","Copper","Vm_2025","VannmiljøCopper2025","Aquatic","Freshwater","Stressor","Concentration","1","Fake ID","",2.6,"µg/L",1,"Not reported",,,,"µg/L",,"µg/L","1","2","3","4",
"2025-03-18","Vannmiljø_005-123973","Copper","Vm_2025","VannmiljøCopper2025","Aquatic","Freshwater","Stressor","Concentration","1","Fake ID","",1.7,"µg/L",1,"Not reported",,,,"µg/L",,"µg/L","1","2","3","4",
"2025-03-18","Vannmiljø_005-123973","Copper","Vm_2025","VannmiljøCopper2025","Aquatic","Freshwater","Stressor","Concentration","1","Fake ID","",2,"µg/L",1,"Not reported",,,,"µg/L",,"µg/L","1","2","3","4",
"2025-04-22","Vannmiljø_005-123973","Copper","Vm_2025","VannmiljøCopper2025","Aquatic","Freshwater","Stressor","Concentration","1","Fake ID","",1.7,"µg/L",1,"Not reported",,,,"µg/L",,"µg/L","1","2","3","4",
"2025-04-22","Vannmiljø_005-123973","Copper","Vm_2025","VannmiljøCopper2025","Aquatic","Freshwater","Stressor","Concentration","1","Fake ID","",3.1,"µg/L",1,"Not reported",,,,"µg/L",,"µg/L","1","2","3","4",
"2025-05-20","Vannmiljø_005-123973","Copper","Vm_2025","VannmiljøCopper2025","Aquatic","Freshwater","Stressor","Concentration","1","Fake ID","",0.87,"µg/L",1,"Not reported",,,,"µg/L",,"µg/L","1","2","3","4",
"2025-05-20","Vannmiljø_005-123973","Copper","Vm_2025","VannmiljøCopper2025","Aquatic","Freshwater","Stressor","Concentration","1","Fake ID","",1.3,"µg/L",1,"Not reported",,,,"µg/L",,"µg/L","1","2","3","4",
"2025-08-19","Vannmiljø_005-123973","Copper","Vm_2025","VannmiljøCopper2025","Aquatic","Freshwater","Stressor","Concentration","1","Fake ID","",1.2,"µg/L",1,"Not reported",,,,"µg/L",,"µg/L","1","2","3","4",
"2025-08-19","Vannmiljø_005-123973","Copper","Vm_2025","VannmiljøCopper2025","Aquatic","Freshwater","Stressor","Concentration","1","Fake ID","",1.9,"µg/L",1,"Not reported",,,,"µg/L",,"µg/L","1","2","3","4",
"2025-09-10","Vannmiljø_005-123973","Copper","Vm_2025","VannmiljøCopper2025","Aquatic","Freshwater","Stressor","Concentration","1","Fake ID","",2.7,"µg/L",1,"Not reported",,,,"µg/L",,"µg/L","1","2","3","4",
"2025-09-10","Vannmiljø_005-123973","Copper","Vm_2025","VannmiljøCopper2025","Aquatic","Freshwater","Stressor","Concentration","1","Fake ID","",3.9,"µg/L",1,"Not reported",,,,"µg/L",,"µg/L","1","2","3","4",
"2025-05-20","Vannmiljø_005-123974","Copper","Vm_2025","VannmiljøCopper2025","Aquatic","Freshwater","Stressor","Concentration","1","Fake ID","",0.79,"µg/L",1,"Not reported",,,,"µg/L",,"µg/L","1","2","3","4",
"2025-05-20","Vannmiljø_005-123974","Copper","Vm_2025","VannmiljøCopper2025","Aquatic","Freshwater","Stressor","Concentration","1","Fake ID","",1.1,"µg/L",1,"Not reported",,,,"µg/L",,"µg/L","1","2","3","4",
"2025-06-12","Vannmiljø_005-123974","Copper","Vm_2025","VannmiljøCopper2025","Aquatic","Freshwater","Stressor","Concentration","1","Fake ID","",2.2,"µg/L",1,"Not reported",,,,"µg/L",,"µg/L","1","2","3","4",
"2025-06-12","Vannmiljø_005-123974","Copper","Vm_2025","VannmiljøCopper2025","Aquatic","Freshwater","Stressor","Concentration","1","Fake ID","",2.4,"µg/L",1,"Not reported",,,,"µg/L",,"µg/L","1","2","3","4",
"2025-01-28","Vannmiljø_005-123974","Copper","Vm_2025","VannmiljøCopper2025","Aquatic","Freshwater","Stressor","Concentration","1","Fake ID","",1.8,"µg/L",1,"Not reported",,,,"µg/L",,"µg/L","1","2","3","4",
"2025-01-28","Vannmiljø_005-123974","Copper","Vm_2025","VannmiljøCopper2025","Aquatic","Freshwater","Stressor","Concentration","1","Fake ID","",2.3,"µg/L",1,"Not reported",,,,"µg/L",,"µg/L","1","2","3","4",
"2025-07-04","Vannmiljø_005-123974","Copper","Vm_2025","VannmiljøCopper2025","Aquatic","Freshwater","Stressor","Concentration","1","Fake ID","",1.6,"µg/L",1,"Not reported",,,,"µg/L",,"µg/L","1","2","3","4",
"2025-07-04","Vannmiljø_005-123974","Copper","Vm_2025","VannmiljøCopper2025","Aquatic","Freshwater","Stressor","Concentration","1","Fake ID","",2,"µg/L",1,"Not reported",,,,"µg/L",,"µg/L","1","2","3","4",
"2025-03-18","Vannmiljø_005-123974","Copper","Vm_2025","VannmiljøCopper2025","Aquatic","Freshwater","Stressor","Concentration","1","Fake ID","",1.6,"µg/L",1,"Not reported",,,,"µg/L",,"µg/L","1","2","3","4",
"2025-03-18","Vannmiljø_005-123974","Copper","Vm_2025","VannmiljøCopper2025","Aquatic","Freshwater","Stressor","Concentration","1","Fake ID","",1.9,"µg/L",1,"Not reported",,,,"µg/L",,"µg/L","1","2","3","4",
"2025-04-22","Vannmiljø_005-123974","Copper","Vm_2025","VannmiljøCopper2025","Aquatic","Freshwater","Stressor","Concentration","1","Fake ID","",1.3,"µg/L",1,"Not reported",,,,"µg/L",,"µg/L","1","2","3","4",
"2025-04-22","Vannmiljø_005-123974","Copper","Vm_2025","VannmiljøCopper2025","Aquatic","Freshwater","Stressor","Concentration","1","Fake ID","",1.6,"µg/L",1,"Not reported",,,,"µg/L",,"µg/L","1","2","3","4",
"2025-08-19","Vannmiljø_005-123974","Copper","Vm_2025","VannmiljøCopper2025","Aquatic","Freshwater","Stressor","Concentration","1","Fake ID","",1.2,"µg/L",1,"Not reported",,,,"µg/L",,"µg/L","1","2","3","4",
"2025-08-19","Vannmiljø_005-123974","Copper","Vm_2025","VannmiljøCopper2025","Aquatic","Freshwater","Stressor","Concentration","1","Fake ID","",1.9,"µg/L",1,"Not reported",,,,"µg/L",,"µg/L","1","2","3","4",
"2025-09-10","Vannmiljø_005-123974","Copper","Vm_2025","VannmiljøCopper2025","Aquatic","Freshwater","Stressor","Concentration","1","Fake ID","",2.6,"µg/L",1,"Not reported",,,,"µg/L",,"µg/L","1","2","3","4",
"2025-09-10","Vannmiljø_005-123974","Copper","Vm_2025","VannmiljøCopper2025","Aquatic","Freshwater","Stressor","Concentration","1","Fake ID","",3.1,"µg/L",1,"Not reported",,,,"µg/L",,"µg/L","1","2","3","4",
"2025-05-20","Vannmiljø_005-123975","Copper","Vm_2025","VannmiljøCopper2025","Aquatic","Freshwater","Stressor","Concentration","1","Fake ID","",0.8,"µg/L",1,"Not reported",,,,"µg/L",,"µg/L","1","2","3","4",
"2025-05-20","Vannmiljø_005-123975","Copper","Vm_2025","VannmiljøCopper2025","Aquatic","Freshwater","Stressor","Concentration","1","Fake ID","",1.3,"µg/L",1,"Not reported",,,,"µg/L",,"µg/L","1","2","3","4",
"2025-06-12","Vannmiljø_005-123975","Copper","Vm_2025","VannmiljøCopper2025","Aquatic","Freshwater","Stressor","Concentration","1","Fake ID","",2.1,"µg/L",1,"Not reported",,,,"µg/L",,"µg/L","1","2","3","4",
"2025-06-12","Vannmiljø_005-123975","Copper","Vm_2025","VannmiljøCopper2025","Aquatic","Freshwater","Stressor","Concentration","1","Fake ID","",2.4,"µg/L",1,"Not reported",,,,"µg/L",,"µg/L","1","2","3","4",
"2025-01-28","Vannmiljø_005-123975","Copper","Vm_2025","VannmiljøCopper2025","Aquatic","Freshwater","Stressor","Concentration","1","Fake ID","",1.8,"µg/L",1,"Not reported",,,,"µg/L",,"µg/L","1","2","3","4",
"2025-01-28","Vannmiljø_005-123975","Copper","Vm_2025","VannmiljøCopper2025","Aquatic","Freshwater","Stressor","Concentration","1","Fake ID","",2.3,"µg/L",1,"Not reported",,,,"µg/L",,"µg/L","1","2","3","4",
"2025-07-04","Vannmiljø_005-123975","Copper","Vm_2025","VannmiljøCopper2025","Aquatic","Freshwater","Stressor","Concentration","1","Fake ID","",1.6,"µg/L",1,"Not reported",,,,"µg/L",,"µg/L","1","2","3","4",
"2025-07-04","Vannmiljø_005-123975","Copper","Vm_2025","VannmiljøCopper2025","Aquatic","Freshwater","Stressor","Concentration","1","Fake ID","",1.8,"µg/L",1,"Not reported",,,,"µg/L",,"µg/L","1","2","3","4",
"2025-03-18","Vannmiljø_005-123975","Copper","Vm_2025","VannmiljøCopper2025","Aquatic","Freshwater","Stressor","Concentration","1","Fake ID","",1.6,"µg/L",1,"Not reported",,,,"µg/L",,"µg/L","1","2","3","4",
"2025-03-18","Vannmiljø_005-123975","Copper","Vm_2025","VannmiljøCopper2025","Aquatic","Freshwater","Stressor","Concentration","1","Fake ID","",2,"µg/L",1,"Not reported",,,,"µg/L",,"µg/L","1","2","3","4",
"2025-04-22","Vannmiljø_005-123975","Copper","Vm_2025","VannmiljøCopper2025","Aquatic","Freshwater","Stressor","Concentration","1","Fake ID","",1.3,"µg/L",1,"Not reported",,,,"µg/L",,"µg/L","1","2","3","4",
"2025-04-22","Vannmiljø_005-123975","Copper","Vm_2025","VannmiljøCopper2025","Aquatic","Freshwater","Stressor","Concentration","1","Fake ID","",1.6,"µg/L",1,"Not reported",,,,"µg/L",,"µg/L","1","2","3","4",
"2025-08-19","Vannmiljø_005-123975","Copper","Vm_2025","VannmiljøCopper2025","Aquatic","Freshwater","Stressor","Concentration","1","Fake ID","",1.6,"µg/L",1,"Not reported",,,,"µg/L",,"µg/L","1","2","3","4",
"2025-08-19","Vannmiljø_005-123975","Copper","Vm_2025","VannmiljøCopper2025","Aquatic","Freshwater","Stressor","Concentration","1","Fake ID","",1.2,"µg/L",1,"Not reported",,,,"µg/L",,"µg/L","1","2","3","4",
"2025-09-10","Vannmiljø_005-123975","Copper","Vm_2025","VannmiljøCopper2025","Aquatic","Freshwater","Stressor","Concentration","1","Fake ID","",2.5,"µg/L",1,"Not reported",,,,"µg/L",,"µg/L","1","2","3","4",
"2025-09-10","Vannmiljø_005-123975","Copper","Vm_2025","VannmiljøCopper2025","Aquatic","Freshwater","Stressor","Concentration","1","Fake ID","",3.2,"µg/L",1,"Not reported",,,,"µg/L",,"µg/L","1","2","3","4",
"2025-05-20","Vannmiljø_005-123976","Copper","Vm_2025","VannmiljøCopper2025","Aquatic","Freshwater","Stressor","Concentration","1","Fake ID","",0.75,"µg/L",1,"Not reported",,,,"µg/L",,"µg/L","1","2","3","4",
"2025-05-20","Vannmiljø_005-123976","Copper","Vm_2025","VannmiljøCopper2025","Aquatic","Freshwater","Stressor","Concentration","1","Fake ID","",1.9,"µg/L",1,"Not reported",,,,"µg/L",,"µg/L","1","2","3","4",
"2025-06-12","Vannmiljø_005-123976","Copper","Vm_2025","VannmiljøCopper2025","Aquatic","Freshwater","Stressor","Concentration","1","Fake ID","",2.2,"µg/L",1,"Not reported",,,,"µg/L",,"µg/L","1","2","3","4",
"2025-06-12","Vannmiljø_005-123976","Copper","Vm_2025","VannmiljøCopper2025","Aquatic","Freshwater","Stressor","Concentration","1","Fake ID","",2.2,"µg/L",1,"Not reported",,,,"µg/L",,"µg/L","1","2","3","4",
"2025-01-28","Vannmiljø_005-123976","Copper","Vm_2025","VannmiljøCopper2025","Aquatic","Freshwater","Stressor","Concentration","1","Fake ID","",1.8,"µg/L",1,"Not reported",,,,"µg/L",,"µg/L","1","2","3","4",
"2025-01-28","Vannmiljø_005-123976","Copper","Vm_2025","VannmiljøCopper2025","Aquatic","Freshwater","Stressor","Concentration","1","Fake ID","",2.3,"µg/L",1,"Not reported",,,,"µg/L",,"µg/L","1","2","3","4",
"2025-07-04","Vannmiljø_005-123976","Copper","Vm_2025","VannmiljøCopper2025","Aquatic","Freshwater","Stressor","Concentration","1","Fake ID","",1.5,"µg/L",1,"Not reported",,,,"µg/L",,"µg/L","1","2","3","4",
"2025-07-04","Vannmiljø_005-123976","Copper","Vm_2025","VannmiljøCopper2025","Aquatic","Freshwater","Stressor","Concentration","1","Fake ID","",1.9,"µg/L",1,"Not reported",,,,"µg/L",,"µg/L","1","2","3","4",
"2025-03-18","Vannmiljø_005-123976","Copper","Vm_2025","VannmiljøCopper2025","Aquatic","Freshwater","Stressor","Concentration","1","Fake ID","",1.6,"µg/L",1,"Not reported",,,,"µg/L",,"µg/L","1","2","3","4",
"2025-03-18","Vannmiljø_005-123976","Copper","Vm_2025","VannmiljøCopper2025","Aquatic","Freshwater","Stressor","Concentration","1","Fake ID","",1.9,"µg/L",1,"Not reported",,,,"µg/L",,"µg/L","1","2","3","4",
"2025-04-22","Vannmiljø_005-123976","Copper","Vm_2025","VannmiljøCopper2025","Aquatic","Freshwater","Stressor","Concentration","1","Fake ID","",1.3,"µg/L",1,"Not reported",,,,"µg/L",,"µg/L","1","2","3","4",
"2025-04-22","Vannmiljø_005-123976","Copper","Vm_2025","VannmiljøCopper2025","Aquatic","Freshwater","Stressor","Concentration","1","Fake ID","",1.7,"µg/L",1,"Not reported",,,,"µg/L",,"µg/L","1","2","3","4",
"2025-08-19","Vannmiljø_005-123976","Copper","Vm_2025","VannmiljøCopper2025","Aquatic","Freshwater","Stressor","Concentration","1","Fake ID","",1.2,"µg/L",1,"Not reported",,,,"µg/L",,"µg/L","1","2","3","4",
"2025-08-19","Vannmiljø_005-123976","Copper","Vm_2025","VannmiljøCopper2025","Aquatic","Freshwater","Stressor","Concentration","1","Fake ID","",1.5,"µg/L",1,"Not reported",,,,"µg/L",,"µg/L","1","2","3","4",
"2025-09-10","Vannmiljø_005-123976","Copper","Vm_2025","VannmiljøCopper2025","Aquatic","Freshwater","Stressor","Concentration","1","Fake ID","",2.6,"µg/L",1,"Not reported",,,,"µg/L",,"µg/L","1","2","3","4",
"2025-09-10","Vannmiljø_005-123976","Copper","Vm_2025","VannmiljøCopper2025","Aquatic","Freshwater","Stressor","Concentration","1","Fake ID","",3.2,"µg/L",1,"Not reported",,,,"µg/L",,"µg/L","1","2","3","4",
"2025-05-20","Vannmiljø_005-123977","Copper","Vm_2025","VannmiljøCopper2025","Aquatic","Freshwater","Stressor","Concentration","1","Fake ID","",0.87,"µg/L",1,"Not reported",,,,"µg/L",,"µg/L","1","2","3","4",
"2025-05-20","Vannmiljø_005-123977","Copper","Vm_2025","VannmiljøCopper2025","Aquatic","Freshwater","Stressor","Concentration","1","Fake ID","",1.4,"µg/L",1,"Not reported",,,,"µg/L",,"µg/L","1","2","3","4",
"2025-06-12","Vannmiljø_005-123977","Copper","Vm_2025","VannmiljøCopper2025","Aquatic","Freshwater","Stressor","Concentration","1","Fake ID","",2,"µg/L",1,"Not reported",,,,"µg/L",,"µg/L","1","2","3","4",
"2025-06-12","Vannmiljø_005-123977","Copper","Vm_2025","VannmiljøCopper2025","Aquatic","Freshwater","Stressor","Concentration","1","Fake ID","",2.1,"µg/L",1,"Not reported",,,,"µg/L",,"µg/L","1","2","3","4",
"2025-01-28","Vannmiljø_005-123977","Copper","Vm_2025","VannmiljøCopper2025","Aquatic","Freshwater","Stressor","Concentration","1","Fake ID","",1.7,"µg/L",1,"Not reported",,,,"µg/L",,"µg/L","1","2","3","4",
"2025-01-28","Vannmiljø_005-123977","Copper","Vm_2025","VannmiljøCopper2025","Aquatic","Freshwater","Stressor","Concentration","1","Fake ID","",2,"µg/L",1,"Not reported",,,,"µg/L",,"µg/L","1","2","3","4",
"2025-07-04","Vannmiljø_005-123977","Copper","Vm_2025","VannmiljøCopper2025","Aquatic","Freshwater","Stressor","Concentration","1","Fake ID","",1.5,"µg/L",1,"Not reported",,,,"µg/L",,"µg/L","1","2","3","4",
"2025-07-04","Vannmiljø_005-123977","Copper","Vm_2025","VannmiljøCopper2025","Aquatic","Freshwater","Stressor","Concentration","1","Fake ID","",1.7,"µg/L",1,"Not reported",,,,"µg/L",,"µg/L","1","2","3","4",
"2025-03-18","Vannmiljø_005-123977","Copper","Vm_2025","VannmiljøCopper2025","Aquatic","Freshwater","Stressor","Concentration","1","Fake ID","",1.6,"µg/L",1,"Not reported",,,,"µg/L",,"µg/L","1","2","3","4",
"2025-03-18","Vannmiljø_005-123977","Copper","Vm_2025","VannmiljøCopper2025","Aquatic","Freshwater","Stressor","Concentration","1","Fake ID","",1.8,"µg/L",1,"Not reported",,,,"µg/L",,"µg/L","1","2","3","4",
"2025-04-22","Vannmiljø_005-123977","Copper","Vm_2025","VannmiljøCopper2025","Aquatic","Freshwater","Stressor","Concentration","1","Fake ID","",1.3,"µg/L",1,"Not reported",,,,"µg/L",,"µg/L","1","2","3","4",
"2025-04-22","Vannmiljø_005-123977","Copper","Vm_2025","VannmiljøCopper2025","Aquatic","Freshwater","Stressor","Concentration","1","Fake ID","",1.5,"µg/L",1,"Not reported",,,,"µg/L",,"µg/L","1","2","3","4",
"2025-08-19","Vannmiljø_005-123977","Copper","Vm_2025","VannmiljøCopper2025","Aquatic","Freshwater","Stressor","Concentration","1","Fake ID","",1.4,"µg/L",1,"Not reported",,,,"µg/L",,"µg/L","1","2","3","4",
"2025-08-19","Vannmiljø_005-123977","Copper","Vm_2025","VannmiljøCopper2025","Aquatic","Freshwater","Stressor","Concentration","1","Fake ID","",1.4,"µg/L",1,"Not reported",,,,"µg/L",,"µg/L","1","2","3","4",
"2025-09-10","Vannmiljø_005-123977","Copper","Vm_2025","VannmiljøCopper2025","Aquatic","Freshwater","Stressor","Concentration","1","Fake ID","",2.4,"µg/L",1,"Not reported",,,,"µg/L",,"µg/L","1","2","3","4",
"2025-09-10","Vannmiljø_005-123977","Copper","Vm_2025","VannmiljøCopper2025","Aquatic","Freshwater","Stressor","Concentration","1","Fake ID","",3,"µg/L",1,"Not reported",,,,"µg/L",,"µg/L","1","2","3","4",
"2025-09-11","Vannmiljø_016-124083","Copper","Vm_2025","VannmiljøCopper2025","Aquatic","Freshwater","Stressor","Concentration","1","Fake ID","",1,"µg/L",1,"Not reported",,,,"µg/L",,"µg/L","1","2","3","4",
"2025-06-18","Vannmiljø_016-124083","Copper","Vm_2025","VannmiljøCopper2025","Aquatic","Freshwater","Stressor","Concentration","1","Fake ID","",0.58,"µg/L",1,"Not reported",,,,"µg/L",,"µg/L","1","2","3","4",
"2025-09-23","Vannmiljø_139-124121","Copper","Vm_2025","VannmiljøCopper2025","Aquatic","Freshwater","Stressor","Concentration","1","Fake ID","< LOQ",1.6,"µg/L",1,"Not reported",,,,"µg/L",,"µg/L","1","2","3","4",
"2025-08-21","Vannmiljø_139-124121","Copper","Vm_2025","VannmiljøCopper2025","Aquatic","Freshwater","Stressor","Concentration","1","Fake ID","< LOQ",1.6,"µg/L",1,"Not reported",,,,"µg/L",,"µg/L","1","2","3","4",
"2025-09-23","Vannmiljø_307-124122","Copper","Vm_2025","VannmiljøCopper2025","Aquatic","Freshwater","Stressor","Concentration","1","Fake ID","< LOQ",1.6,"µg/L",1,"Not reported",,,,"µg/L",,"µg/L","1","2","3","4",
"2025-09-22","Vannmiljø_139-124125","Copper","Vm_2025","VannmiljøCopper2025","Aquatic","Freshwater","Stressor","Concentration","1","Fake ID","< LOQ",1.6,"µg/L",1,"Not reported",,,,"µg/L",,"µg/L","1","2","3","4",
"2025-09-22","Vannmiljø_139-124127","Copper","Vm_2025","VannmiljøCopper2025","Aquatic","Freshwater","Stressor","Concentration","1","Fake ID","",2,"µg/L",1,"Not reported",,,,"µg/L",,"µg/L","1","2","3","4",
"2025-09-22","Vannmiljø_139-124129","Copper","Vm_2025","VannmiljøCopper2025","Aquatic","Freshwater","Stressor","Concentration","1","Fake ID","< LOQ",1.6,"µg/L",1,"Not reported",,,,"µg/L",,"µg/L","1","2","3","4",
"2025-09-22","Vannmiljø_139-124131","Copper","Vm_2025","VannmiljøCopper2025","Aquatic","Freshwater","Stressor","Concentration","1","Fake ID","< LOQ",1.6,"µg/L",1,"Not reported",,,,"µg/L",,"µg/L","1","2","3","4",
"2025-09-22","Vannmiljø_139-124132","Copper","Vm_2025","VannmiljøCopper2025","Aquatic","Freshwater","Stressor","Concentration","1","Fake ID","< LOQ",1.6,"µg/L",1,"Not reported",,,,"µg/L",,"µg/L","1","2","3","4",
"2025-08-20","Vannmiljø_139-124132","Copper","Vm_2025","VannmiljøCopper2025","Aquatic","Freshwater","Stressor","Concentration","1","Fake ID","< LOQ",1.6,"µg/L",1,"Not reported",,,,"µg/L",,"µg/L","1","2","3","4",
"2025-09-22","Vannmiljø_139-124134","Copper","Vm_2025","VannmiljøCopper2025","Aquatic","Freshwater","Stressor","Concentration","1","Fake ID","< LOQ",1.6,"µg/L",1,"Not reported",,,,"µg/L",,"µg/L","1","2","3","4",
"2025-08-20","Vannmiljø_139-124134","Copper","Vm_2025","VannmiljøCopper2025","Aquatic","Freshwater","Stressor","Concentration","1","Fake ID","< LOQ",1.6,"µg/L",1,"Not reported",,,,"µg/L",,"µg/L","1","2","3","4",
"2025-09-22","Vannmiljø_139-124135","Copper","Vm_2025","VannmiljøCopper2025","Aquatic","Freshwater","Stressor","Concentration","1","Fake ID","",2.7,"µg/L",1,"Not reported",,,,"µg/L",,"µg/L","1","2","3","4",
"2025-08-20","Vannmiljø_139-124135","Copper","Vm_2025","VannmiljøCopper2025","Aquatic","Freshwater","Stressor","Concentration","1","Fake ID","",2.2,"µg/L",1,"Not reported",,,,"µg/L",,"µg/L","1","2","3","4",
"2025-09-22","Vannmiljø_139-124136","Copper","Vm_2025","VannmiljøCopper2025","Aquatic","Freshwater","Stressor","Concentration","1","Fake ID","< LOQ",1.6,"µg/L",1,"Not reported",,,,"µg/L",,"µg/L","1","2","3","4",
"2025-09-22","Vannmiljø_139-124137","Copper","Vm_2025","VannmiljøCopper2025","Aquatic","Freshwater","Stressor","Concentration","1","Fake ID","< LOQ",1.6,"µg/L",1,"Not reported",,,,"µg/L",,"µg/L","1","2","3","4",
"2025-08-20","Vannmiljø_139-124137","Copper","Vm_2025","VannmiljøCopper2025","Aquatic","Freshwater","Stressor","Concentration","1","Fake ID","< LOQ",1.6,"µg/L",1,"Not reported",,,,"µg/L",,"µg/L","1","2","3","4",
"2025-09-22","Vannmiljø_139-124138","Copper","Vm_2025","VannmiljøCopper2025","Aquatic","Freshwater","Stressor","Concentration","1","Fake ID","",2.5,"µg/L",1,"Not reported",,,,"µg/L",,"µg/L","1","2","3","4",
"2025-08-20","Vannmiljø_139-124138","Copper","Vm_2025","VannmiljøCopper2025","Aquatic","Freshwater","Stressor","Concentration","1","Fake ID","< LOQ",1.6,"µg/L",1,"Not reported",,,,"µg/L",,"µg/L","1","2","3","4",
"2025-09-22","Vannmiljø_139-124139","Copper","Vm_2025","VannmiljøCopper2025","Aquatic","Freshwater","Stressor","Concentration","1","Fake ID","",6.7,"µg/L",1,"Not reported",,,,"µg/L",,"µg/L","1","2","3","4",
"2025-09-22","Vannmiljø_139-124140","Copper","Vm_2025","VannmiljøCopper2025","Aquatic","Freshwater","Stressor","Concentration","1","Fake ID","< LOQ",1.6,"µg/L",1,"Not reported",,,,"µg/L",,"µg/L","1","2","3","4",
"2025-09-19","Vannmiljø_139-124141","Copper","Vm_2025","VannmiljøCopper2025","Aquatic","Freshwater","Stressor","Concentration","1","Fake ID","",3.9,"µg/L",1,"Not reported",,,,"µg/L",,"µg/L","1","2","3","4",
"2025-09-19","Vannmiljø_139-124142","Copper","Vm_2025","VannmiljøCopper2025","Aquatic","Freshwater","Stressor","Concentration","1","Fake ID","< LOQ",1.6,"µg/L",1,"Not reported",,,,"µg/L",,"µg/L","1","2","3","4",
"2025-09-19","Vannmiljø_139-124143","Copper","Vm_2025","VannmiljøCopper2025","Aquatic","Freshwater","Stressor","Concentration","1","Fake ID","",1.7,"µg/L",1,"Not reported",,,,"µg/L",,"µg/L","1","2","3","4",
"2025-09-19","Vannmiljø_139-124144","Copper","Vm_2025","VannmiljøCopper2025","Aquatic","Freshwater","Stressor","Concentration","1","Fake ID","",4.1,"µg/L",1,"Not reported",,,,"µg/L",,"µg/L","1","2","3","4",
"2025-08-18","Vannmiljø_139-124144","Copper","Vm_2025","VannmiljøCopper2025","Aquatic","Freshwater","Stressor","Concentration","1","Fake ID","",2.6,"µg/L",1,"Not reported",,,,"µg/L",,"µg/L","1","2","3","4",
"2025-09-19","Vannmiljø_139-124145","Copper","Vm_2025","VannmiljøCopper2025","Aquatic","Freshwater","Stressor","Concentration","1","Fake ID","< LOQ",1.6,"µg/L",1,"Not reported",,,,"µg/L",,"µg/L","1","2","3","4",
"2025-09-19","Vannmiljø_139-124148","Copper","Vm_2025","VannmiljøCopper2025","Aquatic","Freshwater","Stressor","Concentration","1","Fake ID","< LOQ",1.6,"µg/L",1,"Not reported",,,,"µg/L",,"µg/L","1","2","3","4",
"2025-08-18","Vannmiljø_139-124148","Copper","Vm_2025","VannmiljøCopper2025","Aquatic","Freshwater","Stressor","Concentration","1","Fake ID","",4.1,"µg/L",1,"Not reported",,,,"µg/L",,"µg/L","1","2","3","4",
"2025-09-19","Vannmiljø_139-124149","Copper","Vm_2025","VannmiljøCopper2025","Aquatic","Freshwater","Stressor","Concentration","1","Fake ID","< LOQ",1.6,"µg/L",1,"Not reported",,,,"µg/L",,"µg/L","1","2","3","4",
"2025-09-19","Vannmiljø_139-124150","Copper","Vm_2025","VannmiljøCopper2025","Aquatic","Freshwater","Stressor","Concentration","1","Fake ID","< LOQ",1.6,"µg/L",1,"Not reported",,,,"µg/L",,"µg/L","1","2","3","4",
"2025-09-19","Vannmiljø_139-124151","Copper","Vm_2025","VannmiljøCopper2025","Aquatic","Freshwater","Stressor","Concentration","1","Fake ID","< LOQ",1.6,"µg/L",1,"Not reported",,,,"µg/L",,"µg/L","1","2","3","4",
"2025-09-19","Vannmiljø_139-124152","Copper","Vm_2025","VannmiljøCopper2025","Aquatic","Freshwater","Stressor","Concentration","1","Fake ID","",1.6,"µg/L",1,"Not reported",,,,"µg/L",,"µg/L","1","2","3","4",
"2025-04-25","Vannmiljø_127-124197","Copper","Vm_2025","VannmiljøCopper2025","Aquatic","Freshwater","Stressor","Concentration","1","Fake ID","",4.1,"µg/L",1,"Not reported",,,,"µg/L",,"µg/L","1","2","3","4",
"2025-09-02","Vannmiljø_123-124351","Copper","Vm_2025","VannmiljøCopper2025","Aquatic","Freshwater","Stressor","Concentration","1","Fake ID","",0.22,"µg/L",1,"Not reported",,,,"µg/L",,"µg/L","1","2","3","4",
"2025-09-02","Vannmiljø_123-124352","Copper","Vm_2025","VannmiljøCopper2025","Aquatic","Freshwater","Stressor","Concentration","1","Fake ID","",1.7,"µg/L",1,"Not reported",,,,"µg/L",,"µg/L","1","2","3","4",
"2025-05-12","Vannmiljø_123-124405","Copper","Vm_2025","VannmiljøCopper2025","Aquatic","Freshwater","Stressor","Concentration","1","Fake ID","",0.14,"µg/L",1,"Not reported",,,,"µg/L",,"µg/L","1","2","3","4",
"2025-05-26","Vannmiljø_016-124778","Copper","Vm_2025","VannmiljøCopper2025","Aquatic","Freshwater","Stressor","Concentration","1","Fake ID","",0.23,"µg/L",1,"Not reported",,,,"µg/L",,"µg/L","1","2","3","4",
"2025-08-09","Vannmiljø_056-124808","Copper","Vm_2025","VannmiljøCopper2025","Aquatic","Freshwater","Stressor","Concentration","1","Fake ID","",1,"µg/L",1,"Not reported",,,,"µg/L",,"µg/L","1","2","3","4",
"2025-08-19","Vannmiljø_160-124983","Copper","Vm_2025","VannmiljøCopper2025","Aquatic","Freshwater","Stressor","Concentration","1","Fake ID","",1.2,"µg/L",1,"Not reported",,,,"µg/L",,"µg/L","1","2","3","4",
"2025-06-25","Vannmiljø_160-124983","Copper","Vm_2025","VannmiljøCopper2025","Aquatic","Freshwater","Stressor","Concentration","1","Fake ID","",1,"µg/L",1,"Not reported",,,,"µg/L",,"µg/L","1","2","3","4",
"2025-07-01","Vannmiljø_160-124983","Copper","Vm_2025","VannmiljøCopper2025","Aquatic","Freshwater","Stressor","Concentration","1","Fake ID","",1.2,"µg/L",1,"Not reported",,,,"µg/L",,"µg/L","1","2","3","4",
"2025-06-25","Vannmiljø_160-124984","Copper","Vm_2025","VannmiljøCopper2025","Aquatic","Freshwater","Stressor","Concentration","1","Fake ID","",1.1,"µg/L",1,"Not reported",,,,"µg/L",,"µg/L","1","2","3","4",
"2025-08-19","Vannmiljø_160-124984","Copper","Vm_2025","VannmiljøCopper2025","Aquatic","Freshwater","Stressor","Concentration","1","Fake ID","",1.3,"µg/L",1,"Not reported",,,,"µg/L",,"µg/L","1","2","3","4",
"2025-07-01","Vannmiljø_160-124984","Copper","Vm_2025","VannmiljøCopper2025","Aquatic","Freshwater","Stressor","Concentration","1","Fake ID","",1.2,"µg/L",1,"Not reported",,,,"µg/L",,"µg/L","1","2","3","4",
"2025-08-19","Vannmiljø_239-125138","Copper","Vm_2025","VannmiljøCopper2025","Aquatic","Freshwater","Stressor","Concentration","1","Fake ID","< LOQ",0.5,"µg/L",1,"Not reported",,,,"µg/L",,"µg/L","1","2","3","4",
"2025-09-09","Vannmiljø_239-125138","Copper","Vm_2025","VannmiljøCopper2025","Aquatic","Freshwater","Stressor","Concentration","1","Fake ID","",0.11,"µg/L",1,"Not reported",,,,"µg/L",,"µg/L","1","2","3","4",
"2025-09-09","Vannmiljø_239-125138","Copper","Vm_2025","VannmiljøCopper2025","Aquatic","Freshwater","Stressor","Concentration","1","Fake ID","",0.22,"µg/L",1,"Not reported",,,,"µg/L",,"µg/L","1","2","3","4",
"2025-10-07","Vannmiljø_239-125138","Copper","Vm_2025","VannmiljøCopper2025","Aquatic","Freshwater","Stressor","Concentration","1","Fake ID","< LOQ",0.5,"µg/L",1,"Not reported",,,,"µg/L",,"µg/L","1","2","3","4",
"2025-08-19","Vannmiljø_239-125139","Copper","Vm_2025","VannmiljøCopper2025","Aquatic","Freshwater","Stressor","Concentration","1","Fake ID","< LOQ",0.5,"µg/L",1,"Not reported",,,,"µg/L",,"µg/L","1","2","3","4",
"2025-10-07","Vannmiljø_239-125139","Copper","Vm_2025","VannmiljøCopper2025","Aquatic","Freshwater","Stressor","Concentration","1","Fake ID","< LOQ",0.5,"µg/L",1,"Not reported",,,,"µg/L",,"µg/L","1","2","3","4",
"2025-09-09","Vannmiljø_239-125139","Copper","Vm_2025","VannmiljøCopper2025","Aquatic","Freshwater","Stressor","Concentration","1","Fake ID","",0.11,"µg/L",1,"Not reported",,,,"µg/L",,"µg/L","1","2","3","4",
"2025-09-04","Vannmiljø_026-125152","Copper","Vm_2025","VannmiljøCopper2025","Aquatic","Freshwater","Stressor","Concentration","1","Fake ID","",0.39,"µg/L",1,"Not reported",,,,"µg/L",,"µg/L","1","2","3","4",
"2025-06-12","Vannmiljø_122-125247","Copper","Vm_2025","VannmiljøCopper2025","Aquatic","Freshwater","Stressor","Concentration","1","Fake ID","",1.11,"µg/L",1,"Not reported",,,1,"µg/L",,"µg/L","1","2","3","4","ICP-SFMS Waste water after digestion"
"2025-10-30","Vannmiljø_012-125261","Copper","Vm_2025","VannmiljøCopper2025","Aquatic","Freshwater","Stressor","Concentration","1","Fake ID","",0.56,"µg/L",1,"Not reported",,,,"µg/L",,"µg/L","1","2","3","4",
"2025-10-30","Vannmiljø_012-125262","Copper","Vm_2025","VannmiljøCopper2025","Aquatic","Freshwater","Stressor","Concentration","1","Fake ID","< LOQ",0.5,"µg/L",1,"Not reported",,,,"µg/L",,"µg/L","1","2","3","4",
"2025-10-30","Vannmiljø_012-125263","Copper","Vm_2025","VannmiljøCopper2025","Aquatic","Freshwater","Stressor","Concentration","1","Fake ID","< LOQ",0.5,"µg/L",1,"Not reported",,,,"µg/L",,"µg/L","1","2","3","4",
"2025-10-30","Vannmiljø_012-125264","Copper","Vm_2025","VannmiljøCopper2025","Aquatic","Freshwater","Stressor","Concentration","1","Fake ID","< LOQ",0.5,"µg/L",1,"Not reported",,,,"µg/L",,"µg/L","1","2","3","4",
"2025-10-30","Vannmiljø_012-125265","Copper","Vm_2025","VannmiljøCopper2025","Aquatic","Freshwater","Stressor","Concentration","1","Fake ID","< LOQ",0.5,"µg/L",1,"Not reported",,,,"µg/L",,"µg/L","1","2","3","4",
"2025-10-30","Vannmiljø_012-125266","Copper","Vm_2025","VannmiljøCopper2025","Aquatic","Freshwater","Stressor","Concentration","1","Fake ID","< LOQ",0.5,"µg/L",1,"Not reported",,,,"µg/L",,"µg/L","1","2","3","4",
"2025-10-27","Vannmiljø_139-125304","Copper","Vm_2025","VannmiljøCopper2025","Aquatic","Freshwater","Stressor","Concentration","1","Fake ID","",120,"µg/L",1,"Not reported",,,,"µg/L",,"µg/L","1","2","3","4",
"2025-09-26","Vannmiljø_002-125332","Copper","Vm_2025","VannmiljøCopper2025","Aquatic","Freshwater","Stressor","Concentration","1","Fake ID","",1.3,"µg/L",1,"Not reported",,,,"µg/L",,"µg/L","1","2","3","4",
"2025-09-26","Vannmiljø_002-125332","Copper","Vm_2025","VannmiljøCopper2025","Aquatic","Freshwater","Stressor","Concentration","1","Fake ID","",1.1,"µg/L",1,"Not reported",,,,"µg/L",,"µg/L","1","2","3","4",
"2025-09-26","Vannmiljø_002-125333","Copper","Vm_2025","VannmiljøCopper2025","Aquatic","Freshwater","Stressor","Concentration","1","Fake ID","",1.2,"µg/L",1,"Not reported",,,,"µg/L",,"µg/L","1","2","3","4",
"2025-09-26","Vannmiljø_002-125333","Copper","Vm_2025","VannmiljøCopper2025","Aquatic","Freshwater","Stressor","Concentration","1","Fake ID","",1.5,"µg/L",1,"Not reported",,,,"µg/L",,"µg/L","1","2","3","4",
"2025-09-26","Vannmiljø_002-125335","Copper","Vm_2025","VannmiljøCopper2025","Aquatic","Freshwater","Stressor","Concentration","1","Fake ID","",1.2,"µg/L",1,"Not reported",,,,"µg/L",,"µg/L","1","2","3","4",
"2025-09-26","Vannmiljø_002-125335","Copper","Vm_2025","VannmiljøCopper2025","Aquatic","Freshwater","Stressor","Concentration","1","Fake ID","",1.3,"µg/L",1,"Not reported",,,,"µg/L",,"µg/L","1","2","3","4",
"2025-09-26","Vannmiljø_002-125337","Copper","Vm_2025","VannmiljøCopper2025","Aquatic","Freshwater","Stressor","Concentration","1","Fake ID","",0.93,"µg/L",1,"Not reported",,,,"µg/L",,"µg/L","1","2","3","4",
"2025-09-26","Vannmiljø_002-125337","Copper","Vm_2025","VannmiljøCopper2025","Aquatic","Freshwater","Stressor","Concentration","1","Fake ID","",1.2,"µg/L",1,"Not reported",,,,"µg/L",,"µg/L","1","2","3","4",
"2025-08-26","Vannmiljø_143-125366","Copper","Vm_2025","VannmiljøCopper2025","Aquatic","Freshwater","Stressor","Concentration","1","Fake ID","",3.6,"µg/L",1,"Not reported",,,,"µg/L",,"µg/L","1","2","3","4",
"2025-07-08","Vannmiljø_143-125366","Copper","Vm_2025","VannmiljøCopper2025","Aquatic","Freshwater","Stressor","Concentration","1","Fake ID","",2.2,"µg/L",1,"Not reported",,,,"µg/L",,"µg/L","1","2","3","4",
"2025-09-11","Vannmiljø_016-125388","Copper","Vm_2025","VannmiljøCopper2025","Aquatic","Freshwater","Stressor","Concentration","1","Fake ID","",3.7,"µg/L",1,"Not reported",,,,"µg/L",,"µg/L","1","2","3","4",
"2025-05-16","Vannmiljø_013-125441","Copper","Vm_2025","VannmiljøCopper2025","Aquatic","Freshwater","Stressor","Concentration","1","Fake ID","",0.97,"µg/L",1,"Not reported",,,,"µg/L",,"µg/L","1","2","3","4",
"2025-05-26","Vannmiljø_013-125441","Copper","Vm_2025","VannmiljøCopper2025","Aquatic","Freshwater","Stressor","Concentration","1","Fake ID","",1.6,"µg/L",1,"Not reported",,,,"µg/L",,"µg/L","1","2","3","4",
"2025-06-13","Vannmiljø_013-125441","Copper","Vm_2025","VannmiljøCopper2025","Aquatic","Freshwater","Stressor","Concentration","1","Fake ID","",1.1,"µg/L",1,"Not reported",,,,"µg/L",,"µg/L","1","2","3","4",
"2025-09-25","Vannmiljø_013-125441","Copper","Vm_2025","VannmiljøCopper2025","Aquatic","Freshwater","Stressor","Concentration","1","Fake ID","",0.78,"µg/L",1,"Not reported",,,,"µg/L",,"µg/L","1","2","3","4",
"2025-05-16","Vannmiljø_012-125443","Copper","Vm_2025","VannmiljøCopper2025","Aquatic","Freshwater","Stressor","Concentration","1","Fake ID","",0.73,"µg/L",1,"Not reported",,,,"µg/L",,"µg/L","1","2","3","4",
"2025-05-26","Vannmiljø_012-125443","Copper","Vm_2025","VannmiljøCopper2025","Aquatic","Freshwater","Stressor","Concentration","1","Fake ID","",2,"µg/L",1,"Not reported",,,,"µg/L",,"µg/L","1","2","3","4",
"2025-06-12","Vannmiljø_012-125443","Copper","Vm_2025","VannmiljøCopper2025","Aquatic","Freshwater","Stressor","Concentration","1","Fake ID","",1.1,"µg/L",1,"Not reported",,,,"µg/L",,"µg/L","1","2","3","4",
"2025-09-25","Vannmiljø_012-125443","Copper","Vm_2025","VannmiljøCopper2025","Aquatic","Freshwater","Stressor","Concentration","1","Fake ID","",0.91,"µg/L",1,"Not reported",,,,"µg/L",,"µg/L","1","2","3","4",
"2025-05-16","Vannmiljø_012-125447","Copper","Vm_2025","VannmiljøCopper2025","Aquatic","Freshwater","Stressor","Concentration","1","Fake ID","",1.6,"µg/L",1,"Not reported",,,,"µg/L",,"µg/L","1","2","3","4",
"2025-05-27","Vannmiljø_012-125447","Copper","Vm_2025","VannmiljøCopper2025","Aquatic","Freshwater","Stressor","Concentration","1","Fake ID","",5.4,"µg/L",1,"Not reported",,,,"µg/L",,"µg/L","1","2","3","4",
"2025-06-12","Vannmiljø_012-125447","Copper","Vm_2025","VannmiljøCopper2025","Aquatic","Freshwater","Stressor","Concentration","1","Fake ID","",3.4,"µg/L",1,"Not reported",,,,"µg/L",,"µg/L","1","2","3","4",
"2025-09-25","Vannmiljø_012-125447","Copper","Vm_2025","VannmiljøCopper2025","Aquatic","Freshwater","Stressor","Concentration","1","Fake ID","",1.3,"µg/L",1,"Not reported",,,,"µg/L",,"µg/L","1","2","3","4",
"2025-05-16","Vannmiljø_012-125452","Copper","Vm_2025","VannmiljøCopper2025","Aquatic","Freshwater","Stressor","Concentration","1","Fake ID","",0.66,"µg/L",1,"Not reported",,,,"µg/L",,"µg/L","1","2","3","4",
"2025-05-26","Vannmiljø_012-125452","Copper","Vm_2025","VannmiljøCopper2025","Aquatic","Freshwater","Stressor","Concentration","1","Fake ID","",0.56,"µg/L",1,"Not reported",,,,"µg/L",,"µg/L","1","2","3","4",
"2025-06-12","Vannmiljø_012-125452","Copper","Vm_2025","VannmiljøCopper2025","Aquatic","Freshwater","Stressor","Concentration","1","Fake ID","",0.57,"µg/L",1,"Not reported",,,,"µg/L",,"µg/L","1","2","3","4",
"2025-09-25","Vannmiljø_012-125452","Copper","Vm_2025","VannmiljøCopper2025","Aquatic","Freshwater","Stressor","Concentration","1","Fake ID","",0.52,"µg/L",1,"Not reported",,,,"µg/L",,"µg/L","1","2","3","4",
"2025-08-19","Vannmiljø_002-125483","Copper","Vm_2025","VannmiljøCopper2025","Aquatic","Freshwater","Stressor","Concentration","1","Fake ID","",4.3,"µg/L",1,"Not reported",,,,"µg/L",,"µg/L","1","2","3","4",
"2025-09-18","Vannmiljø_199-125486","Copper","Vm_2025","VannmiljøCopper2025","Aquatic","Freshwater","Stressor","Concentration","1","Fake ID","",0.132,"µg/L",1,"Not reported",,,,"µg/L",,"µg/L","1","2","3","4",
"2025-09-18","Vannmiljø_199-125517","Copper","Vm_2025","VannmiljøCopper2025","Aquatic","Freshwater","Stressor","Concentration","1","Fake ID","",0.215,"µg/L",1,"Not reported",,,,"µg/L",,"µg/L","1","2","3","4",
"2025-09-18","Vannmiljø_199-125519","Copper","Vm_2025","VannmiljøCopper2025","Aquatic","Freshwater","Stressor","Concentration","1","Fake ID","",0.281,"µg/L",1,"Not reported",,,,"µg/L",,"µg/L","1","2","3","4",
"2025-09-18","Vannmiljø_199-125520","Copper","Vm_2025","VannmiljøCopper2025","Aquatic","Freshwater","Stressor","Concentration","1","Fake ID","",0.081,"µg/L",1,"Not reported",,,,"µg/L",,"µg/L","1","2","3","4",
"2025-09-18","Vannmiljø_199-125521","Copper","Vm_2025","VannmiljøCopper2025","Aquatic","Freshwater","Stressor","Concentration","1","Fake ID","",0.275,"µg/L",1,"Not reported",,,,"µg/L",,"µg/L","1","2","3","4",
"2025-09-18","Vannmiljø_199-125522","Copper","Vm_2025","VannmiljøCopper2025","Aquatic","Freshwater","Stressor","Concentration","1","Fake ID","",0.5,"µg/L",1,"Not reported",,,,"µg/L",,"µg/L","1","2","3","4",
"2025-09-18","Vannmiljø_199-125523","Copper","Vm_2025","VannmiljøCopper2025","Aquatic","Freshwater","Stressor","Concentration","1","Fake ID","",0.156,"µg/L",1,"Not reported",,,,"µg/L",,"µg/L","1","2","3","4",
"2025-09-18","Vannmiljø_199-125524","Copper","Vm_2025","VannmiljøCopper2025","Aquatic","Freshwater","Stressor","Concentration","1","Fake ID","",0.132,"µg/L",1,"Not reported",,,,"µg/L",,"µg/L","1","2","3","4",
"2025-02-17","Vannmiljø_018-125559","Copper","Vm_2025","VannmiljøCopper2025","Aquatic","Freshwater","Stressor","Concentration","1","Fake ID","",2.4,"µg/L",1,"Not reported",,,0.05,"µg/L",,"µg/L","1","2","3","4","Metode provetaking: NS-ISO 5667-4:2016A; Metode analyse: SS-EN ISO 17294-2:2023"
"2025-04-23","Vannmiljø_018-125559","Copper","Vm_2025","VannmiljøCopper2025","Aquatic","Freshwater","Stressor","Concentration","1","Fake ID","",2,"µg/L",1,"Not reported",,,0.05,"µg/L",,"µg/L","1","2","3","4","Metode provetaking: NS-ISO 5667-4:2016A; Metode analyse: SS-EN ISO 17294-2:2023"
"2025-04-23","Vannmiljø_018-125560","Copper","Vm_2025","VannmiljøCopper2025","Aquatic","Freshwater","Stressor","Concentration","1","Fake ID","",2.1,"µg/L",1,"Not reported",,,0.05,"µg/L",,"µg/L","1","2","3","4","Metode provetaking: NS-ISO 5667-4:2016A; Metode analyse: SS-EN ISO 17294-2:2023"
"2025-09-18","Vannmiljø_123-125561","Copper","Vm_2025","VannmiljøCopper2025","Aquatic","Freshwater","Stressor","Concentration","1","Fake ID","",2,"µg/L",1,"Not reported",,,,"µg/L",,"µg/L","1","2","3","4",
"2025-09-18","Vannmiljø_123-125562","Copper","Vm_2025","VannmiljøCopper2025","Aquatic","Freshwater","Stressor","Concentration","1","Fake ID","",0.62,"µg/L",1,"Not reported",,,,"µg/L",,"µg/L","1","2","3","4",
"2025-09-18","Vannmiljø_123-125563","Copper","Vm_2025","VannmiljøCopper2025","Aquatic","Freshwater","Stressor","Concentration","1","Fake ID","",4.5,"µg/L",1,"Not reported",,,,"µg/L",,"µg/L","1","2","3","4",
"2025-10-30","Vannmiljø_012-125615","Copper","Vm_2025","VannmiljøCopper2025","Aquatic","Freshwater","Stressor","Concentration","1","Fake ID","< LOQ",0.5,"µg/L",1,"Not reported",,,,"µg/L",,"µg/L","1","2","3","4",
"2025-10-30","Vannmiljø_012-125616","Copper","Vm_2025","VannmiljøCopper2025","Aquatic","Freshwater","Stressor","Concentration","1","Fake ID","",1.9,"µg/L",1,"Not reported",,,,"µg/L",,"µg/L","1","2","3","4",
"2025-10-30","Vannmiljø_012-125618","Copper","Vm_2025","VannmiljøCopper2025","Aquatic","Freshwater","Stressor","Concentration","1","Fake ID","< LOQ",0.5,"µg/L",1,"Not reported",,,,"µg/L",,"µg/L","1","2","3","4",
"2025-10-30","Vannmiljø_012-125619","Copper","Vm_2025","VannmiljøCopper2025","Aquatic","Freshwater","Stressor","Concentration","1","Fake ID","< LOQ",0.5,"µg/L",1,"Not reported",,,,"µg/L",,"µg/L","1","2","3","4",
"2025-11-18","Vannmiljø_125-125760","Copper","Vm_2025","VannmiljøCopper2025","Aquatic","Freshwater","Stressor","Concentration","1","Fake ID","",1.7,"µg/L",1,"Not reported",,,,"µg/L",,"µg/L","1","2","3","4",
"2025-11-18","Vannmiljø_125-125760","Copper","Vm_2025","VannmiljøCopper2025","Aquatic","Freshwater","Stressor","Concentration","1","Fake ID","",3,"µg/L",1,"Not reported",,,,"µg/L",,"µg/L","1","2","3","4",
"2025-11-18","Vannmiljø_125-125760","Copper","Vm_2025","VannmiljøCopper2025","Aquatic","Freshwater","Stressor","Concentration","1","Fake ID","",1.5,"µg/L",1,"Not reported",,,,"µg/L",,"µg/L","1","2","3","4",
"2025-11-18","Vannmiljø_125-125760","Copper","Vm_2025","VannmiljøCopper2025","Aquatic","Freshwater","Stressor","Concentration","1","Fake ID","",2,"µg/L",1,"Not reported",,,,"µg/L",,"µg/L","1","2","3","4",
"2025-11-04","Vannmiljø_125-125760","Copper","Vm_2025","VannmiljøCopper2025","Aquatic","Freshwater","Stressor","Concentration","1","Fake ID","",1.3,"µg/L",1,"Not reported",,,,"µg/L",,"µg/L","1","2","3","4",
"2025-11-04","Vannmiljø_125-125760","Copper","Vm_2025","VannmiljøCopper2025","Aquatic","Freshwater","Stressor","Concentration","1","Fake ID","",1.6,"µg/L",1,"Not reported",,,,"µg/L",,"µg/L","1","2","3","4",
"2025-11-04","Vannmiljø_125-125760","Copper","Vm_2025","VannmiljøCopper2025","Aquatic","Freshwater","Stressor","Concentration","1","Fake ID","",1.3,"µg/L",1,"Not reported",,,,"µg/L",,"µg/L","1","2","3","4",
"2025-11-04","Vannmiljø_125-125760","Copper","Vm_2025","VannmiljøCopper2025","Aquatic","Freshwater","Stressor","Concentration","1","Fake ID","",1.7,"µg/L",1,"Not reported",,,,"µg/L",,"µg/L","1","2","3","4",
"2025-09-26","Vannmiljø_125-125760","Copper","Vm_2025","VannmiljøCopper2025","Aquatic","Freshwater","Stressor","Concentration","1","Fake ID","",2.1,"µg/L",1,"Not reported",,,,"µg/L",,"µg/L","1","2","3","4",
"2025-09-26","Vannmiljø_125-125760","Copper","Vm_2025","VannmiljøCopper2025","Aquatic","Freshwater","Stressor","Concentration","1","Fake ID","",1.9,"µg/L",1,"Not reported",,,,"µg/L",,"µg/L","1","2","3","4",
"2025-10-21","Vannmiljø_125-125760","Copper","Vm_2025","VannmiljøCopper2025","Aquatic","Freshwater","Stressor","Concentration","1","Fake ID","",1.6,"µg/L",1,"Not reported",,,,"µg/L",,"µg/L","1","2","3","4",
"2025-10-21","Vannmiljø_125-125760","Copper","Vm_2025","VannmiljøCopper2025","Aquatic","Freshwater","Stressor","Concentration","1","Fake ID","",2.1,"µg/L",1,"Not reported",,,,"µg/L",,"µg/L","1","2","3","4",
"2025-10-21","Vannmiljø_125-125760","Copper","Vm_2025","VannmiljøCopper2025","Aquatic","Freshwater","Stressor","Concentration","1","Fake ID","",1.4,"µg/L",1,"Not reported",,,,"µg/L",,"µg/L","1","2","3","4",
"2025-10-21","Vannmiljø_125-125760","Copper","Vm_2025","VannmiljøCopper2025","Aquatic","Freshwater","Stressor","Concentration","1","Fake ID","",2.7,"µg/L",1,"Not reported",,,,"µg/L",,"µg/L","1","2","3","4",
"2025-11-18","Vannmiljø_125-125761","Copper","Vm_2025","VannmiljøCopper2025","Aquatic","Freshwater","Stressor","Concentration","1","Fake ID","",1.4,"µg/L",1,"Not reported",,,,"µg/L",,"µg/L","1","2","3","4",
"2025-11-18","Vannmiljø_125-125761","Copper","Vm_2025","VannmiljøCopper2025","Aquatic","Freshwater","Stressor","Concentration","1","Fake ID","",1.8,"µg/L",1,"Not reported",,,,"µg/L",,"µg/L","1","2","3","4",
"2025-11-18","Vannmiljø_125-125761","Copper","Vm_2025","VannmiljøCopper2025","Aquatic","Freshwater","Stressor","Concentration","1","Fake ID","",1.3,"µg/L",1,"Not reported",,,,"µg/L",,"µg/L","1","2","3","4",
"2025-11-18","Vannmiljø_125-125761","Copper","Vm_2025","VannmiljøCopper2025","Aquatic","Freshwater","Stressor","Concentration","1","Fake ID","",1.5,"µg/L",1,"Not reported",,,,"µg/L",,"µg/L","1","2","3","4",
"2025-11-04","Vannmiljø_125-125761","Copper","Vm_2025","VannmiljøCopper2025","Aquatic","Freshwater","Stressor","Concentration","1","Fake ID","",1.2,"µg/L",1,"Not reported",,,,"µg/L",,"µg/L","1","2","3","4",
"2025-11-04","Vannmiljø_125-125761","Copper","Vm_2025","VannmiljøCopper2025","Aquatic","Freshwater","Stressor","Concentration","1","Fake ID","",1.5,"µg/L",1,"Not reported",,,,"µg/L",,"µg/L","1","2","3","4",
"2025-11-04","Vannmiljø_125-125761","Copper","Vm_2025","VannmiljøCopper2025","Aquatic","Freshwater","Stressor","Concentration","1","Fake ID","",1.2,"µg/L",1,"Not reported",,,,"µg/L",,"µg/L","1","2","3","4",
"2025-11-04","Vannmiljø_125-125761","Copper","Vm_2025","VannmiljøCopper2025","Aquatic","Freshwater","Stressor","Concentration","1","Fake ID","",1.5,"µg/L",1,"Not reported",,,,"µg/L",,"µg/L","1","2","3","4",
"2025-09-26","Vannmiljø_125-125761","Copper","Vm_2025","VannmiljøCopper2025","Aquatic","Freshwater","Stressor","Concentration","1","Fake ID","",1.9,"µg/L",1,"Not reported",,,,"µg/L",,"µg/L","1","2","3","4",
"2025-09-26","Vannmiljø_125-125761","Copper","Vm_2025","VannmiljøCopper2025","Aquatic","Freshwater","Stressor","Concentration","1","Fake ID","",1.9,"µg/L",1,"Not reported",,,,"µg/L",,"µg/L","1","2","3","4",
"2025-10-21","Vannmiljø_125-125761","Copper","Vm_2025","VannmiljøCopper2025","Aquatic","Freshwater","Stressor","Concentration","1","Fake ID","",1.4,"µg/L",1,"Not reported",,,,"µg/L",,"µg/L","1","2","3","4",
"2025-10-21","Vannmiljø_125-125761","Copper","Vm_2025","VannmiljøCopper2025","Aquatic","Freshwater","Stressor","Concentration","1","Fake ID","",1.8,"µg/L",1,"Not reported",,,,"µg/L",,"µg/L","1","2","3","4",
"2025-10-21","Vannmiljø_125-125761","Copper","Vm_2025","VannmiljøCopper2025","Aquatic","Freshwater","Stressor","Concentration","1","Fake ID","",1.9,"µg/L",1,"Not reported",,,,"µg/L",,"µg/L","1","2","3","4",
"2025-10-21","Vannmiljø_125-125761","Copper","Vm_2025","VannmiljøCopper2025","Aquatic","Freshwater","Stressor","Concentration","1","Fake ID","",2.4,"µg/L",1,"Not reported",,,,"µg/L",,"µg/L","1","2","3","4",
"2025-11-18","Vannmiljø_125-125762","Copper","Vm_2025","VannmiljøCopper2025","Aquatic","Freshwater","Stressor","Concentration","1","Fake ID","",1.3,"µg/L",1,"Not reported",,,,"µg/L",,"µg/L","1","2","3","4",
"2025-11-18","Vannmiljø_125-125762","Copper","Vm_2025","VannmiljøCopper2025","Aquatic","Freshwater","Stressor","Concentration","1","Fake ID","",1.5,"µg/L",1,"Not reported",,,,"µg/L",,"µg/L","1","2","3","4",
"2025-11-18","Vannmiljø_125-125762","Copper","Vm_2025","VannmiljøCopper2025","Aquatic","Freshwater","Stressor","Concentration","1","Fake ID","",1.2,"µg/L",1,"Not reported",,,,"µg/L",,"µg/L","1","2","3","4",
"2025-11-18","Vannmiljø_125-125762","Copper","Vm_2025","VannmiljøCopper2025","Aquatic","Freshwater","Stressor","Concentration","1","Fake ID","",1.6,"µg/L",1,"Not reported",,,,"µg/L",,"µg/L","1","2","3","4",
"2025-11-04","Vannmiljø_125-125762","Copper","Vm_2025","VannmiljøCopper2025","Aquatic","Freshwater","Stressor","Concentration","1","Fake ID","",1.3,"µg/L",1,"Not reported",,,,"µg/L",,"µg/L","1","2","3","4",
"2025-11-04","Vannmiljø_125-125762","Copper","Vm_2025","VannmiljøCopper2025","Aquatic","Freshwater","Stressor","Concentration","1","Fake ID","",1.7,"µg/L",1,"Not reported",,,,"µg/L",,"µg/L","1","2","3","4",
"2025-11-04","Vannmiljø_125-125762","Copper","Vm_2025","VannmiljøCopper2025","Aquatic","Freshwater","Stressor","Concentration","1","Fake ID","",1.2,"µg/L",1,"Not reported",,,,"µg/L",,"µg/L","1","2","3","4",
"2025-11-04","Vannmiljø_125-125762","Copper","Vm_2025","VannmiljøCopper2025","Aquatic","Freshwater","Stressor","Concentration","1","Fake ID","",1.7,"µg/L",1,"Not reported",,,,"µg/L",,"µg/L","1","2","3","4",
"2025-09-26","Vannmiljø_125-125762","Copper","Vm_2025","VannmiljøCopper2025","Aquatic","Freshwater","Stressor","Concentration","1","Fake ID","",2.1,"µg/L",1,"Not reported",,,,"µg/L",,"µg/L","1","2","3","4",
"2025-09-26","Vannmiljø_125-125762","Copper","Vm_2025","VannmiljøCopper2025","Aquatic","Freshwater","Stressor","Concentration","1","Fake ID","",2.5,"µg/L",1,"Not reported",,,,"µg/L",,"µg/L","1","2","3","4",
"2025-10-21","Vannmiljø_125-125762","Copper","Vm_2025","VannmiljøCopper2025","Aquatic","Freshwater","Stressor","Concentration","1","Fake ID","",1.4,"µg/L",1,"Not reported",,,,"µg/L",,"µg/L","1","2","3","4",
"2025-10-21","Vannmiljø_125-125762","Copper","Vm_2025","VannmiljøCopper2025","Aquatic","Freshwater","Stressor","Concentration","1","Fake ID","",1.8,"µg/L",1,"Not reported",,,,"µg/L",,"µg/L","1","2","3","4",
"2025-10-21","Vannmiljø_125-125762","Copper","Vm_2025","VannmiljøCopper2025","Aquatic","Freshwater","Stressor","Concentration","1","Fake ID","",1.3,"µg/L",1,"Not reported",,,,"µg/L",,"µg/L","1","2","3","4",
"2025-10-21","Vannmiljø_125-125762","Copper","Vm_2025","VannmiljøCopper2025","Aquatic","Freshwater","Stressor","Concentration","1","Fake ID","",1.5,"µg/L",1,"Not reported",,,,"µg/L",,"µg/L","1","2","3","4",
"2025-11-18","Vannmiljø_125-125763","Copper","Vm_2025","VannmiljøCopper2025","Aquatic","Freshwater","Stressor","Concentration","1","Fake ID","",1.3,"µg/L",1,"Not reported",,,,"µg/L",,"µg/L","1","2","3","4",
"2025-11-18","Vannmiljø_125-125763","Copper","Vm_2025","VannmiljøCopper2025","Aquatic","Freshwater","Stressor","Concentration","1","Fake ID","",1.6,"µg/L",1,"Not reported",,,,"µg/L",,"µg/L","1","2","3","4",
"2025-11-04","Vannmiljø_125-125763","Copper","Vm_2025","VannmiljøCopper2025","Aquatic","Freshwater","Stressor","Concentration","1","Fake ID","",1.2,"µg/L",1,"Not reported",,,,"µg/L",,"µg/L","1","2","3","4",
"2025-11-04","Vannmiljø_125-125763","Copper","Vm_2025","VannmiljøCopper2025","Aquatic","Freshwater","Stressor","Concentration","1","Fake ID","",1.4,"µg/L",1,"Not reported",,,,"µg/L",,"µg/L","1","2","3","4",
"2025-09-26","Vannmiljø_125-125763","Copper","Vm_2025","VannmiljøCopper2025","Aquatic","Freshwater","Stressor","Concentration","1","Fake ID","",1.4,"µg/L",1,"Not reported",,,,"µg/L",,"µg/L","1","2","3","4",
"2025-10-21","Vannmiljø_125-125763","Copper","Vm_2025","VannmiljøCopper2025","Aquatic","Freshwater","Stressor","Concentration","1","Fake ID","",1.3,"µg/L",1,"Not reported",,,,"µg/L",,"µg/L","1","2","3","4",
"2025-10-21","Vannmiljø_125-125763","Copper","Vm_2025","VannmiljøCopper2025","Aquatic","Freshwater","Stressor","Concentration","1","Fake ID","",1.5,"µg/L",1,"Not reported",,,,"µg/L",,"µg/L","1","2","3","4",
"2025-08-19","Vannmiljø_002-125825","Copper","Vm_2025","VannmiljøCopper2025","Aquatic","Freshwater","Stressor","Concentration","1","Fake ID","",3.05,"µg/L",1,"Not reported",,,,"µg/L",,"µg/L","1","2","3","4",
