"SITE_CODE","SITE_NAME","SITE_GEOGRAPHIC_FEATURE","SITE_GEOGRAPHIC_FEATURE_SUB","LATITUDE","LONGITUDE","SITE_COORDINATE_SYSTEM","COUNTRY_ISO","OCEAN_IHO","ENTERED_BY","ENTERED_DATE","SITE_COMMENT"
"Vannmiljø_055-28146","Vannmiljø Station Ulvenvatnet","Lake, pond, pool, reservoir","Water column, pelagic zone",60.19352380109409,5.4353676579526224,"WGS84","Norway","Not relevant","Sam Welch (Vm Conversion)","2025-12-16",
"Vannmiljø_011-28691","Vannmiljø Station Hårbergbekken, nedstrøms sigevannskum","River, stream, canal","Water column, pelagic zone",59.81257037430872,10.23876944840711,"WGS84","Norway","Not relevant","Sam Welch (Vm Conversion)","2025-12-16",
"Vannmiljø_012-28712","Vannmiljø Station Kjøsterudbekken","River, stream, canal","Water column, pelagic zone",59.75306288589832,10.117597467295408,"WGS84","Norway","Not relevant","Sam Welch (Vm Conversion)","2025-12-16",
"Vannmiljø_012-29039","Vannmiljø Station Strandafj. inn (HAL-208)","River, stream, canal","Water column, pelagic zone",60.57668744522934,8.424976907663742,"WGS84","Norway","Not relevant","Sam Welch (Vm Conversion)","2025-12-16",
"Vannmiljø_139-29164","Vannmiljø Station Elstadelva","River, stream, canal","Water column, pelagic zone",64.52267043775535,12.41659447458617,"WGS84","Norway","Not relevant","Sam Welch (Vm Conversion)","2025-12-16",
"Vannmiljø_056-29774","Vannmiljø Station Kristianborgvannet","Lake, pond, pool, reservoir","Water column, pelagic zone",60.353370053013144,5.340172404626483,"WGS84","Norway","Not relevant","Sam Welch (Vm Conversion)","2025-12-16","Vm Original Comment: Vegsalt og tungmetaller i innsjøer langs europa- og riksveier.
"
"Vannmiljø_056-29886","Vannmiljø Station Griggastemma,  HORIGR01","Lake, pond, pool, reservoir","Water column, pelagic zone",60.45281555563441,5.3196146626135015,"WGS84","Norway","Not relevant","Sam Welch (Vm Conversion)","2025-12-16","Vm Original Comment: Vegsalt og tungmetaller i innsjøer langs veger i Sør-Norge
"
"Vannmiljø_061-30052","Vannmiljø Station Gaupåsvatnet","Lake, pond, pool, reservoir","Water column, pelagic zone",60.45862528654584,5.416223750786535,"WGS84","Norway","Not relevant","Sam Welch (Vm Conversion)","2025-12-16","Vm Original Comment: Gaupåsvassdraget"
"Vannmiljø_139-30256","Vannmiljø Station Fosslandselva","River, stream, canal","Water column, pelagic zone",64.48697496129124,12.347629110429128,"WGS84","Norway","Not relevant","Sam Welch (Vm Conversion)","2025-12-16",
"Vannmiljø_140-30303","Vannmiljø Station Gullvikbekken","River, stream, canal","Water column, pelagic zone",64.47075297237765,11.44591579257586,"WGS84","Norway","Not relevant","Sam Welch (Vm Conversion)","2025-12-16","Vm Original Comment: Like ovenfor renseanlegget."
"Vannmiljø_124-30416","Vannmiljø Station Vollselva 1","River, stream, canal","Water column, pelagic zone",63.49929156765698,10.866439460834249,"WGS84","Norway","Not relevant","Sam Welch (Vm Conversion)","2025-12-16",
"Vannmiljø_124-30425","Vannmiljø Station Vollselva 2","River, stream, canal","Water column, pelagic zone",63.48631685024255,10.895826362857292,"WGS84","Norway","Not relevant","Sam Welch (Vm Conversion)","2025-12-16",
"Vannmiljø_139-30523","Vannmiljø Station Fjerdingelva","River, stream, canal","Water column, pelagic zone",64.63638306447439,12.618081872577438,"WGS84","Norway","Not relevant","Sam Welch (Vm Conversion)","2025-12-16",
"Vannmiljø_139-30568","Vannmiljø Station Bjøra I","River, stream, canal","Water column, pelagic zone",64.5041359378896,11.9943504229408,"WGS84","Norway","Not relevant","Sam Welch (Vm Conversion)","2025-12-16",
"Vannmiljø_109-31502","Vannmiljø Station Driva nedstrøms Ålma","River, stream, canal","Water column, pelagic zone",62.58902474545222,9.636775342362032,"WGS84","Norway","Not relevant","Sam Welch (Vm Conversion)","2025-12-16",
"Vannmiljø_109-31569","Vannmiljø Station Driva v/Båggåstronda","River, stream, canal","Water column, pelagic zone",62.57927344273297,9.636904272182674,"WGS84","Norway","Not relevant","Sam Welch (Vm Conversion)","2025-12-16",
"Vannmiljø_012-37954","Vannmiljø Station Strandafjorden","Lake, pond, pool, reservoir","Water column, pelagic zone",60.61360000080654,8.525100000164144,"WGS84","Norway","Not relevant","Sam Welch (Vm Conversion)","2025-12-16",
"Vannmiljø_123-38341","Vannmiljø Station Homla nedstrøms E6","River, stream, canal","Water column, pelagic zone",63.41400932068614,10.807630188168758,"WGS84","Norway","Not relevant","Sam Welch (Vm Conversion)","2025-12-16","Vm Original Comment: Vannkvalitet, sedimenter, automatisk vannlogging"
"Vannmiljø_056-43268","Vannmiljø Station Liavatnet - Lyngbødalen","Lake, pond, pool, reservoir","Water column, pelagic zone",60.371684511646684,5.254757992279852,"WGS84","Norway","Not relevant","Sam Welch (Vm Conversion)","2025-12-16","Vm Original Comment: Miljøgifter i ferskvannsfisk: NIVA-rapport SR 96/017
Liavatnet, HORILI01: Vegsalt og tungmetaller i innsjøer langs veger i Sør-Norge"
"Vannmiljø_056-43318","Vannmiljø Station Apeltunvatnet,  HORIAP01","Lake, pond, pool, reservoir","Water column, pelagic zone",60.29773633626406,5.333320856366862,"WGS84","Norway","Not relevant","Sam Welch (Vm Conversion)","2025-12-16","Vm Original Comment: Miljøgifter i innsjøsedimenter: NIVA-rapport OR-3699 og OR-3880.
Vegsalt og tungmetaller i innsjøer langs veger i Sør-Norge"
"Vannmiljø_307-44549","Vannmiljø Station Hudningselva ved veibru (St.8)","River, stream, canal","Water column, pelagic zone",64.89083000147416,13.634039999118661,"WGS84","Norway","Not relevant","Sam Welch (Vm Conversion)","2025-12-16","Vm Original Comment: Overvåking av gruvepåvirkede vassdrag. Grong Gruber A.S."
"Vannmiljø_307-44558","Vannmiljø Station Vektaren, utløp Vektarbotn (St.11)","Lake, pond, pool, reservoir","Water column, pelagic zone",64.91288000081803,13.556900000479136,"WGS84","Norway","Not relevant","Sam Welch (Vm Conversion)","2025-12-16","Vm Original Comment: Overvåking av gruvepåvirkede vassdrag. Grong Gruber A.S."
"Vannmiljø_139-44646","Vannmiljø Station Røyrvasselva ved Litlfossen (A42)","Lake, pond, pool, reservoir","Water column, pelagic zone",64.79198768780135,13.374980354758677,"WGS84","Norway","Not relevant","Sam Welch (Vm Conversion)","2025-12-16","Vm Original Comment: Overvåking av gruvepåvirkede vassdrag. Skorovas Gruber."
"Vannmiljø_024-46016","Vannmiljø Station Røiskårvann, utløp","River, stream, canal","Water column, pelagic zone",58.201945855504924,7.035095318643713,"WGS84","Norway","Not relevant","Sam Welch (Vm Conversion)","2025-12-16",
"Vannmiljø_020-46659","Vannmiljø Station Urevann, innløp (St 28)","River, stream, canal","Water column, pelagic zone",58.20575576894091,8.215940918081476,"WGS84","Norway","Not relevant","Sam Welch (Vm Conversion)","2025-12-16","Vm Original Comment: Vannprøve tas i bekk ned mot vannet."
"Vannmiljø_128-46715","Vannmiljø Station Rungstadvatnet, NTRIRU01","Lake, pond, pool, reservoir","Water column, pelagic zone",64.05714799601192,11.494553061526755,"WGS84","Norway","Not relevant","Sam Welch (Vm Conversion)","2025-12-16","Vm Original Comment: Undersøkelse av eutrofe innsjøer 2010
Vegsalt og tungmetaller i innsjøer langs veger i Sør-Norge"
"Vannmiljø_029-50876","Vannmiljø Station Stokkalandsvatnet","Lake, pond, pool, reservoir","Water column, pelagic zone",58.820175847578625,5.728251842815056,"WGS84","Norway","Not relevant","Sam Welch (Vm Conversion)","2025-12-16","Vm Original Comment: Opprettet ny lokalitet på grunnlag av opplysninger fra IRIS 8.7.2011. Data fra tidligere lokalitet (38108) er flyttet til ny lokalitet.
Stokkalandsvatn, ROGIST01: Vegsalt og tungmetaller i innsjøer langs veger i Sør-Norge."
"Vannmiljø_246-53326","Vannmiljø Station Ørnevann 3 - bekk fra Lomvatnet","Lake, pond, pool, reservoir","Water column, pelagic zone",69.58046456693091,30.030191443284473,"WGS84","Norway","Not relevant","Sam Welch (Vm Conversion)","2025-12-16",
"Vannmiljø_246-53328","Vannmiljø Station ST 02 Bekk fra Hyttemalmen til Ørnevatnet","River, stream, canal","Water column, pelagic zone",69.59165608095205,30.025198611618997,"WGS84","Norway","Not relevant","Sam Welch (Vm Conversion)","2025-12-16",
"Vannmiljø_139-53331","Vannmiljø Station Kvernbekken","River, stream, canal","Water column, pelagic zone",64.5764708307003,12.556109190825154,"WGS84","Norway","Not relevant","Sam Welch (Vm Conversion)","2025-12-16",
"Vannmiljø_143-54355","Vannmiljø Station Stordalsbekken nedre","River, stream, canal","Water column, pelagic zone",64.87661869277699,11.59790307257164,"WGS84","Norway","Not relevant","Sam Welch (Vm Conversion)","2025-12-16","Vm Original Comment: Stordalsbekken nedstrøms tidliger kommunal avfallsfylling"
"Vannmiljø_057-55398","Vannmiljø Station Skiftedalsvatnet, utløp","River, stream, canal","Water column, pelagic zone",60.36521717629671,5.1300815096175105,"WGS84","Norway","Not relevant","Sam Welch (Vm Conversion)","2025-12-16","Vm Original Comment: Månedlige vannprøver"
"Vannmiljø_057-55469","Vannmiljø Station Storavatnet Kolltveit","River, stream, canal","Water column, pelagic zone",60.351601731750435,5.077039417130634,"WGS84","Norway","Not relevant","Sam Welch (Vm Conversion)","2025-12-16","Vm Original Comment: Månedlige vannprøver"
"Vannmiljø_057-55487","Vannmiljø Station Storevatnet Knarrvik","Lake, pond, pool, reservoir","Water column, pelagic zone",60.36978725388201,5.149090561051731,"WGS84","Norway","Not relevant","Sam Welch (Vm Conversion)","2025-12-16","Vm Original Comment: Månedlige vannprøver"
"Vannmiljø_139-55740","Vannmiljø Station Reina, stasjon 1","River, stream, canal","Water column, pelagic zone",64.49388251458848,11.936863269764473,"WGS84","Norway","Not relevant","Sam Welch (Vm Conversion)","2025-12-16",
"Vannmiljø_039-56356","Vannmiljø Station Fuglavatnet, ROGIFUG1","Lake, pond, pool, reservoir","Water column, pelagic zone",59.41469484489854,5.454097738068633,"WGS84","Norway","Not relevant","Sam Welch (Vm Conversion)","2025-12-16","Vm Original Comment: Vegsalt og tungmetaller i innsjøer langs veger i Sør-Norge"
"Vannmiljø_056-56371","Vannmiljø Station Forvatnet, HORIFO01","Lake, pond, pool, reservoir","Water column, pelagic zone",60.46992185322417,5.330513148736731,"WGS84","Norway","Not relevant","Sam Welch (Vm Conversion)","2025-12-16","Vm Original Comment: Vegsalt og tungmetaller i innsjøer langs veger i Sør-Norge"
"Vannmiljø_041-56372","Vannmiljø Station Gulhaugvatnet, HORIGU01","Lake, pond, pool, reservoir","Water column, pelagic zone",59.518453788210955,5.433551965242343,"WGS84","Norway","Not relevant","Sam Welch (Vm Conversion)","2025-12-16","Vm Original Comment: Vegsalt og tungmetaller i innsjøer langs veger i Sør-Norge"
"Vannmiljø_064-56374","Vannmiljø Station Husdalsvatnet, HORIHV01","Lake, pond, pool, reservoir","Water column, pelagic zone",60.65065059045768,5.5010916920203465,"WGS84","Norway","Not relevant","Sam Welch (Vm Conversion)","2025-12-16","Vm Original Comment: Vegsalt og tungmetaller i innsjøer langs europa- og riksveier"
"Vannmiljø_057-56375","Vannmiljø Station Kvernavatnet","River, stream, canal","Water column, pelagic zone",60.35519278412648,5.100583710723399,"WGS84","Norway","Not relevant","Sam Welch (Vm Conversion)","2025-12-16","Vm Original Comment: Vegsalt og tungmetaller i innsjøer langs veger i Sør-Norge"
"Vannmiljø_039-56392","Vannmiljø Station Toskatjørn, ROGITO01","Lake, pond, pool, reservoir","Water column, pelagic zone",59.41118339919429,5.349026373239998,"WGS84","Norway","Not relevant","Sam Welch (Vm Conversion)","2025-12-16","Vm Original Comment: Vegsalt og tungmetaller i innsjøer langs veger i Sør-Norge"
"Vannmiljø_069-56393","Vannmiljø Station Husevatnet, SOFIHU01","Lake, pond, pool, reservoir","Water column, pelagic zone",60.936341895568894,5.500607583020631,"WGS84","Norway","Not relevant","Sam Welch (Vm Conversion)","2025-12-16","Vm Original Comment: Vegsalt og tungmetaller i innsjøer langs veger i Sør-Norge"
"Vannmiljø_123-56397","Vannmiljø Station Kinnsettjønna, pekagisk","Lake, pond, pool, reservoir","Water column, pelagic zone",63.421341684556126,10.748396124089496,"WGS84","Norway","Not relevant","Sam Welch (Vm Conversion)","2025-12-16","Vm Original Comment: Vegsalt og tungmetaller i innsjøer langs veger i Sør-Norge.
Malvik kommune: Undersøkelse av småkreps."
"Vannmiljø_056-56454","Vannmiljø Station Liavatnet","Lake, pond, pool, reservoir","Water column, pelagic zone",60.47270311468777,5.340227876552489,"WGS84","Norway","Not relevant","Sam Welch (Vm Conversion)","2025-12-16","Vm Original Comment: Vegsalt og tungmetaller i innsjøer langs europa- og riksveier."
"Vannmiljø_056-57035","Vannmiljø Station Bergen lufthavn Flesland, ENBR-LVN (Langvatnet)","Lake, pond, pool, reservoir","Water column, pelagic zone",60.303995900194906,5.2213611620346505,"WGS84","Norway","Not relevant","Sam Welch (Vm Conversion)","2025-12-16","Vm Original Comment: Dokumenterer eventuell påvirkning fra lufthavndrift på Langvatnet (prøve tas fra øverste 1m). Mottar avrenning fra taksebane Yankee."
"Vannmiljø_056-57036","Vannmiljø Station Bergen lufthavn Flesland, ENBR-LVS (Langvatnet)","Lake, pond, pool, reservoir","Water column, pelagic zone",60.299938516588426,5.220924653641839,"WGS84","Norway","Not relevant","Sam Welch (Vm Conversion)","2025-12-16","Vm Original Comment: Dokumenterer eventuell påvirkning fra lufthavndrift på vannet. Mottar avrenning fra apron nord og ved eventuell lekkasje fra deiceområde."
"Vannmiljø_056-57039","Vannmiljø Station Bergen lufthavn Flesland, ENBR-LB1 (Lønningsbekken)","River, stream, canal","Water column, pelagic zone",60.28126084791067,5.227439310848658,"WGS84","Norway","Not relevant","Sam Welch (Vm Conversion)","2025-12-16","Vm Original Comment: Mottar avrenning fra sørlig del av rullebane, oppstillingsplasser samt overvann fra parkeringsområder, veibaner, etc.. Dokumenterer bl.a. organisk belastning på bekken."
"Vannmiljø_056-57041","Vannmiljø Station Bergen lufthavn Flesland, ENBR-SVB","River, stream, canal","Water column, pelagic zone",60.294033794009074,5.233110736756425,"WGS84","Norway","Not relevant","Sam Welch (Vm Conversion)","2025-12-16","Vm Original Comment: Fører med seg vann fra Træsvatn og jordbruksarealene oppstrøms lufthavnen, renner videre ut i Langavatn. Benyttes som referansepunkt for å vite hva som tilføres lufthavnens område fra kilder oppstrøms."
"Vannmiljø_006-58048","Vannmiljø Station Trosterudbekken utløp kulvert mot Alna","River, stream, canal","Water column, pelagic zone",59.92199526289049,10.836937662671536,"WGS84","Norway","Not relevant","Sam Welch (Vm Conversion)","2025-12-16","Vm Original Comment: Prøvepunkt noen meter etter utløp fra kulvert."
"Vannmiljø_024-59558","Vannmiljø Station Møska oppstrøms Røiskårvann (BU7)","River, stream, canal","Water column, pelagic zone",58.20794263227116,7.0318584141318,"WGS84","Norway","Not relevant","Sam Welch (Vm Conversion)","2025-12-16","Vm Original Comment: Overvåking i kalkede laksevassdrag: Biologisk stasjon bunndyr (referanse)"
"Vannmiljø_139-61064","Vannmiljø Station Skorovasselva","River, stream, canal","Water column, pelagic zone",64.66500835717825,12.943107697277929,"WGS84","Norway","Not relevant","Sam Welch (Vm Conversion)","2025-12-16",
"Vannmiljø_057-61701","Vannmiljø Station Utløp Stovevatnet","River, stream, canal","Water column, pelagic zone",60.362629056456804,5.1314201308157354,"WGS84","Norway","Not relevant","Sam Welch (Vm Conversion)","2025-12-16",
"Vannmiljø_139-63457","Vannmiljø Station Sandåa","River, stream, canal","Water column, pelagic zone",64.92550257981773,13.175481033996654,"WGS84","Norway","Not relevant","Sam Welch (Vm Conversion)","2025-12-16","Vm Original Comment: Vannovervåking SWECO 2013"
"Vannmiljø_055-63640","Vannmiljø Station Lekvenvatnet","Lake, pond, pool, reservoir","Water column, pelagic zone",60.16486000171281,5.441440011146321,"WGS84","Norway","Not relevant","Sam Welch (Vm Conversion)","2025-12-16",
"Vannmiljø_039-63652","Vannmiljø Station Bongsatjørna, ROGIBO01","Lake, pond, pool, reservoir","Water column, pelagic zone",59.421710002117344,5.437730010166196,"WGS84","Norway","Not relevant","Sam Welch (Vm Conversion)","2025-12-16","Vm Original Comment: Vegsalt og tungmetaller i innsjøer langs veger i Sør-Norge"
"Vannmiljø_002-79526","Vannmiljø Station Mjøsa, ytre Åkersvika","Lake, pond, pool, reservoir","Water column, pelagic zone",60.785960000795626,11.099329999980249,"WGS84","Norway","Not relevant","Sam Welch (Vm Conversion)","2025-12-16",
"Vannmiljø_018-80321","Vannmiljø Station Langgangselva 3.20, D2","River, stream, canal","Water column, pelagic zone",58.56372726240421,8.89753747126891,"WGS84","Norway","Not relevant","Sam Welch (Vm Conversion)","2025-12-16","Vm Original Comment: Prøvetaking av begroingsorganismer og vannkjemi"
"Vannmiljø_018-80326","Vannmiljø Station Mørfjærbekken 5,10, A3","River, stream, canal","Water column, pelagic zone",58.49796191936548,8.840597326236947,"WGS84","Norway","Not relevant","Sam Welch (Vm Conversion)","2025-12-16",
"Vannmiljø_018-80330","Vannmiljø Station Sagenbekken 4.20, E2","River, stream, canal","Water column, pelagic zone",58.53565679346034,8.855969768102916,"WGS84","Norway","Not relevant","Sam Welch (Vm Conversion)","2025-12-16","Vm Original Comment: Prøvetaking av begroingsorganismer og vannkjemi"
"Vannmiljø_019-80331","Vannmiljø Station Songebekken 6.10, B","River, stream, canal","Water column, pelagic zone",58.47514136351086,8.796893687234437,"WGS84","Norway","Not relevant","Sam Welch (Vm Conversion)","2025-12-16",
"Vannmiljø_018-80526","Vannmiljø Station Storelva (1.10)","River, stream, canal","Water column, pelagic zone",58.641828001534954,8.912617000145174,"WGS84","Norway","Not relevant","Sam Welch (Vm Conversion)","2025-12-16",
"Vannmiljø_018-80529","Vannmiljø Station Sidebekk ved Bjørnstad (1.11)","River, stream, canal","Water column, pelagic zone",58.640244301850174,8.911001202949286,"WGS84","Norway","Not relevant","Sam Welch (Vm Conversion)","2025-12-16","Vm Original Comment: 1.11 BJO
Bunndyr og fiskeundersøkelser gjennomført nedstrøms vei og vandringshinder."
"Vannmiljø_018-80530","Vannmiljø Station Sidebekk fra Myklebustad (1.21)","River, stream, canal","Water column, pelagic zone",58.63330729904204,8.885380435734366,"WGS84","Norway","Not relevant","Sam Welch (Vm Conversion)","2025-12-16","Vm Original Comment: 1.21 MYK (ved Myklebustad. Bekk: Langbekk). 
Vannkjemi, bunndyr, fisk og begroingsalger"
"Vannmiljø_018-80536","Vannmiljø Station Vennevann bekk (2.41)","River, stream, canal","Water column, pelagic zone",58.60639695234192,8.903597861203817,"WGS84","Norway","Not relevant","Sam Welch (Vm Conversion)","2025-12-16","Vm Original Comment: 2.41 VEN
Bekk ned mot Vennevann. Punkt ved utløp Vennevann nord."
"Vannmiljø_018-80537","Vannmiljø Station Vennevann bekk (2.21)","River, stream, canal","Water column, pelagic zone",58.60432007023563,8.901918844983793,"WGS84","Norway","Not relevant","Sam Welch (Vm Conversion)","2025-12-16","Vm Original Comment: 2.21 HEF
Bekk ned mot Vennevann, vest fra Heftedalen. Punkt ved utløp Vennevann"
"Vannmiljø_018-80540","Vannmiljø Station Bekk fra Kroktjenn (3.41)","River, stream, canal","Water column, pelagic zone",58.57902666060338,8.900500826118115,"WGS84","Norway","Not relevant","Sam Welch (Vm Conversion)","2025-12-16","Vm Original Comment: Bekk fra Kroktjenn mot Langangselva. Punkt nedstrøms Skrubbedalen"
"Vannmiljø_018-80543","Vannmiljø Station Bekk nedstrøms Kroktjern (3.32)","River, stream, canal","Water column, pelagic zone",58.55792899660569,8.87464727135959,"WGS84","Norway","Not relevant","Sam Welch (Vm Conversion)","2025-12-16",
"Vannmiljø_002-80945","Vannmiljø Station Åkersvika, Å9","Lake, pond, pool, reservoir","Water column, pelagic zone",60.79066000127979,11.112960000291617,"WGS84","Norway","Not relevant","Sam Welch (Vm Conversion)","2025-12-16",
"Vannmiljø_002-80953","Vannmiljø Station Mjøsa, M2","Lake, pond, pool, reservoir","Water column, pelagic zone",60.78321000131107,11.095790000513844,"WGS84","Norway","Not relevant","Sam Welch (Vm Conversion)","2025-12-16",
"Vannmiljø_018-82123","Vannmiljø Station Mjørfjærvassdraget, Røydalen bru (5.50)","River, stream, canal","Water column, pelagic zone",58.513597917218625,8.828841215099038,"WGS84","Norway","Not relevant","Sam Welch (Vm Conversion)","2025-12-16",
"Vannmiljø_019-82127","Vannmiljø Station Songevassdraget (6.2)","River, stream, canal","Water column, pelagic zone",58.484729349181265,8.800618600085475,"WGS84","Norway","Not relevant","Sam Welch (Vm Conversion)","2025-12-16","Vm Original Comment: Nedstrøms omlegging Songebekken"
"Vannmiljø_019-82128","Vannmiljø Station Songevassdraget, referanse (6.3)","River, stream, canal","Water column, pelagic zone",58.493145292945975,8.8067853348107,"WGS84","Norway","Not relevant","Sam Welch (Vm Conversion)","2025-12-16",
"Vannmiljø_019-82129","Vannmiljø Station Songevassdraget (6.4)","River, stream, canal","Water column, pelagic zone",58.493523456107276,8.801490549935325,"WGS84","Norway","Not relevant","Sam Welch (Vm Conversion)","2025-12-16","Vm Original Comment: Avrenning fra veifylling fylkesvei"
"Vannmiljø_019-82135","Vannmiljø Station Barbuvassdraget (7.8)","River, stream, canal","Water column, pelagic zone",58.49292356088425,8.766613991683071,"WGS84","Norway","Not relevant","Sam Welch (Vm Conversion)","2025-12-16","Vm Original Comment: 7.8 JOV
Avrenning fra vegfylling E18, utslipp av overvann via rensedam"
"Vannmiljø_139-82151","Vannmiljø Station Grungstadvatnet, utløp","River, stream, canal","Water column, pelagic zone",64.55508955340629,12.18595875213055,"WGS84","Norway","Not relevant","Sam Welch (Vm Conversion)","2025-12-16","Vm Original Comment: Basisovervåking (Økofersk) - utløp bunndyr"
"Vannmiljø_018-82187","Vannmiljø Station Bekk til Totjern (5.4)","River, stream, canal","Water column, pelagic zone",58.51470833013873,8.83398645905712,"WGS84","Norway","Not relevant","Sam Welch (Vm Conversion)","2025-12-16",
"Vannmiljø_002-83311","Vannmiljø Station Fjetrebekken ved Atlungstad brenneri","River, stream, canal","Water column, pelagic zone",60.759415128388284,11.07922184347608,"WGS84","Norway","Not relevant","Sam Welch (Vm Conversion)","2025-12-16",
"Vannmiljø_077-83593","Vannmiljø Station Sogndal lufthamn, Haukåsen. P2","River, stream, canal","Water column, pelagic zone",61.16014795564056,7.1476138636982816,"WGS84","Norway","Not relevant","Sam Welch (Vm Conversion)","2025-12-16","Vm Original Comment: Ytstrudsbekken. Nedstrøms lufthavnområdet."
"Vannmiljø_018-84132","Vannmiljø Station Vennevann, hovedløp (2.50)","River, stream, canal","Water column, pelagic zone",58.576701840278595,8.920718558381061,"WGS84","Norway","Not relevant","Sam Welch (Vm Conversion)","2025-12-16","Vm Original Comment: Ny stasjon nedstrøms Vennevann/vålevann, Utløpet til Sagtjenn, innløp Kvastadkilen"
"Vannmiljø_018-84134","Vannmiljø Station Langerødbekken (5.99)","River, stream, canal","Water column, pelagic zone",58.51128296923218,8.814550866340891,"WGS84","Norway","Not relevant","Sam Welch (Vm Conversion)","2025-12-16","Vm Original Comment: Oppstrøms bru ved Mørland"
"Vannmiljø_019-84135","Vannmiljø Station Songevassdraget, sidebekk (6.01)","River, stream, canal","Water column, pelagic zone",58.49812461753325,8.78428066952567,"WGS84","Norway","Not relevant","Sam Welch (Vm Conversion)","2025-12-16","Vm Original Comment: Utløp Piletjenn, nedstrøms veg"
"Vannmiljø_018-84139","Vannmiljø Station Vålevasslona (2.46)","River, stream, canal","Water column, pelagic zone",58.59358858782598,8.907669040751193,"WGS84","Norway","Not relevant","Sam Welch (Vm Conversion)","2025-12-16","Vm Original Comment: Stasjon vannkjemi"
"Vannmiljø_012-84552","Vannmiljø Station Damtjernbekken, Kjemperud","River, stream, canal","Water column, pelagic zone",59.84031369920825,9.901327880985493,"WGS84","Norway","Not relevant","Sam Welch (Vm Conversion)","2025-12-16",
"Vannmiljø_012-84556","Vannmiljø Station Hoenselva, Nedre Hoen","River, stream, canal","Water column, pelagic zone",59.773982601666425,9.897413572447583,"WGS84","Norway","Not relevant","Sam Welch (Vm Conversion)","2025-12-16",
"Vannmiljø_012-84559","Vannmiljø Station Grorudbekken, Haugen","River, stream, canal","Water column, pelagic zone",59.78036331447491,9.857915452101606,"WGS84","Norway","Not relevant","Sam Welch (Vm Conversion)","2025-12-16",
"Vannmiljø_012-84580","Vannmiljø Station Lerbergsbekken utløp","River, stream, canal","Water column, pelagic zone",59.774438866554874,9.921268587103905,"WGS84","Norway","Not relevant","Sam Welch (Vm Conversion)","2025-12-16",
"Vannmiljø_056-85247","Vannmiljø Station Bergen lufthavn Flesland, ENBR-FEO (Fleslandselven)","River, stream, canal","Water column, pelagic zone",60.29770270478114,5.21375753199102,"WGS84","Norway","Not relevant","Sam Welch (Vm Conversion)","2025-12-16","Vm Original Comment: Fører vann fra Langavatn til Fleslandsvika og mottar avrenning fra rullebane."
"Vannmiljø_012-85822","Vannmiljø Station Hagatjernbekken, oppstrøms Miletjern","River, stream, canal","Water column, pelagic zone",59.745969811722894,10.036328305069057,"WGS84","Norway","Not relevant","Sam Welch (Vm Conversion)","2025-12-16",
"Vannmiljø_008-87616","Vannmiljø Station 02-BK Isibekken - innløp bekkelukking","River, stream, canal","Water column, pelagic zone",59.93887075672987,10.43951428342871,"WGS84","Norway","Not relevant","Sam Welch (Vm Conversion)","2025-12-16","Vm Original Comment: Punkt er oppstrøms avfallsdeponiene Isi I og Isi II og er med i miljøovervåkningen av deponiene"
"Vannmiljø_008-87617","Vannmiljø Station 03-BK Isibekken - utløp bekkelukking","River, stream, canal","Water column, pelagic zone",59.93521448986405,10.43636302752395,"WGS84","Norway","Not relevant","Sam Welch (Vm Conversion)","2025-12-16","Vm Original Comment: Punkt er nedstrøms avfallsdeponiene Isi I og Isi II og er med i miljøovervåkningen av deponiene"
"Vannmiljø_008-87618","Vannmiljø Station 10-BK Isielva - ovenfor Smestad","River, stream, canal","Water column, pelagic zone",59.934777836666875,10.43248578259851,"WGS84","Norway","Not relevant","Sam Welch (Vm Conversion)","2025-12-16","Vm Original Comment: Punkt er oppstrøms avfallsdeponiene Isi I og Isi II og er med i miljøovervåkningen av deponiene"
"Vannmiljø_008-87619","Vannmiljø Station 11-BK Isielva - ved Bjørum bru","River, stream, canal","Water column, pelagic zone",59.9309280589254,10.440902428051244,"WGS84","Norway","Not relevant","Sam Welch (Vm Conversion)","2025-12-16","Vm Original Comment: Punkt er nedstrøms avfallsdeponiene Isi I og Isi II og er med i miljøovervåkningen av deponiene"
"Vannmiljø_008-87623","Vannmiljø Station 15-BK Overvann - utløp siderør til Isibekken","River, stream, canal","Water column, pelagic zone",59.93518501082856,10.436316904812955,"WGS84","Norway","Not relevant","Sam Welch (Vm Conversion)","2025-12-16","Vm Original Comment: Punkt er nedstrøms avfallsdeponiene Isi I og Isi II og er med i miljøovervåkningen av deponiene"
"Vannmiljø_008-87630","Vannmiljø Station 32-BK Øverlandselva - ved Øverland Gård","River, stream, canal","Water column, pelagic zone",59.9323220672448,10.565778626703358,"WGS84","Norway","Not relevant","Sam Welch (Vm Conversion)","2025-12-16","Vm Original Comment: Punkt er oppstrøms avfallsdeponiene Øverland I og II og er med i miljøovervåkningen av deponiene"
"Vannmiljø_008-87631","Vannmiljø Station 34-BK Øverlandselva - ved Trafostasjon","River, stream, canal","Water column, pelagic zone",59.92571692386388,10.559671243734082,"WGS84","Norway","Not relevant","Sam Welch (Vm Conversion)","2025-12-16","Vm Original Comment: Punkt er nedstrøms avfallsdeponiene Øverland I og II og er med i miljøovervåkningen av deponiene"
"Vannmiljø_008-87633","Vannmiljø Station Grunnvann - brønn 3 ved bru på Øverland II (36BK)","River, stream, canal","Water column, pelagic zone",59.92746528247534,10.561897182551899,"WGS84","Norway","Not relevant","Sam Welch (Vm Conversion)","2025-12-16","Vm Original Comment: Punkt er nedstrøms avfallsdeponiet Øverland II og er med i miljøovervåkningen av deponiene"
"Vannmiljø_018-88044","Vannmiljø Station Syrdalsveien/Langangsvannet nord","River, stream, canal","Water column, pelagic zone",58.543994894359194,8.87459565320475,"WGS84","Norway","Not relevant","Sam Welch (Vm Conversion)","2025-12-16","Vm Original Comment: 4.02 MØ2_N
Bekk som renner ut nede i bukta Langgangselva, bekk går mellom jorder. Nedstrøms Mørkoppdalen/Krossmyr."
"Vannmiljø_180-88657","Vannmiljø Station Leknes, ENLK-S2","River, stream, canal","Water column, pelagic zone",68.15184236727667,13.613034269438595,"WGS84","Norway","Not relevant","Sam Welch (Vm Conversion)","2025-12-16",
"Vannmiljø_180-88659","Vannmiljø Station Leknes, ENLK-S5","River, stream, canal","Water column, pelagic zone",68.15161961060642,13.611116673272008,"WGS84","Norway","Not relevant","Sam Welch (Vm Conversion)","2025-12-16",
"Vannmiljø_002-89182","Vannmiljø Station Punkt P1, Brånåsdalen avfallsdeponi - oppstrøms","River, stream, canal","Water column, pelagic zone",59.987174260778836,11.027551549376122,"WGS84","Norway","Not relevant","Sam Welch (Vm Conversion)","2025-12-16","Vm Original Comment: Oppstrøms Brånåsdalen avfallsdeponi. Prøven tas i OV-kum 129218."
"Vannmiljø_002-89183","Vannmiljø Station Punkt P2, Brånåsdalen avfallsdeponi - nedstrøms","River, stream, canal","Water column, pelagic zone",59.98280160776146,11.016648325269136,"WGS84","Norway","Not relevant","Sam Welch (Vm Conversion)","2025-12-16","Vm Original Comment: Nedstrøms Brånåsdalen avfallsdeponi. Prøven tas i OV kum 18237."
"Vannmiljø_002-89254","Vannmiljø Station Herstua deponi - O1 oppstrøms","River, stream, canal","Water column, pelagic zone",60.25036085250237,11.067911709886237,"WGS84","Norway","Not relevant","Sam Welch (Vm Conversion)","2025-12-16","Vm Original Comment: Oppstrøms Herstua deponi i elva Hæra"
"Vannmiljø_002-89255","Vannmiljø Station Hæra ved Mauravegen (O2 nedstrøms)","River, stream, canal","Water column, pelagic zone",60.25345827618924,11.067390217044613,"WGS84","Norway","Not relevant","Sam Welch (Vm Conversion)","2025-12-16","Vm Original Comment: Nedstrøms Herstua deponi"
"Vannmiljø_011-89849","Vannmiljø Station Hårbergbekken oppstrøms Lier avfallsdeponi","River, stream, canal","Water column, pelagic zone",59.81418705593674,10.243557946246654,"WGS84","Norway","Not relevant","Sam Welch (Vm Conversion)","2025-12-16","Vm Original Comment: Punkt for overvåking oppstrøms Lier avfallsdeponi, Ragn-Sells AS"
"Vannmiljø_056-89981","Vannmiljø Station Bergen lufthavn Flesland, ENBR-GB1 (Gåstjørnsbekken)","River, stream, canal","Water column, pelagic zone",60.28258644898645,5.217736016950963,"WGS84","Norway","Not relevant","Sam Welch (Vm Conversion)","2025-12-16","Vm Original Comment: Gåstjørnsbekken. Dokumentere bl.a. PFAS, oljeforbindelser og BTEX i avrenning/utlekking fra nylig nedlagt BØF."
"Vannmiljø_006-91106","Vannmiljø Station PAS-1, Kjelsrudfyllingene, nedstrøms","River, stream, canal","Water column, pelagic zone",59.93820211722642,10.85877632584887,"WGS84","Norway","Not relevant","Sam Welch (Vm Conversion)","2025-12-16","Vm Original Comment: Nedstrøms Kjelsrudfyllingene, Alnaelva. Overvåkning gjøres av Oslo kommune v/EBY."
"Vannmiljø_006-91107","Vannmiljø Station PAS-2, Kjelsrudfyllingene, oppstrøms","River, stream, canal","Water column, pelagic zone",59.93772189629676,10.866234928711766,"WGS84","Norway","Not relevant","Sam Welch (Vm Conversion)","2025-12-16","Vm Original Comment: Oppstrøms Kjelsrudfyllingene, Alnaelva. Overvåkning gjøres av Oslo kommune v/EBY"
"Vannmiljø_018-91635","Vannmiljø Station Bekk til Tiurtjønn, (5.57)","River, stream, canal","Water column, pelagic zone",58.502443364352004,8.793347647401836,"WGS84","Norway","Not relevant","Sam Welch (Vm Conversion)","2025-12-16","Vm Original Comment: Vannovervåkning - AF"
"Vannmiljø_018-91644","Vannmiljø Station Utløp sedimentasjonsbasseng, Mørkoppdalen (4.021)","River, stream, canal","Water column, pelagic zone",58.54267294682576,8.861292299997436,"WGS84","Norway","Not relevant","Sam Welch (Vm Conversion)","2025-12-16","Vm Original Comment: Vannovervåkning - AF 4.11b"
"Vannmiljø_002-92550","Vannmiljø Station Røros lufthavn, ENRO-S4","River, stream, canal","Water column, pelagic zone",62.573166164816385,11.340083993200595,"WGS84","Norway","Not relevant","Sam Welch (Vm Conversion)","2025-12-16","Vm Original Comment: Utslippspunkt for overvann som drenerer gjennom dette kanalsystemet, inkl. avrenning fra det nedlagte brannøvingsfeltet."
"Vannmiljø_003-94717","Vannmiljø Station St1, Solgård Avfallsplass","River, stream, canal","Water column, pelagic zone",59.45083002379329,10.70907067706356,"WGS84","Norway","Not relevant","Sam Welch (Vm Conversion)","2025-12-16","Vm Original Comment: St1, Overflatevann oppstrøms deponiet på Solgård Avfallsplass"
"Vannmiljø_003-94718","Vannmiljø Station St2, Solgård Avfallsplass","River, stream, canal","Water column, pelagic zone",59.44787986117724,10.705457831683091,"WGS84","Norway","Not relevant","Sam Welch (Vm Conversion)","2025-12-16","Vm Original Comment: St2, Overflatevann nedstrøms deponiet på Solgård Avfallsplass"
"Vannmiljø_003-94719","Vannmiljø Station St3, Solgård Avfallsplass","River, stream, canal","Water column, pelagic zone",59.44680813620133,10.711936078493267,"WGS84","Norway","Not relevant","Sam Welch (Vm Conversion)","2025-12-16","Vm Original Comment: St3, Overflatevann nedstrøms deponiet på Solgård Avfallsplass"
"Vannmiljø_003-94720","Vannmiljø Station St4, Solgård Avfallsplass","River, stream, canal","Water column, pelagic zone",59.4414652525509,10.717703588686973,"WGS84","Norway","Not relevant","Sam Welch (Vm Conversion)","2025-12-16","Vm Original Comment: St4, Overflatevann nedstrøms deponiet på Solgård Avfallsplass"
"Vannmiljø_024-95183","Vannmiljø Station Litlåna innløp","River, stream, canal","Water column, pelagic zone",58.14991693329901,7.1558837925322525,"WGS84","Norway","Not relevant","Sam Welch (Vm Conversion)","2025-12-16",
"Vannmiljø_024-95184","Vannmiljø Station Litlåna nedstrøms","River, stream, canal","Water column, pelagic zone",58.15592154777372,7.13081035355768,"WGS84","Norway","Not relevant","Sam Welch (Vm Conversion)","2025-12-16",
"Vannmiljø_024-95185","Vannmiljø Station Gullknuten","River, stream, canal","Water column, pelagic zone",58.150783535941024,7.14934754958538,"WGS84","Norway","Not relevant","Sam Welch (Vm Conversion)","2025-12-16",
"Vannmiljø_024-95186","Vannmiljø Station Herdalsbekken","River, stream, canal","Water column, pelagic zone",58.15625940105947,7.131795394684028,"WGS84","Norway","Not relevant","Sam Welch (Vm Conversion)","2025-12-16",
"Vannmiljø_024-95187","Vannmiljø Station Høylandsbekken","River, stream, canal","Water column, pelagic zone",58.203752444318496,7.0345409966891355,"WGS84","Norway","Not relevant","Sam Welch (Vm Conversion)","2025-12-16",
"Vannmiljø_024-95189","Vannmiljø Station Lygna","River, stream, canal","Water column, pelagic zone",58.185085521994004,7.100532814610959,"WGS84","Norway","Not relevant","Sam Welch (Vm Conversion)","2025-12-16",
"Vannmiljø_024-95190","Vannmiljø Station Fossbekken","River, stream, canal","Water column, pelagic zone",58.19172475290872,7.116221998189205,"WGS84","Norway","Not relevant","Sam Welch (Vm Conversion)","2025-12-16",
"Vannmiljø_024-95195","Vannmiljø Station Røyskår inn","River, stream, canal","Water column, pelagic zone",58.20247955408069,7.037061978623795,"WGS84","Norway","Not relevant","Sam Welch (Vm Conversion)","2025-12-16",
"Vannmiljø_002-96019","Vannmiljø Station Grytbekken","River, stream, canal","Water column, pelagic zone",60.69871323137111,11.2122829449548,"WGS84","Norway","Not relevant","Sam Welch (Vm Conversion)","2025-12-16","Vm Original Comment: Overvåking i forbindelse med utbygging dobbeltspor jernbane: Kleverud-Sørli-Åkersvika."
"Vannmiljø_002-96020","Vannmiljø Station Våletjennsbekken","River, stream, canal","Water column, pelagic zone",60.71055528304263,11.223943331748217,"WGS84","Norway","Not relevant","Sam Welch (Vm Conversion)","2025-12-16","Vm Original Comment: Overvåking i forbindelse med utbygging dobbeltspor jernbane: Kleverud-Sørli-Åkersvika."
"Vannmiljø_002-96027","Vannmiljø Station Brenneribekken v/Gaustad","River, stream, canal","Water column, pelagic zone",60.76067284960889,11.11633105545367,"WGS84","Norway","Not relevant","Sam Welch (Vm Conversion)","2025-12-16","Vm Original Comment: Overvåking i forbindelse med utbygging jernbane: Kleverud-Sørli-Åkersvika"
"Vannmiljø_002-96028","Vannmiljø Station Brenneribekken v/Ottestad","River, stream, canal","Water column, pelagic zone",60.74769539280989,11.136051982977014,"WGS84","Norway","Not relevant","Sam Welch (Vm Conversion)","2025-12-16","Vm Original Comment: Overvåking i forbindelse med utbygging dobbeltspor jernbane: Kleverud-Sørli-Åkersvika"
"Vannmiljø_002-96029","Vannmiljø Station Brenneribekken v/Kausvol","River, stream, canal","Water column, pelagic zone",60.73428476836848,11.173438847848663,"WGS84","Norway","Not relevant","Sam Welch (Vm Conversion)","2025-12-16","Vm Original Comment: Overvåking i forbindelse med utbygging dobbeltspor jernbane : Kleverud-Sørli-Åkersvika"
"Vannmiljø_002-96181","Vannmiljø Station Overflatevann nr 1 - oppstrøms Gatedalen","River, stream, canal","Water column, pelagic zone",59.26179954456422,11.127149554219267,"WGS84","Norway","Not relevant","Sam Welch (Vm Conversion)","2025-12-16","Vm Original Comment: Overflatevann nr 1 - oppstrøms Gatedalen"
"Vannmiljø_002-96182","Vannmiljø Station Overflatevann nr 2 - oppstrøms Gatedalen","River, stream, canal","Water column, pelagic zone",59.256123922278015,11.117571572695242,"WGS84","Norway","Not relevant","Sam Welch (Vm Conversion)","2025-12-16","Vm Original Comment: Overflatevann nr 2 - oppstrøms Gatedalen"
"Vannmiljø_002-96183","Vannmiljø Station Overflatevann nr 3 - oppstrøms Gatedalen","River, stream, canal","Water column, pelagic zone",59.25910188647775,11.119685721850507,"WGS84","Norway","Not relevant","Sam Welch (Vm Conversion)","2025-12-16","Vm Original Comment: Overflatevann nr 3 - oppstrøms Gatedalen"
"Vannmiljø_002-96184","Vannmiljø Station Overflatevann nr 4 - nedstrøms Gatedalen","River, stream, canal","Water column, pelagic zone",59.26210136842698,11.112891693634808,"WGS84","Norway","Not relevant","Sam Welch (Vm Conversion)","2025-12-16","Vm Original Comment: Overflatevann nr 4 - nedstrøms Gatedalen Miljøanlegg"
"Vannmiljø_122-96674","Vannmiljø Station Bekk3, Bjørbekken bekk fra sør","River, stream, canal","Water column, pelagic zone",62.86001650043894,10.04953611538076,"WGS84","Norway","Not relevant","Sam Welch (Vm Conversion)","2025-12-16",
"Vannmiljø_122-96682","Vannmiljø Station 6, Ila bekk fra øst","River, stream, canal","Water column, pelagic zone",62.88682157228356,10.105857558010177,"WGS84","Norway","Not relevant","Sam Welch (Vm Conversion)","2025-12-16",
"Vannmiljø_122-96683","Vannmiljø Station 12, Buvatnet bekk fra øst","River, stream, canal","Water column, pelagic zone",62.84332667587778,10.025073627509023,"WGS84","Norway","Not relevant","Sam Welch (Vm Conversion)","2025-12-16",
"Vannmiljø_122-96685","Vannmiljø Station 2, Ila bekk fra sør oppstrøms kulvert","River, stream, canal","Water column, pelagic zone",62.93188930881744,10.185096593116526,"WGS84","Norway","Not relevant","Sam Welch (Vm Conversion)","2025-12-16",
"Vannmiljø_122-96686","Vannmiljø Station 4, Ila bekk fra øst","River, stream, canal","Water column, pelagic zone",62.91051142078567,10.138065680083763,"WGS84","Norway","Not relevant","Sam Welch (Vm Conversion)","2025-12-16",
"Vannmiljø_122-96687","Vannmiljø Station 5, Krokbekken oppstrøms jernbanen/veg","River, stream, canal","Water column, pelagic zone",62.9074460018271,10.131295393336519,"WGS84","Norway","Not relevant","Sam Welch (Vm Conversion)","2025-12-16",
"Vannmiljø_122-96704","Vannmiljø Station 13, Buvatnet bekk fra sør","River, stream, canal","Water column, pelagic zone",62.83412181214461,10.016571380312655,"WGS84","Norway","Not relevant","Sam Welch (Vm Conversion)","2025-12-16",
"Vannmiljø_122-96705","Vannmiljø Station 11, Bjørbekken bekk fra øst","River, stream, canal","Water column, pelagic zone",62.85396256401157,10.036443549645291,"WGS84","Norway","Not relevant","Sam Welch (Vm Conversion)","2025-12-16",
"Vannmiljø_122-96707","Vannmiljø Station 9, Vadløkbekken oppstrøms kulvert","River, stream, canal","Water column, pelagic zone",62.863795037270506,10.074327695515432,"WGS84","Norway","Not relevant","Sam Welch (Vm Conversion)","2025-12-16",
"Vannmiljø_122-96708","Vannmiljø Station 7, Kvernåa ved jernbanebru","River, stream, canal","Water column, pelagic zone",62.87338861074655,10.088606720538314,"WGS84","Norway","Not relevant","Sam Welch (Vm Conversion)","2025-12-16",
"Vannmiljø_122-96710","Vannmiljø Station 3, Ila bekk fra sør oppstrøms kulvert","River, stream, canal","Water column, pelagic zone",62.92986534358269,10.180931880819866,"WGS84","Norway","Not relevant","Sam Welch (Vm Conversion)","2025-12-16",
"Vannmiljø_122-96740","Vannmiljø Station 25, Ila ved Saugen","River, stream, canal","Water column, pelagic zone",62.923512285266426,10.150299508071384,"WGS84","Norway","Not relevant","Sam Welch (Vm Conversion)","2025-12-16",
"Vannmiljø_125-96852","Vannmiljø Station Langsteinelva 3","River, stream, canal","Water column, pelagic zone",63.55803009918116,10.979612960763774,"WGS84","Norway","Not relevant","Sam Welch (Vm Conversion)","2025-12-16","Vm Original Comment: I forbindelse med E6 Kvithammar - Åsen"
"Vannmiljø_125-96854","Vannmiljø Station Vulua nedre","River, stream, canal","Water column, pelagic zone",63.567020647124316,10.951273950183385,"WGS84","Norway","Not relevant","Sam Welch (Vm Conversion)","2025-12-16","Vm Original Comment: Ifb E6 Kvithammar - Åsen"
"Vannmiljø_125-96856","Vannmiljø Station Dullumbekken nedre","River, stream, canal","Water column, pelagic zone",63.62247979265831,11.068635432039045,"WGS84","Norway","Not relevant","Sam Welch (Vm Conversion)","2025-12-16","Vm Original Comment: Ifb E6 Kvithammar - Åsen"
"Vannmiljø_019-96875","Vannmiljø Station Bekk oppstrøms Piltjern (6.44b)","River, stream, canal","Water column, pelagic zone",58.501794186326286,8.783058116212478,"WGS84","Norway","Not relevant","Sam Welch (Vm Conversion)","2025-12-16",
"Vannmiljø_125-97007","Vannmiljø Station Vulua ved kryssing E6","River, stream, canal","Water column, pelagic zone",63.595526556844774,11.047327416207038,"WGS84","Norway","Not relevant","Sam Welch (Vm Conversion)","2025-12-16","Vm Original Comment: Ifm E6 Kvithammar Åsen"
"Vannmiljø_024-98549","Vannmiljø Station Lygna ved Dyrøya","River, stream, canal","Water column, pelagic zone",58.19177900012168,7.1137650027356445,"WGS84","Norway","Not relevant","Sam Welch (Vm Conversion)","2025-12-16",
"Vannmiljø_024-98550","Vannmiljø Station Vatlandsvatnet, nedstrøms","River, stream, canal","Water column, pelagic zone",58.19242600007579,7.05213600232587,"WGS84","Norway","Not relevant","Sam Welch (Vm Conversion)","2025-12-16",
"Vannmiljø_125-99362","Vannmiljø Station Taura midtre (Solhaugvegen)","River, stream, canal","Water column, pelagic zone",63.596932945431504,10.98366463815321,"WGS84","Norway","Not relevant","Sam Welch (Vm Conversion)","2025-12-16","Vm Original Comment: Sweco: E6 Kvithammer - Åsen"
"Vannmiljø_125-99363","Vannmiljø Station Langsteinelva nedre","River, stream, canal","Water column, pelagic zone",63.54735908897124,10.905999649260632,"WGS84","Norway","Not relevant","Sam Welch (Vm Conversion)","2025-12-16","Vm Original Comment: Sweco: E6 Kvithammar - Åsen"
"Vannmiljø_004-100124","Vannmiljø Station Helgemyren østre fangdam","River, stream, canal","Water column, pelagic zone",59.5376853441976,10.77087293081209,"WGS84","Norway","Not relevant","Sam Welch (Vm Conversion)","2025-12-16","Vm Original Comment: Helgemyren mottak for rene masser, nedstrøms østre fangdam"
"Vannmiljø_004-100482","Vannmiljø Station Helgemyren vestre fangdam -vei","River, stream, canal","Water column, pelagic zone",59.537252672800626,10.765538990984933,"WGS84","Norway","Not relevant","Sam Welch (Vm Conversion)","2025-12-16","Vm Original Comment: Helgemyren mottak for rene masser. Nedstrøms vestre fangdam ved Hobølveien"
"Vannmiljø_024-101034","Vannmiljø Station Møska oppstrøms doserer (VK8)","River, stream, canal","Water column, pelagic zone",58.18822658635901,7.046331919856434,"WGS84","Norway","Not relevant","Sam Welch (Vm Conversion)","2025-12-16","Vm Original Comment: Overvåking i kalkede laksevassdrag: Vannkjemi (referanse)"
"Vannmiljø_125-101940","Vannmiljø Station Hammervatnet sørøst","Lake, pond, pool, reservoir","Water column, pelagic zone",63.61927500590391,11.051931707028869,"WGS84","Norway","Not relevant","Sam Welch (Vm Conversion)","2025-12-16",
"Vannmiljø_003-102098","Vannmiljø Station Gunnarsbybekken-REF alt. 1","River, stream, canal","Water column, pelagic zone",59.4020992209521,10.684549479295365,"WGS84","Norway","Not relevant","Sam Welch (Vm Conversion)","2025-12-16","Vm Original Comment: Overvåking ifm. Bane NORs prosjekt «Nytt dobbeltspor Sandbukta – Moss – Såstad»"
"Vannmiljø_122-102170","Vannmiljø Station 28, nedstrøms grustak","River, stream, canal","Water column, pelagic zone",62.92345370736862,10.157313048347104,"WGS84","Norway","Not relevant","Sam Welch (Vm Conversion)","2025-12-16",
"Vannmiljø_122-102171","Vannmiljø Station 29, Vindåslibekken","River, stream, canal","Water column, pelagic zone",62.92838551814959,10.175418510683595,"WGS84","Norway","Not relevant","Sam Welch (Vm Conversion)","2025-12-16",
"Vannmiljø_122-102172","Vannmiljø Station 28opp, oppstrøms grustak","River, stream, canal","Water column, pelagic zone",62.920107115766655,10.157553129420105,"WGS84","Norway","Not relevant","Sam Welch (Vm Conversion)","2025-12-16",
"Vannmiljø_003-102264","Vannmiljø Station BJØ - Bjølsenbekken","River, stream, canal","Water column, pelagic zone",59.3879275292184,10.718046323445726,"WGS84","Norway","Not relevant","Sam Welch (Vm Conversion)","2025-12-16","Vm Original Comment: Overvåking ifm. Bane NORs prosjekt «Nytt dobbeltspor Sandbukta – Moss – Såstad»"
"Vannmiljø_003-102265","Vannmiljø Station LØK - Løkenbekken","River, stream, canal","Water column, pelagic zone",59.39475330265774,10.693539279679715,"WGS84","Norway","Not relevant","Sam Welch (Vm Conversion)","2025-12-16","Vm Original Comment: Overvåking ifm. Bane NORs prosjekt «Nytt dobbeltspor Sandbukta – Moss – Såstad»"
"Vannmiljø_003-102306","Vannmiljø Station ØST ÅR","River, stream, canal","Water column, pelagic zone",59.39002443556081,10.6723839473184,"WGS84","Norway","Not relevant","Sam Welch (Vm Conversion)","2025-12-16","Vm Original Comment: Overvåking ifm. Bane NORs prosjekt «Nytt dobbeltspor Sandbukta – Moss – Såstad»"
"Vannmiljø_123-102448","Vannmiljø Station Værebekken nedstrøms E6","River, stream, canal","Water column, pelagic zone",63.42719443902848,10.577065910409514,"WGS84","Norway","Not relevant","Sam Welch (Vm Conversion)","2025-12-16","Vm Original Comment: Værebekken nedstrøms E6"
"Vannmiljø_123-102453","Vannmiljø Station Midtsandbekken nedstrøms E6","River, stream, canal","Water column, pelagic zone",63.429584670270074,10.723069724521869,"WGS84","Norway","Not relevant","Sam Welch (Vm Conversion)","2025-12-16","Vm Original Comment: Midtsandbekken nedstrøms E6 ved Midtsand gård
"
"Vannmiljø_123-102456","Vannmiljø Station Høybybekken nedstrøms E6","River, stream, canal","Water column, pelagic zone",63.406996203591994,10.814546886089142,"WGS84","Norway","Not relevant","Sam Welch (Vm Conversion)","2025-12-16",
"Vannmiljø_123-102457","Vannmiljø Station Hestmarkbekken nedstrøms E6","River, stream, canal","Water column, pelagic zone",63.41638299106897,10.819757488868737,"WGS84","Norway","Not relevant","Sam Welch (Vm Conversion)","2025-12-16","Vm Original Comment: Hestmarkbekken nedstrøms E6
"
"Vannmiljø_124-102459","Vannmiljø Station Kvithammerbekken oppstrøms E6","River, stream, canal","Water column, pelagic zone",63.444641942709225,10.884194922917528,"WGS84","Norway","Not relevant","Sam Welch (Vm Conversion)","2025-12-16","Vm Original Comment: Kvithammerbekken oppstrøms E6
"
"Vannmiljø_123-102835","Vannmiljø Station Øyåsbrubekken oppstrøms E6","River, stream, canal","Water column, pelagic zone",63.42010636366263,10.61760831321756,"WGS84","Norway","Not relevant","Sam Welch (Vm Conversion)","2025-12-16","Vm Original Comment: Vannkvalitet"
"Vannmiljø_123-102837","Vannmiljø Station Vegbrubekken nedstrøms E6","River, stream, canal","Water column, pelagic zone",63.423166884386916,10.620509291427146,"WGS84","Norway","Not relevant","Sam Welch (Vm Conversion)","2025-12-16","Vm Original Comment: Vannkvalitet, automatisk vannlogging"
"Vannmiljø_123-102839","Vannmiljø Station Vikhammerelva nedstrøms E6","River, stream, canal","Water column, pelagic zone",63.42827013026546,10.625954775092554,"WGS84","Norway","Not relevant","Sam Welch (Vm Conversion)","2025-12-16","Vm Original Comment: Vannkvalitet, automatisk vannlogging"
"Vannmiljø_123-102840","Vannmiljø Station Haugbekken nedstrøms E6","River, stream, canal","Water column, pelagic zone",63.42935293242616,10.662858417996096,"WGS84","Norway","Not relevant","Sam Welch (Vm Conversion)","2025-12-16","Vm Original Comment: Vannkvalitet, sedimenter, automatisk vannlogging"
"Vannmiljø_123-102841","Vannmiljø Station Sagelva nedstrøms E6","River, stream, canal","Water column, pelagic zone",63.431459870626306,10.70127582863968,"WGS84","Norway","Not relevant","Sam Welch (Vm Conversion)","2025-12-16","Vm Original Comment: Vannkvalitet, sedimenter, automatisk vannlogging"
"Vannmiljø_123-102843","Vannmiljø Station Sandvikbekken nedstrøms E6","River, stream, canal","Water column, pelagic zone",63.42996813572782,10.715421664714663,"WGS84","Norway","Not relevant","Sam Welch (Vm Conversion)","2025-12-16","Vm Original Comment: Vannkvalitet, automatisk vannlogging"
"Vannmiljø_123-102845","Vannmiljø Station Stamtjønnbekken (Svedalsbekken) nedstrøms E6","River, stream, canal","Water column, pelagic zone",63.42886660649125,10.73729218308339,"WGS84","Norway","Not relevant","Sam Welch (Vm Conversion)","2025-12-16","Vm Original Comment: Vannkvalitet, sedimenter, automatisk vannlogging"
"Vannmiljø_123-102847","Vannmiljø Station Sollielva nedstrøms E6","River, stream, canal","Water column, pelagic zone",63.4122675877497,10.777901467558332,"WGS84","Norway","Not relevant","Sam Welch (Vm Conversion)","2025-12-16","Vm Original Comment: Vannkvalitet, automatisk vannlogging"
"Vannmiljø_246-103011","Vannmiljø Station Ørnungen, utløp","Lake, pond, pool, reservoir","Water column, pelagic zone",69.60125284528829,30.025972208464523,"WGS84","Norway","Not relevant","Sam Welch (Vm Conversion)","2025-12-16","Vm Original Comment: Miljøovervåking i industriresipienter. Bunnfauna, begroing og miljøgifter i vann.. Vm Emission Source: Industrial"
"Vannmiljø_246-103013","Vannmiljø Station Langvatnet, utløp","Lake, pond, pool, reservoir","Water column, pelagic zone",69.58101000523989,30.043779859902838,"WGS84","Norway","Not relevant","Sam Welch (Vm Conversion)","2025-12-16","Vm Original Comment: Miljøovervåking i industriresipienter. Bunnfauna, begroing og miljøgifter i vann.. Vm Emission Source: Industrial"
"Vannmiljø_246-103014","Vannmiljø Station Langvatnet, nordende","Lake, pond, pool, reservoir","Water column, pelagic zone",69.58892651191557,30.065488794608722,"WGS84","Norway","Not relevant","Sam Welch (Vm Conversion)","2025-12-16","Vm Original Comment: Miljøovervåking i industriresipienter. Bunnfauna og miljøgifter i vann.. Vm Emission Source: Industrial"
"Vannmiljø_246-103015","Vannmiljø Station Langfjordtunnellen, utløp","River, stream, canal","Water column, pelagic zone",69.64002991486858,29.93833521782805,"WGS84","Norway","Not relevant","Sam Welch (Vm Conversion)","2025-12-16","Vm Original Comment: Miljøovervåking i industriresipienter. Miljøgifter i vann.. Vm Emission Source: Industrial"
"Vannmiljø_246-103016","Vannmiljø Station Ørnevatnet (Ákkeljávri), utløp","Lake, pond, pool, reservoir","Water column, pelagic zone",69.59750302729081,29.97798308729655,"WGS84","Norway","Not relevant","Sam Welch (Vm Conversion)","2025-12-16","Vm Original Comment: Miljøovervåking i industriresipienter. Bunnfauna, begroing og miljøgifter i vann.. Vm Emission Source: Industrial"
"Vannmiljø_246-103017","Vannmiljø Station Jernvatn","Lake, pond, pool, reservoir","Water column, pelagic zone",69.59214000513694,30.03759986153104,"WGS84","Norway","Not relevant","Sam Welch (Vm Conversion)","2025-12-16","Vm Original Comment: Miljøovervåking i industriresipienter. Miljøgifter i vann.. Vm Emission Source: Industrial"
"Vannmiljø_246-103018","Vannmiljø Station Triangelen, utløp til Langfjordstunnelen","River, stream, canal","Water column, pelagic zone",69.63749400546857,30.005388865651064,"WGS84","Norway","Not relevant","Sam Welch (Vm Conversion)","2025-12-16","Vm Original Comment: Miljøovervåking i industriresipienter. Miljøgifter i vann.. Vm Emission Source: Industrial"
"Vannmiljø_246-103019","Vannmiljø Station Bjørnevatnet (Guovzajávri), NW","Lake, pond, pool, reservoir","Water column, pelagic zone",69.63704900524232,29.978837865654317,"WGS84","Norway","Not relevant","Sam Welch (Vm Conversion)","2025-12-16","Vm Original Comment: Miljøovervåking i industriresipienter. Bunnfauna og miljøgifter i vann.. Vm Emission Source: Industrial"
"Vannmiljø_246-103020","Vannmiljø Station Bjørnevatn, sørenden","Lake, pond, pool, reservoir","Water column, pelagic zone",69.65157000524255,30.015499865084163,"WGS84","Norway","Not relevant","Sam Welch (Vm Conversion)","2025-12-16","Vm Original Comment: Miljøovervåking i industriresipienter. Miljøgifter i vann.. Vm Emission Source: Aquaculture"
"Vannmiljø_246-103021","Vannmiljø Station Ørnvatnet (Ákkeljávri), brygge","Lake, pond, pool, reservoir","Water column, pelagic zone",69.59584200542915,29.99694086513725,"WGS84","Norway","Not relevant","Sam Welch (Vm Conversion)","2025-12-16","Vm Original Comment: Miljøovervåking i industriresipienter. Bunnfauna og miljøgifter i vann.. Vm Emission Source: Industrial"
"Vannmiljø_246-103022","Vannmiljø Station Store Fiskevatnet (Oaggunjávri), innløp syd","Lake, pond, pool, reservoir","Water column, pelagic zone",69.60180967402943,30.07066640608658,"WGS84","Norway","Not relevant","Sam Welch (Vm Conversion)","2025-12-16","Vm Original Comment: Miljøovervåking i industriresipienter. Begroing og miljøgifter i vann.. Vm Emission Source: Industrial"
"Vannmiljø_246-103023","Vannmiljø Station Store Fiskevatnet (Oaggunjávri), utløp","Lake, pond, pool, reservoir","Water column, pelagic zone",69.61094336058244,30.10009234365488,"WGS84","Norway","Not relevant","Sam Welch (Vm Conversion)","2025-12-16","Vm Original Comment: Miljøovervåking i industriresipienter. Bunnfauna, begroing og miljøgifter i vann.. Vm Emission Source: Aquaculture"
"Vannmiljø_246-103024","Vannmiljø Station Bjørnefjellbruddet","Lake, pond, pool, reservoir","Water column, pelagic zone",69.61595000562131,30.019207862450127,"WGS84","Norway","Not relevant","Sam Welch (Vm Conversion)","2025-12-16","Vm Original Comment: Miljøovervåking i industriresipienter. Miljøgifter i vann.. Vm Emission Source: Industrial"
"Vannmiljø_246-103025","Vannmiljø Station Øyvatnet, utløp","Lake, pond, pool, reservoir","Water column, pelagic zone",69.60338436883954,29.99561289126291,"WGS84","Norway","Not relevant","Sam Welch (Vm Conversion)","2025-12-16","Vm Original Comment: Miljøovervåking i industriresipienter. Bunnfauna, begroing og miljøgifter i vann.. Vm Emission Source: Industrial"
"Vannmiljø_246-103026","Vannmiljø Station Søstrevann","Lake, pond, pool, reservoir","Water column, pelagic zone",69.62566700586879,30.01009786367715,"WGS84","Norway","Not relevant","Sam Welch (Vm Conversion)","2025-12-16","Vm Original Comment: Miljøovervåking i industriresipienter. Miljøgifter i vann.. Vm Emission Source: Industrial"
"Vannmiljø_246-103027","Vannmiljø Station Bekk, 200 m vest for utløpet av Ørnungen, fra steintipp","River, stream, canal","Water column, pelagic zone",69.60178485497198,30.02164547983692,"WGS84","Norway","Not relevant","Sam Welch (Vm Conversion)","2025-12-16","Vm Original Comment: Miljøovervåking i industriresipienter. Miljøgifter i vann.. Vm Emission Source: Industrial"
"Vannmiljø_246-103029","Vannmiljø Station Valpvatnet (Guhccájávri), utløp","Lake, pond, pool, reservoir","Water column, pelagic zone",69.6656173824583,30.07736502186892,"WGS84","Norway","Not relevant","Sam Welch (Vm Conversion)","2025-12-16","Vm Original Comment: Miljøovervåking i industriresipienter. Bunnfauna, begroing og miljøgifter i vann.. Vm Emission Source: Industrial"
"Vannmiljø_246-103031","Vannmiljø Station Krokvatnet (Store Gotmagavatn), utløp","Lake, pond, pool, reservoir","Water column, pelagic zone",69.62714339261245,30.055250070079587,"WGS84","Norway","Not relevant","Sam Welch (Vm Conversion)","2025-12-16","Vm Original Comment: Miljøovervåking i industriresipienter. Bunnfauna, begroing og miljøgifter i vann.. Vm Emission Source: Industrial"
"Vannmiljø_246-103032","Vannmiljø Station Gotmagavatnan (Guhkesmohkejávri), utløp","Lake, pond, pool, reservoir","Water column, pelagic zone",69.63455000550306,30.062689861172906,"WGS84","Norway","Not relevant","Sam Welch (Vm Conversion)","2025-12-16","Vm Original Comment: Miljøovervåking i industriresipienter. Bunnfauna, begroing og miljøgifter i vann.. Vm Emission Source: Industrial"
"Vannmiljø_246-103034","Vannmiljø Station Vannsig, steintipp","River, stream, canal","Water column, pelagic zone",69.66409115145997,30.012376904506002,"WGS84","Norway","Not relevant","Sam Welch (Vm Conversion)","2025-12-16","Vm Original Comment: Miljøovervåking i industriresipienter. Miljøgifter i vann.. Vm Emission Source: Industrial"
"Vannmiljø_246-103035","Vannmiljø Station Vannsig, steintipp","River, stream, canal","Water column, pelagic zone",69.66418992594768,30.016939634892132,"WGS84","Norway","Not relevant","Sam Welch (Vm Conversion)","2025-12-16","Vm Original Comment: Miljøovervåking i industriresipienter. Miljøgifter i vann.. Vm Emission Source: Industrial"
"Vannmiljø_246-103037","Vannmiljø Station St, 41, Vannsig, steintipp","River, stream, canal","Water column, pelagic zone",69.66372788793367,30.03901457702802,"WGS84","Norway","Not relevant","Sam Welch (Vm Conversion)","2025-12-16","Vm Original Comment: Miljøovervåking i industriresipienter. Miljøgifter i vann.. Vm Emission Source: Industrial"
"Vannmiljø_246-103041","Vannmiljø Station Vannsig, steintipp","River, stream, canal","Water column, pelagic zone",69.61754037039516,30.040249717806034,"WGS84","Norway","Not relevant","Sam Welch (Vm Conversion)","2025-12-16","Vm Original Comment: Miljøovervåking i industriresipienter. Miljøgifter i vann.. Vm Emission Source: Industrial"
"Vannmiljø_246-103042","Vannmiljø Station Vannsig, steintipp","River, stream, canal","Water column, pelagic zone",69.59080994165247,30.049301096593553,"WGS84","Norway","Not relevant","Sam Welch (Vm Conversion)","2025-12-16","Vm Original Comment: Miljøovervåking i industriresipienter. Miljøgifter i vann.. Vm Emission Source: Industrial"
"Vannmiljø_246-103043","Vannmiljø Station Vannsig, steintipp ved innløpet til Ørnungen","River, stream, canal","Water column, pelagic zone",69.60074589700267,30.033539558975548,"WGS84","Norway","Not relevant","Sam Welch (Vm Conversion)","2025-12-16","Vm Original Comment: Miljøovervåking i industriresipienter. Miljøgifter i vann.. Vm Emission Source: Industrial"
"Vannmiljø_246-103044","Vannmiljø Station Nordvatnet, utløp","Lake, pond, pool, reservoir","Water column, pelagic zone",69.66865104654605,30.035434483755804,"WGS84","Norway","Not relevant","Sam Welch (Vm Conversion)","2025-12-16","Vm Original Comment: Miljøovervåking i industriresipienter. Bunnfauna, begroing og miljøgifter i vann.. Vm Emission Source: Industrial"
"Vannmiljø_246-103045","Vannmiljø Station Store Tverrvatnet","Lake, pond, pool, reservoir","Water column, pelagic zone",69.62720000599555,30.026649862515995,"WGS84","Norway","Not relevant","Sam Welch (Vm Conversion)","2025-12-16","Vm Original Comment: Miljøovervåking i industriresipienter. Miljøgifter i vann.. Vm Emission Source: Industrial"
"Vannmiljø_246-103047","Vannmiljø Station Bjørnevatn, østenden","Lake, pond, pool, reservoir","Water column, pelagic zone",69.65041000523586,30.029399862390772,"WGS84","Norway","Not relevant","Sam Welch (Vm Conversion)","2025-12-16","Vm Original Comment: Miljøovervåking i industriresipienter. Miljøgifter i vann.. Vm Emission Source: Industrial"
"Vannmiljø_016-104977","Vannmiljø Station Storediket oppstrøms","River, stream, canal","Water column, pelagic zone",59.13176342232268,9.681759060064223,"WGS84","Norway","Not relevant","Sam Welch (Vm Conversion)","2025-12-16","Vm Original Comment: Problemkartlegging, VO"
"Vannmiljø_012-105300","Vannmiljø Station Nøstebekken, kum 41904","River, stream, canal","Water column, pelagic zone",59.744653006536154,10.231562197745449,"WGS84","Norway","Not relevant","Sam Welch (Vm Conversion)","2025-12-16",
"Vannmiljø_006-105329","Vannmiljø Station Huken pukkverk nedstrøms","River, stream, canal","Water column, pelagic zone",59.97150553220744,10.87447309682251,"WGS84","Norway","Not relevant","Sam Welch (Vm Conversion)","2025-12-16","Vm Original Comment: Resipientovervåkning nedstrøms Huken pukkverk"
"Vannmiljø_006-105330","Vannmiljø Station Huken pukkverk oppstrøms","River, stream, canal","Water column, pelagic zone",59.97399141315763,10.870107017685749,"WGS84","Norway","Not relevant","Sam Welch (Vm Conversion)","2025-12-16","Vm Original Comment: Resipientovervåkning Huken pukkverk oppstrøms"
"Vannmiljø_056-106516","Vannmiljø Station Klasatjørna","Lake, pond, pool, reservoir","Water column, pelagic zone",60.36765813884811,5.224285420501147,"WGS84","Norway","Not relevant","Sam Welch (Vm Conversion)","2025-12-16","Vm Original Comment: Månedlige vannprøver"
"Vannmiljø_056-106517","Vannmiljø Station Storavatnet ved utløp","Lake, pond, pool, reservoir","Water column, pelagic zone",60.3544291001129,5.210265820076422,"WGS84","Norway","Not relevant","Sam Welch (Vm Conversion)","2025-12-16","Vm Original Comment: Månedlige vannprøver"
"Vannmiljø_056-106519","Vannmiljø Station Storavatnet nordvest","Lake, pond, pool, reservoir","Water column, pelagic zone",60.36753773176217,5.213681230620351,"WGS84","Norway","Not relevant","Sam Welch (Vm Conversion)","2025-12-16","Vm Original Comment: Månedlige vannprøver"
"Vannmiljø_056-106522","Vannmiljø Station Kiplevatnet","River, stream, canal","Water column, pelagic zone",60.37046673658787,5.20336845292259,"WGS84","Norway","Not relevant","Sam Welch (Vm Conversion)","2025-12-16","Vm Original Comment: Månedlige vannprøver"
"Vannmiljø_056-106523","Vannmiljø Station Stølavatnet","River, stream, canal","Water column, pelagic zone",60.373024981411284,5.197173305227308,"WGS84","Norway","Not relevant","Sam Welch (Vm Conversion)","2025-12-16","Vm Original Comment: Månedlige vannprøver"
"Vannmiljø_056-106524","Vannmiljø Station Stiavatnet","River, stream, canal","Water column, pelagic zone",60.37135605068717,5.182669837585778,"WGS84","Norway","Not relevant","Sam Welch (Vm Conversion)","2025-12-16","Vm Original Comment: Månedlige vannprøver"
"Vannmiljø_057-106525","Vannmiljø Station Liljevatnet","River, stream, canal","Water column, pelagic zone",60.36804397073407,5.150316313546539,"WGS84","Norway","Not relevant","Sam Welch (Vm Conversion)","2025-12-16","Vm Original Comment: Månedlige vannprøver"
"Vannmiljø_057-106530","Vannmiljø Station Halvgjevatnet","River, stream, canal","Water column, pelagic zone",60.34719206777387,5.080416675533432,"WGS84","Norway","Not relevant","Sam Welch (Vm Conversion)","2025-12-16","Vm Original Comment: Månedlige vannprøver"
"Vannmiljø_057-106531","Vannmiljø Station Elv fra Storavatnet","River, stream, canal","Water column, pelagic zone",60.35560021776808,5.080055503390503,"WGS84","Norway","Not relevant","Sam Welch (Vm Conversion)","2025-12-16","Vm Original Comment: Månedlige vannprøver"
"Vannmiljø_123-106603","Vannmiljø Station Reppesbekken, sør for Malvikvegen","River, stream, canal","Water column, pelagic zone",63.42618023733545,10.554524519921406,"WGS84","Norway","Not relevant","Sam Welch (Vm Conversion)","2025-12-16","Vm Original Comment: Overvåking E6RV. Vannkjemi, automatisk logging."
"Vannmiljø_03.20-106604","Vannmiljø Station Grønbergsbekken, utløpet til Hommelvika","River, stream, canal","Water column, pelagic zone",63.418151714377174,10.779452090818062,"WGS84","Norway","Not relevant","Sam Welch (Vm Conversion)","2025-12-16","Vm Original Comment: Overvåking ifm. E6RV. Vannkjemi, manuell måling av turbiditet, temp, konduktivitet osv."
"Vannmiljø_03.20-106605","Vannmiljø Station Stjørdalselva, nordøst for Hellstranda","River, stream, canal","Water column, pelagic zone",63.44891997268245,10.892260018833124,"WGS84","Norway","Not relevant","Sam Welch (Vm Conversion)","2025-12-16","Vm Original Comment: Overvåking ifm. E6RV. Vannkjemi"
"Vannmiljø_012-106607","Vannmiljø Station Holsfjorden - driftsundersøkelser Oslo VAV","Lake, pond, pool, reservoir","Water column, pelagic zone",59.96350700023691,10.321068000540334,"WGS84","Norway","Not relevant","Sam Welch (Vm Conversion)","2025-12-16","Vm Original Comment: Analyseresultater f.o.m. 2022"
"Vannmiljø_151-107265","Vannmiljø Station Bekk fra Langdalsåsen","River, stream, canal","Water column, pelagic zone",65.55372665972915,13.375283602507727,"WGS84","Norway","Not relevant","Sam Welch (Vm Conversion)","2025-12-16","Vm Original Comment: Prosjekt E6 Svenningelv - Lien"
"Vannmiljø_151-107269","Vannmiljø Station Bekk fra Langdalsåsen","River, stream, canal","Water column, pelagic zone",65.55342766954614,13.385959271632162,"WGS84","Norway","Not relevant","Sam Welch (Vm Conversion)","2025-12-16","Vm Original Comment: Prosjekt E6 Svenningelv - Lien"
"Vannmiljø_151-107271","Vannmiljø Station Bekk fra Svenningåsen","River, stream, canal","Water column, pelagic zone",65.5476047376303,13.377679030787228,"WGS84","Norway","Not relevant","Sam Welch (Vm Conversion)","2025-12-16","Vm Original Comment: Prosjekt E6 Svenningelv - Lien"
"Vannmiljø_151-107272","Vannmiljø Station Bekk fra Svenningåsen","River, stream, canal","Water column, pelagic zone",65.54775424116889,13.385812355799912,"WGS84","Norway","Not relevant","Sam Welch (Vm Conversion)","2025-12-16","Vm Original Comment: Prosjekt E6 Svenningelv - Lien"
"Vannmiljø_122-107427","Vannmiljø Station 35 Utløp Buvatnet","River, stream, canal","Water column, pelagic zone",62.8528844839633,10.023107308486415,"WGS84","Norway","Not relevant","Sam Welch (Vm Conversion)","2025-12-16",
"Vannmiljø_125-108301","Vannmiljø Station Langstein deponi","River, stream, canal","Water column, pelagic zone",63.55236275707762,10.946808374933273,"WGS84","Norway","Not relevant","Sam Welch (Vm Conversion)","2025-12-16",
"Vannmiljø_113-108455","Vannmiljø Station Hestneselva HE-1","River, stream, canal","Water column, pelagic zone",63.129936123800555,8.516765835440182,"WGS84","Norway","Not relevant","Sam Welch (Vm Conversion)","2025-12-16",
"Vannmiljø_113-108456","Vannmiljø Station Otneselva O-1","River, stream, canal","Water column, pelagic zone",63.13374166344924,8.476050260291327,"WGS84","Norway","Not relevant","Sam Welch (Vm Conversion)","2025-12-16",
"Vannmiljø_113-108458","Vannmiljø Station Torbugbekken T-1","River, stream, canal","Water column, pelagic zone",63.135983971366954,8.432976539347678,"WGS84","Norway","Not relevant","Sam Welch (Vm Conversion)","2025-12-16",
"Vannmiljø_113-108460","Vannmiljø Station Klettaelva KE-1","River, stream, canal","Water column, pelagic zone",63.126088624510736,8.377141415310499,"WGS84","Norway","Not relevant","Sam Welch (Vm Conversion)","2025-12-16",
"Vannmiljø_113-108463","Vannmiljø Station Pestubekken PB-1","River, stream, canal","Water column, pelagic zone",63.0881456175791,8.352525700180296,"WGS84","Norway","Not relevant","Sam Welch (Vm Conversion)","2025-12-16",
"Vannmiljø_012-108472","Vannmiljø Station Strandafjorden","Lake, pond, pool, reservoir","Water column, pelagic zone",60.60516192337414,8.49956435251128,"WGS84","Norway","Not relevant","Sam Welch (Vm Conversion)","2025-12-16","Vm Original Comment: Biologiske undersøkelser."
"Vannmiljø_113-108521","Vannmiljø Station Raudbekken","River, stream, canal","Water column, pelagic zone",63.12618261663986,8.378420068897901,"WGS84","Norway","Not relevant","Sam Welch (Vm Conversion)","2025-12-16",
"Vannmiljø_113-108522","Vannmiljø Station Holbekken","River, stream, canal","Water column, pelagic zone",63.12606947256731,8.375293629924743,"WGS84","Norway","Not relevant","Sam Welch (Vm Conversion)","2025-12-16",
"Vannmiljø_246-109794","Vannmiljø Station Andevatn","Lake, pond, pool, reservoir","Water column, pelagic zone",69.59882000519866,30.051479860614037,"WGS84","Norway","Not relevant","Sam Welch (Vm Conversion)","2025-12-16","Vm Original Comment: Miljøovervåking i industriresipienter. Bunnfauna og miljøgifter i vann.. Vm Emission Source: Industrial"
"Vannmiljø_246-109828","Vannmiljø Station Reitanvatn, utløp","River, stream, canal","Water column, pelagic zone",69.59483000474282,30.05770985984407,"WGS84","Norway","Not relevant","Sam Welch (Vm Conversion)","2025-12-16","Vm Original Comment: Miljøovervåking i industriresipienter. Bunnfauna og miljøgifter i vann.. Vm Emission Source: Industrial"
"Vannmiljø_246-109839","Vannmiljø Station Gruve Kjellmansåsen","Lake, pond, pool, reservoir","Water column, pelagic zone",69.58585600509322,30.039912861918193,"WGS84","Norway","Not relevant","Sam Welch (Vm Conversion)","2025-12-16","Vm Original Comment: Miljøovervåking i industriresipienter. Miljøgifter i vann.. Vm Emission Source: Industrial"
"Vannmiljø_246-109840","Vannmiljø Station Gruve Fisketinden syd","Lake, pond, pool, reservoir","Water column, pelagic zone",69.60710200511798,30.035893861370816,"WGS84","Norway","Not relevant","Sam Welch (Vm Conversion)","2025-12-16","Vm Original Comment: Miljøovervåking i industriresipienter. Miljøgifter i vann.. Vm Emission Source: Industrial"
"Vannmiljø_246-109841","Vannmiljø Station Gruve Fisketinden nord","Lake, pond, pool, reservoir","Water column, pelagic zone",69.61139200506905,30.03674486148161,"WGS84","Norway","Not relevant","Sam Welch (Vm Conversion)","2025-12-16","Vm Original Comment: Miljøovervåking i industriresipienter. Miljøgifter i vann.. Vm Emission Source: Industrial"
"Vannmiljø_246-109842","Vannmiljø Station Grundtjern","Lake, pond, pool, reservoir","Water column, pelagic zone",69.62902500442493,30.01655886389272,"WGS84","Norway","Not relevant","Sam Welch (Vm Conversion)","2025-12-16","Vm Original Comment: Miljøovervåking i industriresipienter. Miljøgifter i vann.. Vm Emission Source: Industrial"
"Vannmiljø_246-109843","Vannmiljø Station Gruve Hyttemalmen","Lake, pond, pool, reservoir","Water column, pelagic zone",69.59133100517995,30.032835860920358,"WGS84","Norway","Not relevant","Sam Welch (Vm Conversion)","2025-12-16","Vm Original Comment: Miljøovervåking i industriresipienter. Miljøgifter i vann.. Vm Emission Source: Industrial"
"Vannmiljø_113-109933","Vannmiljø Station Trollhaugbekken TH-1","River, stream, canal","Water column, pelagic zone",63.13482427035476,8.494597207263029,"WGS84","Norway","Not relevant","Sam Welch (Vm Conversion)","2025-12-16",
"Vannmiljø_125-110549","Vannmiljø Station Dullumbekken øvre","River, stream, canal","Water column, pelagic zone",63.6235139044983,11.082897727231144,"WGS84","Norway","Not relevant","Sam Welch (Vm Conversion)","2025-12-16",
"Vannmiljø_125-110553","Vannmiljø Station Høghåmmåren deponi","River, stream, canal","Water column, pelagic zone",63.568975018416324,10.976442143543462,"WGS84","Norway","Not relevant","Sam Welch (Vm Conversion)","2025-12-16",
"Vannmiljø_006-111996","Vannmiljø Station Alna nedstrøms THaugerudbekken","River, stream, canal","Water column, pelagic zone",59.92104650894902,10.835965643449274,"WGS84","Norway","Not relevant","Sam Welch (Vm Conversion)","2025-12-16","Vm Original Comment: Prøvepunkt i Alna nedstrøms Haugerudbekken"
"Vannmiljø_006-111997","Vannmiljø Station Alna oppstrøms Haugerudbekken","River, stream, canal","Water column, pelagic zone",59.92214882746792,10.83589519381202,"WGS84","Norway","Not relevant","Sam Welch (Vm Conversion)","2025-12-16","Vm Original Comment: Prøvepunkt i Alna oppstrøms Haugerudbekken"
"Vannmiljø_123-112500","Vannmiljø Station Pedersborgtjernet","Lake, pond, pool, reservoir","Water column, pelagic zone",63.4258670045831,10.667507467221222,"WGS84","Norway","Not relevant","Sam Welch (Vm Conversion)","2025-12-16","Vm Original Comment: Kunstig etablert salamanderdam på privat eiendom. Overvåkes ifm. utvidelse av E6 mellom Ranheim og Værnes."
"Vannmiljø_123-112844","Vannmiljø Station Torpbekken nedstrøms Øvre Torp","River, stream, canal","Water column, pelagic zone",63.43260356267862,10.681833600759465,"WGS84","Norway","Not relevant","Sam Welch (Vm Conversion)","2025-12-16",
"Vannmiljø_061-113573","Vannmiljø Station Skulstadelva","River, stream, canal","Water column, pelagic zone",60.428247794240555,5.625386997032788,"WGS84","Norway","Not relevant","Sam Welch (Vm Conversion)","2025-12-16",
"Vannmiljø_061-113574","Vannmiljø Station Manndalselva nedstraums","River, stream, canal","Water column, pelagic zone",60.42595498234858,5.627776746373361,"WGS84","Norway","Not relevant","Sam Welch (Vm Conversion)","2025-12-16",
"Vannmiljø_061-113575","Vannmiljø Station Skredbekken","River, stream, canal","Water column, pelagic zone",60.42349160068059,5.626007601442801,"WGS84","Norway","Not relevant","Sam Welch (Vm Conversion)","2025-12-16",
"Vannmiljø_109-113625","Vannmiljø Station Driva ved Steggelbakken","River, stream, canal","Water column, pelagic zone",62.58537092553422,9.641297471729224,"WGS84","Norway","Not relevant","Sam Welch (Vm Conversion)","2025-12-16","Vm Original Comment: Inngår i Elveovervåkingsprogrammet."
"Vannmiljø_012-113917","Vannmiljø Station Leirelva ved Hans Bergs vei","River, stream, canal","Water column, pelagic zone",59.69547999984743,10.246189999523404,"WGS84","Norway","Not relevant","Sam Welch (Vm Conversion)","2025-12-16",
"Vannmiljø_139-114579","Vannmiljø Station Skorovasselva øvre","River, stream, canal","Water column, pelagic zone",64.66578331771628,13.012991435114671,"WGS84","Norway","Not relevant","Sam Welch (Vm Conversion)","2025-12-16",
"Vannmiljø_002-114810","Vannmiljø Station Mjøsa, Hamar","Lake, pond, pool, reservoir","Water column, pelagic zone",60.7791916213389,11.077506890263374,"WGS84","Norway","Not relevant","Sam Welch (Vm Conversion)","2025-12-16","Vm Original Comment: Miljøgifter i ferskvann (MilFersk)"
"Vannmiljø_002-115585","Vannmiljø Station Mjøsa, Tangenvika","Lake, pond, pool, reservoir","Water column, pelagic zone",60.58864814743703,11.27050654549853,"WGS84","Norway","Not relevant","Sam Welch (Vm Conversion)","2025-12-16",
"Vannmiljø_002-115586","Vannmiljø Station Mjøsa, Tangenvika","Lake, pond, pool, reservoir","Water column, pelagic zone",60.59817408221033,11.279006837426428,"WGS84","Norway","Not relevant","Sam Welch (Vm Conversion)","2025-12-16",
"Vannmiljø_002-115587","Vannmiljø Station Mjøsa, Tangenvika","Lake, pond, pool, reservoir","Water column, pelagic zone",60.581970349274805,11.261106342756877,"WGS84","Norway","Not relevant","Sam Welch (Vm Conversion)","2025-12-16",
"Vannmiljø_109-115935","Vannmiljø Station Ålma nedre","River, stream, canal","Water column, pelagic zone",62.58904103576353,9.645091363070922,"WGS84","Norway","Not relevant","Sam Welch (Vm Conversion)","2025-12-16","Vm Original Comment: Oppstrøms Ålma bru, elvekant på nordside."
"Vannmiljø_056-116375","Vannmiljø Station Småvatnet","Lake, pond, pool, reservoir","Water column, pelagic zone",60.357199733063176,5.194462262769103,"WGS84","Norway","Not relevant","Sam Welch (Vm Conversion)","2025-12-16",
"Vannmiljø_139-117358","Vannmiljø Station Drensvann fra Taubanesilo","River, stream, canal","Water column, pelagic zone",64.6352060222643,13.102715328264251,"WGS84","Norway","Not relevant","Sam Welch (Vm Conversion)","2025-12-16","Vm Original Comment: NIVA Overvåking av gruvepåvirkede vassdrag. Skorovas Gruber."
"Vannmiljø_134-118815","Vannmiljø Station Almtjønnbekken, ved Gjølgavatnet","River, stream, canal","Water column, pelagic zone",63.79311529565377,10.053376577023789,"WGS84","Norway","Not relevant","Sam Welch (Vm Conversion)","2025-12-16",
"Vannmiljø_123-119227","Vannmiljø Station Væla","River, stream, canal","Water column, pelagic zone",63.05632683593241,11.547670491191136,"WGS84","Norway","Not relevant","Sam Welch (Vm Conversion)","2025-12-16",
"Vannmiljø_122-119889","Vannmiljø Station 10, Hammerbekken nedstrøms ny E6","River, stream, canal","Water column, pelagic zone",62.86278684267607,10.065400108210088,"WGS84","Norway","Not relevant","Sam Welch (Vm Conversion)","2025-12-16","Vm Original Comment: Overvåkning bekk under anleggsarbeider med ny E6"
"Vannmiljø_122-119890","Vannmiljø Station 39, Buvatnet","Lake, pond, pool, reservoir","Water column, pelagic zone",62.84183080442957,10.017943083509715,"WGS84","Norway","Not relevant","Sam Welch (Vm Conversion)","2025-12-16","Vm Original Comment: Overvåkning i forbindelse med anleggsgjennomføring for ny E6"
"Vannmiljø_128-119977","Vannmiljø Station Nedre Nesja","River, stream, canal","Water column, pelagic zone",64.06054141260122,11.504301930688845,"WGS84","Norway","Not relevant","Sam Welch (Vm Conversion)","2025-12-16",
"Vannmiljø_128-119978","Vannmiljø Station Øvre Nesja","River, stream, canal","Water column, pelagic zone",64.06066901061807,11.513324152036475,"WGS84","Norway","Not relevant","Sam Welch (Vm Conversion)","2025-12-16",
"Vannmiljø_128-119979","Vannmiljø Station Nedre Sørenget","River, stream, canal","Water column, pelagic zone",64.0578245304501,11.502178498468183,"WGS84","Norway","Not relevant","Sam Welch (Vm Conversion)","2025-12-16",
"Vannmiljø_128-120053","Vannmiljø Station Øvre Sørenget","River, stream, canal","Water column, pelagic zone",64.05796562301505,11.510731945231461,"WGS84","Norway","Not relevant","Sam Welch (Vm Conversion)","2025-12-16",
"Vannmiljø_128-120054","Vannmiljø Station Lundsbekken Utløp","River, stream, canal","Water column, pelagic zone",64.05249192625968,11.493776414948535,"WGS84","Norway","Not relevant","Sam Welch (Vm Conversion)","2025-12-16",
"Vannmiljø_128-120055","Vannmiljø Station Bekk Rungstad","River, stream, canal","Water column, pelagic zone",64.0540033077507,11.491202242485741,"WGS84","Norway","Not relevant","Sam Welch (Vm Conversion)","2025-12-16",
"Vannmiljø_128-120056","Vannmiljø Station Steinsengbekken","River, stream, canal","Water column, pelagic zone",64.04608501393318,11.493059648408192,"WGS84","Norway","Not relevant","Sam Welch (Vm Conversion)","2025-12-16",
"Vannmiljø_128-120057","Vannmiljø Station Selesbekken Nord","River, stream, canal","Water column, pelagic zone",64.04249737122105,11.484524020918311,"WGS84","Norway","Not relevant","Sam Welch (Vm Conversion)","2025-12-16",
"Vannmiljø_128-120058","Vannmiljø Station Selesbekken Sør","River, stream, canal","Water column, pelagic zone",64.03564801982536,11.475649768587893,"WGS84","Norway","Not relevant","Sam Welch (Vm Conversion)","2025-12-16",
"Vannmiljø_084-120170","Vannmiljø Station Grytaelva","River, stream, canal","Water column, pelagic zone",61.492700001300726,5.461800010192514,"WGS84","Norway","Not relevant","Sam Welch (Vm Conversion)","2025-12-16","Vm Original Comment: Prøvepunkt vannprøver - bakgrunnsmålinger og overvåking i forbindelse med Engebøprosjektet. Vm Emission Source: Industrial"
"Vannmiljø_084-120171","Vannmiljø Station Grytaelva","River, stream, canal","Water column, pelagic zone",61.49675000137754,5.460930011010914,"WGS84","Norway","Not relevant","Sam Welch (Vm Conversion)","2025-12-16","Vm Original Comment: Prøvepunkt vannprøver - bakgrunnsmålinger og overvåking i forbindelse med Engebøprosjektet. Vm Emission Source: Industrial"
"Vannmiljø_084-120172","Vannmiljø Station Grytaelva","River, stream, canal","Water column, pelagic zone",61.492849921399895,5.467974345266791,"WGS84","Norway","Not relevant","Sam Welch (Vm Conversion)","2025-12-16","Vm Original Comment: Prøvepunkt vannprøver - bakgrunnsmålinger og overvåking i forbindelse med Engebøprosjektet. Vm Emission Source: Industrial"
"Vannmiljø_084-120173","Vannmiljø Station Grytaelva","River, stream, canal","Water column, pelagic zone",61.49617000142009,5.461180010837983,"WGS84","Norway","Not relevant","Sam Welch (Vm Conversion)","2025-12-16","Vm Original Comment: Prøvepunkt vannprøver - bakgrunnsmålinger og overvåking i forbindelse med Engebøprosjektet. Vm Emission Source: Industrial"
"Vannmiljø_084-120174","Vannmiljø Station Stølselva","River, stream, canal","Water column, pelagic zone",61.49305000152078,5.420550010533522,"WGS84","Norway","Not relevant","Sam Welch (Vm Conversion)","2025-12-16","Vm Original Comment: Prøvepunkt vannprøver - bakgrunnsmålinger og overvåking i forbindelse med Engebøprosjektet. Vm Emission Source: Industrial"
"Vannmiljø_084-120175","Vannmiljø Station Engebødalselven","River, stream, canal","Water column, pelagic zone",61.49745000181712,5.455230009739163,"WGS84","Norway","Not relevant","Sam Welch (Vm Conversion)","2025-12-16","Vm Original Comment: Prøvepunkt vannprøver - bakgrunnsmålinger og overvåking i forbindelse med Engebøprosjektet. Vm Emission Source: Industrial"
"Vannmiljø_012-120272","Vannmiljø Station Bekk ved Nesvang","River, stream, canal","Water column, pelagic zone",59.6762896570857,10.368404953926401,"WGS84","Norway","Not relevant","Sam Welch (Vm Conversion)","2025-12-16",
"Vannmiljø_122-120388","Vannmiljø Station 8b, Øyabekken","River, stream, canal","Water column, pelagic zone",62.86689196138464,10.082598598488199,"WGS84","Norway","Not relevant","Sam Welch (Vm Conversion)","2025-12-16","Vm Original Comment: Prøvepunkt i Øyabekken i forbindelse med bygging av ny E6"
"Vannmiljø_122-120389","Vannmiljø Station 1, Ila nedstrøms","River, stream, canal","Water column, pelagic zone",62.93802759819307,10.19205427674017,"WGS84","Norway","Not relevant","Sam Welch (Vm Conversion)","2025-12-16","Vm Original Comment: Prøvepunkt i forbindelse med bygging av ny E6 Berkåk - Vindåsliene"
"Vannmiljø_123-120574","Vannmiljø Station Fjølstadbekken","River, stream, canal","Water column, pelagic zone",63.42144971792904,10.628529523204433,"WGS84","Norway","Not relevant","Sam Welch (Vm Conversion)","2025-12-16",
"Vannmiljø_143-120833","Vannmiljø Station Håvanelva","River, stream, canal","Water column, pelagic zone",65.09096999867846,11.689838992308923,"WGS84","Norway","Not relevant","Sam Welch (Vm Conversion)","2025-12-16",
"Vannmiljø_056-120880","Vannmiljø Station Langavatnet","Lake, pond, pool, reservoir","Water column, pelagic zone",60.48051510142459,5.342424716308659,"WGS84","Norway","Not relevant","Sam Welch (Vm Conversion)","2025-12-16","Vm Original Comment: Prøvetaking i forbindelse med utbygging av E39.
Vegsalt og tungmetaller i innsjøer langs europa- og riksveier."
"Vannmiljø_024-121120","Vannmiljø Station Romsdalsbekken oppstrøms","River, stream, canal","Water column, pelagic zone",58.198156349739435,7.057364489045653,"WGS84","Norway","Not relevant","Sam Welch (Vm Conversion)","2025-12-16","Vm Original Comment: Prøvepunkt opprettet som del av overvåkningen av mulig avrenning fra syredannende masser i forbindelse med utbyggingen av prosjektet E39 Lyngdal Ø-V"
"Vannmiljø_123-121674","Vannmiljø Station Ås ved industripark","River, stream, canal","Water column, pelagic zone",63.03389585102725,11.684246225698866,"WGS84","Norway","Not relevant","Sam Welch (Vm Conversion)","2025-12-16",
"Vannmiljø_012-121817","Vannmiljø Station Leirelva utløp","River, stream, canal","Water column, pelagic zone",59.72999871389684,10.225603438029806,"WGS84","Norway","Not relevant","Sam Welch (Vm Conversion)","2025-12-16",
"Vannmiljø_006-122027","Vannmiljø Station Bjølsen oppstrøms","River, stream, canal","Water column, pelagic zone",59.94320469023007,10.766935926568241,"WGS84","Norway","Not relevant","Sam Welch (Vm Conversion)","2025-12-16",
"Vannmiljø_006-122028","Vannmiljø Station Bjølsen nedstrøms","River, stream, canal","Water column, pelagic zone",59.93973558311986,10.767475153680564,"WGS84","Norway","Not relevant","Sam Welch (Vm Conversion)","2025-12-16",
"Vannmiljø_006-122029","Vannmiljø Station Maridalsoset nedstrøms","River, stream, canal","Water column, pelagic zone",59.968853847512,10.787380235835153,"WGS84","Norway","Not relevant","Sam Welch (Vm Conversion)","2025-12-16",
"Vannmiljø_006-122030","Vannmiljø Station Maridalsoset oppstrøms","River, stream, canal","Water column, pelagic zone",59.969467897625314,10.787665437645831,"WGS84","Norway","Not relevant","Sam Welch (Vm Conversion)","2025-12-16",
"Vannmiljø_139-122153","Vannmiljø Station Litlskorovatn-bekken","River, stream, canal","Water column, pelagic zone",64.64511977715104,13.096351568592834,"WGS84","Norway","Not relevant","Sam Welch (Vm Conversion)","2025-12-16","Vm Original Comment: Vannovervåking Storskorovatn grunnstoff, huseierlaget"
"Vannmiljø_122-122272","Vannmiljø Station Kneppet Vest, K-opp","River, stream, canal","Water column, pelagic zone",63.23132546192518,10.417758307076088,"WGS84","Norway","Not relevant","Sam Welch (Vm Conversion)","2025-12-16","Vm Original Comment: Punkt i Bjørndalsbekken, oppstrøms grustak og deponi for rene masser ved Kneppet Vest. Dokumenterer grunntilstand før eventuell avrenning fra deponiet."
"Vannmiljø_122-122273","Vannmiljø Station Kneppet Vest, K-ned","River, stream, canal","Water column, pelagic zone",63.22679522379347,10.416901220857959,"WGS84","Norway","Not relevant","Sam Welch (Vm Conversion)","2025-12-16","Vm Original Comment: Punkt i Bjørndalsbekken, nedstrøms grustak og deponi for rene masser ved Kneppet Vest. Dokumenterer påvirkningen av eventuell avrenning fra deponiet."
"Vannmiljø_028-122372","Vannmiljø Station Dalabekken oppstrøms","River, stream, canal","Water column, pelagic zone",58.66036808716299,5.667453622971778,"WGS84","Norway","Not relevant","Sam Welch (Vm Conversion)","2025-12-16","Vm Original Comment: Vannprøve - metaller og næringsstoffer"
"Vannmiljø_028-122373","Vannmiljø Station Dalabekken nedstrøms","River, stream, canal","Water column, pelagic zone",58.65844114265993,5.66485158242807,"WGS84","Norway","Not relevant","Sam Welch (Vm Conversion)","2025-12-16","Vm Original Comment: Vannprøve - metaller og næringsstoffer"
"Vannmiljø_028-122392","Vannmiljø Station Stormyråna","River, stream, canal","Water column, pelagic zone",58.64843965769703,5.809059643314148,"WGS84","Norway","Not relevant","Sam Welch (Vm Conversion)","2025-12-16",
"Vannmiljø_028-122393","Vannmiljø Station Litlamos","Lake, pond, pool, reservoir","Water column, pelagic zone",58.647811083208154,5.8125286387156905,"WGS84","Norway","Not relevant","Sam Welch (Vm Conversion)","2025-12-16",
"Vannmiljø_028-122399","Vannmiljø Station Bøbekken","River, stream, canal","Water column, pelagic zone",58.67492518993972,5.644065557284877,"WGS84","Norway","Not relevant","Sam Welch (Vm Conversion)","2025-12-16",
"Vannmiljø_028-122400","Vannmiljø Station Hååna","River, stream, canal","Water column, pelagic zone",58.682039126464154,5.618810719227267,"WGS84","Norway","Not relevant","Sam Welch (Vm Conversion)","2025-12-16",
"Vannmiljø_018-122473","Vannmiljø Station UTBU","River, stream, canal","Water column, pelagic zone",58.51341261851966,8.79975948868241,"WGS84","Norway","Not relevant","Sam Welch (Vm Conversion)","2025-12-16","Vm Original Comment: Referansestasjon Eyde Material park"
"Vannmiljø_018-122474","Vannmiljø Station OPSNØ","River, stream, canal","Water column, pelagic zone",58.506057659296445,8.794329465912915,"WGS84","Norway","Not relevant","Sam Welch (Vm Conversion)","2025-12-16","Vm Original Comment: Overvåkning Eyde material park"
"Vannmiljø_122-122601","Vannmiljø Station 41 Bekk ved BAA11 sør","River, stream, canal","Water column, pelagic zone",62.87488963568575,10.095302799721017,"WGS84","Norway","Not relevant","Sam Welch (Vm Conversion)","2025-12-16","Vm Original Comment: Bekk oppstrøms deponi BAA11. Renner gjennom jordbruksområde, er mye avrenning fra jordbruket til bekken. Renner ut i Ila."
"Vannmiljø_122-122602","Vannmiljø Station 40 Bekk ved BAA11 sør","River, stream, canal","Water column, pelagic zone",62.87584347675411,10.096964315399092,"WGS84","Norway","Not relevant","Sam Welch (Vm Conversion)","2025-12-16","Vm Original Comment: Bekk kommer fra myrområdet oppstrøms Steinlia, og skogområdene rundt."
"Vannmiljø_122-122603","Vannmiljø Station 42 Bekk ved BAA11 nedstrøms","River, stream, canal","Water column, pelagic zone",62.87750740013636,10.094924549258142,"WGS84","Norway","Not relevant","Sam Welch (Vm Conversion)","2025-12-16","Vm Original Comment: Samlet bekk nedstrøms deponi for rene masser i forbindelse med E6 Berkåk Vindåsliene."
"Vannmiljø_018-122884","Vannmiljø Station Snømyrtjern","Lake, pond, pool, reservoir","Water column, pelagic zone",58.50454564602653,8.793672496660484,"WGS84","Norway","Not relevant","Sam Welch (Vm Conversion)","2025-12-16","Vm Original Comment: Overvåkning ifm. utbygging av industriareal på Longum"
"Vannmiljø_101-122933","Vannmiljø Station Brusdalsvatnet","Lake, pond, pool, reservoir","Water column, pelagic zone",62.468982434898415,6.390973022206988,"WGS84","Norway","Not relevant","Sam Welch (Vm Conversion)","2025-12-16","Vm Original Comment: Punkt for oppfølging under anleggsarbeider for kommunens nye vannbehandlingsanlegg på Fremmerholen."
"Vannmiljø_101-122935","Vannmiljø Station Brusdalsvatnet - utløp","Lake, pond, pool, reservoir","Water column, pelagic zone",62.465892955312086,6.388480455393448,"WGS84","Norway","Not relevant","Sam Welch (Vm Conversion)","2025-12-16","Vm Original Comment: Punkt for oppfølging under anleggsarbeider for kommunens nye vannbehandlingsanlegg på Fremmerholen."
"Vannmiljø_012-122936","Vannmiljø Station Holsfjorden - driftsundersøkelser Oslo VAV","Lake, pond, pool, reservoir","Water column, pelagic zone",59.96428199989099,10.320131000600849,"WGS84","Norway","Not relevant","Sam Welch (Vm Conversion)","2025-12-16","Vm Original Comment: Analyseresultater f.o.m. 2022"
"Vannmiljø_012-122937","Vannmiljø Station Holsfjorden - driftsundersøkelser Oslo VAV","Lake, pond, pool, reservoir","Water column, pelagic zone",59.96270800027383,10.321765999142942,"WGS84","Norway","Not relevant","Sam Welch (Vm Conversion)","2025-12-16","Vm Original Comment: Analyseresultater f.o.m. 2022"
"Vannmiljø_101-122938","Vannmiljø Station Spjelkavikelva","River, stream, canal","Water column, pelagic zone",62.46527850906869,6.385951113979501,"WGS84","Norway","Not relevant","Sam Welch (Vm Conversion)","2025-12-16","Vm Original Comment: Punkt for oppfølging under anleggsarbeider for kommunens nye vannbehandlingsanlegg på Fremmerholen.
"
"Vannmiljø_101-122939","Vannmiljø Station Lillevatnet - innløp","Lake, pond, pool, reservoir","Water column, pelagic zone",62.46482955564107,6.379707699292926,"WGS84","Norway","Not relevant","Sam Welch (Vm Conversion)","2025-12-16","Vm Original Comment: Punkt for oppfølging under anleggsarbeider for kommunens nye vannbehandlingsanlegg på Fremmerholen.
"
"Vannmiljø_101-122940","Vannmiljø Station Lillevatnet - utløp","Lake, pond, pool, reservoir","Water column, pelagic zone",62.46502817072246,6.369187361928089,"WGS84","Norway","Not relevant","Sam Welch (Vm Conversion)","2025-12-16","Vm Original Comment: Punkt for oppfølging under anleggsarbeider for kommunens nye vannbehandlingsanlegg på Fremmerholen.
"
"Vannmiljø_101-122941","Vannmiljø Station Spjelkavikelva - kanalen","River, stream, canal","Water column, pelagic zone",62.46340591493081,6.36335683465446,"WGS84","Norway","Not relevant","Sam Welch (Vm Conversion)","2025-12-16","Vm Original Comment: Punkt for oppfølging under anleggsarbeider for kommunens nye vannbehandlingsanlegg på Fremmerholen.
"
"Vannmiljø_101-122946","Vannmiljø Station Lillevatnet","Lake, pond, pool, reservoir","Water column, pelagic zone",62.464983032670396,6.376033992856093,"WGS84","Norway","Not relevant","Sam Welch (Vm Conversion)","2025-12-16","Vm Original Comment: Punkt for oppfølging under anleggsarbeider for kommunens nye vannbehandlingsanlegg på Fremmerholen."
"Vannmiljø_061-122967","Vannmiljø Station Skulstadelva før samløp med Manndalselva","River, stream, canal","Water column, pelagic zone",60.427045803552474,5.627602290896296,"WGS84","Norway","Not relevant","Sam Welch (Vm Conversion)","2025-12-16",
"Vannmiljø_061-122969","Vannmiljø Station Skredbekken nedstrøms E16","River, stream, canal","Water column, pelagic zone",60.42707569518823,5.625944894015688,"WGS84","Norway","Not relevant","Sam Welch (Vm Conversion)","2025-12-16",
"Vannmiljø_012-122970","Vannmiljø Station Holsfjorden - driftsundersøkelser Oslo VAV","Lake, pond, pool, reservoir","Water column, pelagic zone",59.96321300005994,10.3193500003472,"WGS84","Norway","Not relevant","Sam Welch (Vm Conversion)","2025-12-16","Vm Original Comment: Analyseresultater f.o.m. 2022"
"Vannmiljø_056-123009","Vannmiljø Station Storavatnet midt","Lake, pond, pool, reservoir","Water column, pelagic zone",60.36147308277337,5.2070034340695885,"WGS84","Norway","Not relevant","Sam Welch (Vm Conversion)","2025-12-16",
"Vannmiljø_002-123016","Vannmiljø Station Våletjennsbekken","River, stream, canal","Water column, pelagic zone",60.720629076017744,11.234111245857726,"WGS84","Norway","Not relevant","Sam Welch (Vm Conversion)","2025-12-16","Vm Original Comment: Overvåking i forbindelse med utbygging dobbeltspor jernbane: Kleverud-Sørli-Åkersvika (KSÅ)."
"Vannmiljø_002-123017","Vannmiljø Station Bekk v/Ljøstad","River, stream, canal","Water column, pelagic zone",60.72079532983131,11.233786338218922,"WGS84","Norway","Not relevant","Sam Welch (Vm Conversion)","2025-12-16","Vm Original Comment: Overvåking i forbindelse med utbygging dobbeltspor jernbane: Kleverud-Sørli-Åkersvika (KSÅ). 
. Vm Emission Source: Industrial"
"Vannmiljø_018-123080","Vannmiljø Station Stortjern","Lake, pond, pool, reservoir","Water column, pelagic zone",58.5072711585176,8.801600797324312,"WGS84","Norway","Not relevant","Sam Welch (Vm Conversion)","2025-12-16","Vm Original Comment: Overvåkning Longum material park"
"Vannmiljø_002-123122","Vannmiljø Station Våletjennsbekken utløp","River, stream, canal","Water column, pelagic zone",60.708365799754034,11.220313344429641,"WGS84","Norway","Not relevant","Sam Welch (Vm Conversion)","2025-12-16","Vm Original Comment: Overvåking i forbindelse med utbygging dobbeltspor jernbane: Kleverud-Sørli-Åkersvika (KSÅ)"
"Vannmiljø_002-123123","Vannmiljø Station Bekk v/Løstad","River, stream, canal","Water column, pelagic zone",60.71734089139928,11.22015677481761,"WGS84","Norway","Not relevant","Sam Welch (Vm Conversion)","2025-12-16","Vm Original Comment: Overvåking i forbindelse med utbygging dobbeltspor jernbane: Kleverud-Sørli-Åkersvika (KSÅ)"
"Vannmiljø_002-123124","Vannmiljø Station Brenneribekken v/Østre Skjerden","River, stream, canal","Water column, pelagic zone",60.73578285125713,11.159717064183532,"WGS84","Norway","Not relevant","Sam Welch (Vm Conversion)","2025-12-16","Vm Original Comment: Overvåking i forbindelse med utbygging dobbeltspor jernbane: Kleverud-Sørli-Åkersvika (KSÅ)"
"Vannmiljø_002-123125","Vannmiljø Station Brenneribekken (Ottestad)","River, stream, canal","Water column, pelagic zone",60.74601801498753,11.13772216952457,"WGS84","Norway","Not relevant","Sam Welch (Vm Conversion)","2025-12-16","Vm Original Comment: Overvåking i forbindelse med utbygging dobbeltspor jernbane: Kleverud-Sørli-Åkersvika (KSÅ)"
"Vannmiljø_026-123229","Vannmiljø Station Oppstrøms","River, stream, canal","Water column, pelagic zone",58.6815240391105,6.752516626244078,"WGS84","Norway","Not relevant","Sam Welch (Vm Conversion)","2025-12-16",
"Vannmiljø_026-123230","Vannmiljø Station Tvettebekken st. 3","River, stream, canal","Water column, pelagic zone",58.678671108457436,6.735265609726866,"WGS84","Norway","Not relevant","Sam Welch (Vm Conversion)","2025-12-16","Vm Original Comment: Bunndyr og vannprøver stasjon 3"
"Vannmiljø_026-123243","Vannmiljø Station Stasjon 1","River, stream, canal","Water column, pelagic zone",58.67754792595577,6.753621787979587,"WGS84","Norway","Not relevant","Sam Welch (Vm Conversion)","2025-12-16","Vm Original Comment: Vannprøver stasjon 1"
"Vannmiljø_026-123244","Vannmiljø Station Stasjon 2","River, stream, canal","Water column, pelagic zone",58.68099355526323,6.752184566282285,"WGS84","Norway","Not relevant","Sam Welch (Vm Conversion)","2025-12-16","Vm Original Comment: Vannprøver stasjon 2"
"Vannmiljø_246-123315","Vannmiljø Station ST 130 Lake Valpvatnet inlet","Lake, pond, pool, reservoir","Water column, pelagic zone",69.66221381329439,30.055348388535403,"WGS84","Norway","Not relevant","Sam Welch (Vm Conversion)","2025-12-16","Vm Emission Source: Industrial"
"Vannmiljø_246-123348","Vannmiljø Station Stream upstream Store Fiskevatnet ST 137","River, stream, canal","Water column, pelagic zone",69.60063449384766,30.069966700076844,"WGS84","Norway","Not relevant","Sam Welch (Vm Conversion)","2025-12-16","Vm Emission Source: Industrial"
"Vannmiljø_246-123349","Vannmiljø Station Waste Rock Dump E Seep 43.1","River, stream, canal","Water column, pelagic zone",69.62262242533967,30.047296617160985,"WGS84","Norway","Not relevant","Sam Welch (Vm Conversion)","2025-12-16","Vm Emission Source: Industrial"
"Vannmiljø_246-123350","Vannmiljø Station Waste rock dump E seep","River, stream, canal","Water column, pelagic zone",69.6277701820778,30.04778317502379,"WGS84","Norway","Not relevant","Sam Welch (Vm Conversion)","2025-12-16","Vm Emission Source: Industrial"
"Vannmiljø_246-123351","Vannmiljø Station Stream upstream Lake Langvatn","River, stream, canal","Water column, pelagic zone",69.63613910992557,30.05705811019836,"WGS84","Norway","Not relevant","Sam Welch (Vm Conversion)","2025-12-16","Vm Emission Source: Industrial"
"Vannmiljø_246-123357","Vannmiljø Station Stream downstream Lake Sandbotnvatn","River, stream, canal","Water column, pelagic zone",69.65729091269206,29.988554033531976,"WGS84","Norway","Not relevant","Sam Welch (Vm Conversion)","2025-12-16","Vm Emission Source: Industrial"
"Vannmiljø_246-123358","Vannmiljø Station Stream upstream Lake Store Peskvatn","River, stream, canal","Water column, pelagic zone",69.61716186873318,29.997119665018648,"WGS84","Norway","Not relevant","Sam Welch (Vm Conversion)","2025-12-16","Vm Emission Source: Industrial"
"Vannmiljø_03.41-123392","Vannmiljø Station Gamlebrua","River, stream, canal","Water column, pelagic zone",64.46793955197715,11.543614734272936,"WGS84","Norway","Not relevant","Sam Welch (Vm Conversion)","2025-12-16",
"Vannmiljø_139-123393","Vannmiljø Station Ranemsletta","River, stream, canal","Water column, pelagic zone",64.4914419628543,11.950602074113618,"WGS84","Norway","Not relevant","Sam Welch (Vm Conversion)","2025-12-16",
"Vannmiljø_139-123394","Vannmiljø Station Gartland","River, stream, canal","Water column, pelagic zone",64.52336109071119,12.410146925112537,"WGS84","Norway","Not relevant","Sam Welch (Vm Conversion)","2025-12-16",
"Vannmiljø_139-123395","Vannmiljø Station Reina oppstrøms","River, stream, canal","Water column, pelagic zone",64.49948263417114,11.949413498913767,"WGS84","Norway","Not relevant","Sam Welch (Vm Conversion)","2025-12-16",
"Vannmiljø_139-123396","Vannmiljø Station 7156129N 353409Ø","River, stream, canal","Water column, pelagic zone",64.49891442517529,11.947796713837892,"WGS84","Norway","Not relevant","Sam Welch (Vm Conversion)","2025-12-16",
"Vannmiljø_246-123501","Vannmiljø Station Lake Store Fiskevatnet, center","Lake, pond, pool, reservoir","Water column, pelagic zone",69.60766005927249,30.08364053958586,"WGS84","Norway","Not relevant","Sam Welch (Vm Conversion)","2025-12-16","Vm Original Comment: Miljøovervåking i industriresipienter. Vm Emission Source: Industrial"
"Vannmiljø_013-123623","Vannmiljø Station Frebergsvik bekken","River, stream, canal","Water column, pelagic zone",59.4353237645194,10.391871716686223,"WGS84","Norway","Not relevant","Sam Welch (Vm Conversion)","2025-12-16",
"Vannmiljø_041-123660","Vannmiljø Station Eikelandstjørna","River, stream, canal","Water column, pelagic zone",59.57351606817434,5.707579829784922,"WGS84","Norway","Not relevant","Sam Welch (Vm Conversion)","2025-12-16","Vm Original Comment: Vegsalt og tungmetaller i innsjøer langs europa- og riksveier"
"Vannmiljø_039-123661","Vannmiljø Station Elleflåttjørna","River, stream, canal","Water column, pelagic zone",59.521086060250745,5.664329373226736,"WGS84","Norway","Not relevant","Sam Welch (Vm Conversion)","2025-12-16","Vm Original Comment: Vegsalt og tungmetaller i innsjøer langs europa- og riksveier"
"Vannmiljø_038-123662","Vannmiljø Station Røyrtjørna","River, stream, canal","Water column, pelagic zone",59.526458497463196,5.688106294453547,"WGS84","Norway","Not relevant","Sam Welch (Vm Conversion)","2025-12-16","Vm Original Comment: Vegsalt og tungmetaller i innsjøer langs europa- og riksveier"
"Vannmiljø_056-123664","Vannmiljø Station Gravdalsvatnet","Lake, pond, pool, reservoir","Water column, pelagic zone",60.38286835923341,5.262630500443038,"WGS84","Norway","Not relevant","Sam Welch (Vm Conversion)","2025-12-16","Vm Original Comment: Vegsalt og tungmetaller i innsjøer langs europa- og riksveier"
"Vannmiljø_055-123665","Vannmiljø Station Kvernatjørna","River, stream, canal","Water column, pelagic zone",60.21542829062062,5.426748597015714,"WGS84","Norway","Not relevant","Sam Welch (Vm Conversion)","2025-12-16","Vm Original Comment: Vegsalt og tungmetaller i innsjøer langs europa- og riksveier"
"Vannmiljø_041-123666","Vannmiljø Station Navnløs","River, stream, canal","Water column, pelagic zone",59.52236888967786,5.425428729287772,"WGS84","Norway","Not relevant","Sam Welch (Vm Conversion)","2025-12-16","Vm Original Comment: Vegsalt og tungmetaller i innsjøer langs europa- og riksveier"
"Vannmiljø_056-123667","Vannmiljø Station Sjurastemma","River, stream, canal","Water column, pelagic zone",60.447367862626834,5.319802001687457,"WGS84","Norway","Not relevant","Sam Welch (Vm Conversion)","2025-12-16","Vm Original Comment: Vegsalt og tungmetaller i innsjøer langs europa- og riksveier"
"Vannmiljø_044-123668","Vannmiljø Station Tveitavatnet","River, stream, canal","Water column, pelagic zone",59.77410294151185,5.4786644434013185,"WGS84","Norway","Not relevant","Sam Welch (Vm Conversion)","2025-12-16","Vm Original Comment: Vegsalt og tungmetaller i innsjøer langs europa- og riksveier"
"Vannmiljø_123-123674","Vannmiljø Station #M3 ned","River, stream, canal","Water column, pelagic zone",63.42578508445809,10.577453028373192,"WGS84","Norway","Not relevant","Sam Welch (Vm Conversion)","2025-12-16",
"Vannmiljø_140-123703","Vannmiljø Station Letvikgrenda","River, stream, canal","Water column, pelagic zone",64.63401521298053,11.274941310840626,"WGS84","Norway","Not relevant","Sam Welch (Vm Conversion)","2025-12-16",
"Vannmiljø_150-123769","Vannmiljø Station Sørraelva","River, stream, canal","Water column, pelagic zone",65.97779360961275,12.580080883438098,"WGS84","Norway","Not relevant","Sam Welch (Vm Conversion)","2025-12-16",
"Vannmiljø_008-123806","Vannmiljø Station Undelstadbekken nedstrøms tennisbanen - HVA 13","River, stream, canal","Water column, pelagic zone",59.842451914925945,10.463436966924249,"WGS84","Norway","Not relevant","Sam Welch (Vm Conversion)","2025-12-16","Vm Original Comment: Punkt opprettet for prosjekt Clean Urban Water 2025."
"Vannmiljø_016-123859","Vannmiljø Station Sandsløken øvre","River, stream, canal","Water column, pelagic zone",59.50641053097952,8.529856243609828,"WGS84","Norway","Not relevant","Sam Welch (Vm Conversion)","2025-12-16",
"Vannmiljø_016-123860","Vannmiljø Station Mandalsåi øvre","River, stream, canal","Water column, pelagic zone",59.56626713372744,8.421853003227397,"WGS84","Norway","Not relevant","Sam Welch (Vm Conversion)","2025-12-16",
"Vannmiljø_016-123861","Vannmiljø Station Ofteelvi øvre","River, stream, canal","Water column, pelagic zone",59.534408488678295,8.181451155922586,"WGS84","Norway","Not relevant","Sam Welch (Vm Conversion)","2025-12-16",
"Vannmiljø_005-123970","Vannmiljø Station Vk1","River, stream, canal","Water column, pelagic zone",59.797877799671916,10.839546899193163,"WGS84","Norway","Not relevant","Sam Welch (Vm Conversion)","2025-12-16","Vm Original Comment: Overvåking av avrenningsvann fra vegbane."
"Vannmiljø_005-123971","Vannmiljø Station Vk2","River, stream, canal","Water column, pelagic zone",59.796941462050526,10.839298965131965,"WGS84","Norway","Not relevant","Sam Welch (Vm Conversion)","2025-12-16","Vm Original Comment: Overvåking av avrenningsvann"
"Vannmiljø_005-123972","Vannmiljø Station Vk-Rd-N","River, stream, canal","Water column, pelagic zone",59.79576567515796,10.839010161139734,"WGS84","Norway","Not relevant","Sam Welch (Vm Conversion)","2025-12-16","Vm Original Comment: Overvåking av avrenning"
"Vannmiljø_005-123973","Vannmiljø Station Vk3","River, stream, canal","Water column, pelagic zone",59.795602518018896,10.838867291722156,"WGS84","Norway","Not relevant","Sam Welch (Vm Conversion)","2025-12-16","Vm Original Comment: Overvåking av avrenning"
"Vannmiljø_005-123974","Vannmiljø Station Vk-Rd-S","River, stream, canal","Water column, pelagic zone",59.79473009957016,10.83834660038944,"WGS84","Norway","Not relevant","Sam Welch (Vm Conversion)","2025-12-16","Vm Original Comment: Overvåking av avrenningsvann"
"Vannmiljø_005-123975","Vannmiljø Station Vk4","River, stream, canal","Water column, pelagic zone",59.79459749970844,10.83818170050857,"WGS84","Norway","Not relevant","Sam Welch (Vm Conversion)","2025-12-16","Vm Original Comment: Overvåking av avrenningsvann"
"Vannmiljø_005-123976","Vannmiljø Station Vk5","River, stream, canal","Water column, pelagic zone",59.79400510019296,10.83761839954987,"WGS84","Norway","Not relevant","Sam Welch (Vm Conversion)","2025-12-16","Vm Original Comment: Overvåking av avrenning"
"Vannmiljø_005-123977","Vannmiljø Station Vk6","River, stream, canal","Water column, pelagic zone",59.787741700099495,10.82937060085403,"WGS84","Norway","Not relevant","Sam Welch (Vm Conversion)","2025-12-16","Vm Original Comment: Overvåking av avrenningsvann"
"Vannmiljø_016-124083","Vannmiljø Station Bekk mot Spissløkka","River, stream, canal","Water column, pelagic zone",59.129743461225004,9.678123618210838,"WGS84","Norway","Not relevant","Sam Welch (Vm Conversion)","2025-12-16",
"Vannmiljø_139-124121","Vannmiljø Station 43002 Merkesbekken","River, stream, canal","Water column, pelagic zone",64.96382218226661,13.522110623330207,"WGS84","Norway","Not relevant","Sam Welch (Vm Conversion)","2025-12-16",
"Vannmiljø_307-124122","Vannmiljø Station 43001 Ingeborgbekk","River, stream, canal","Water column, pelagic zone",64.88829996293755,13.551701516789072,"WGS84","Norway","Not relevant","Sam Welch (Vm Conversion)","2025-12-16",
"Vannmiljø_139-124125","Vannmiljø Station 44012 Sponstjønnflyan","River, stream, canal","Water column, pelagic zone",64.88385406894635,13.192618017241307,"WGS84","Norway","Not relevant","Sam Welch (Vm Conversion)","2025-12-16",
"Vannmiljø_139-124127","Vannmiljø Station 44011 Finnvollbekken","River, stream, canal","Water column, pelagic zone",64.84819327268238,13.070491079392639,"WGS84","Norway","Not relevant","Sam Welch (Vm Conversion)","2025-12-16",
"Vannmiljø_139-124129","Vannmiljø Station 4410 Brekkvasselva Nedre","River, stream, canal","Water column, pelagic zone",64.84875237462722,13.02955766943341,"WGS84","Norway","Not relevant","Sam Welch (Vm Conversion)","2025-12-16",
"Vannmiljø_139-124131","Vannmiljø Station 44009 Rasteplass","River, stream, canal","Water column, pelagic zone",64.93036190293772,13.137629590020717,"WGS84","Norway","Not relevant","Sam Welch (Vm Conversion)","2025-12-16",
"Vannmiljø_139-124132","Vannmiljø Station 44007 Tromsa","River, stream, canal","Water column, pelagic zone",64.73213472239647,12.842616906219593,"WGS84","Norway","Not relevant","Sam Welch (Vm Conversion)","2025-12-16",
"Vannmiljø_139-124134","Vannmiljø Station 44006 Tunnsjøelva fiskeplass","River, stream, canal","Water column, pelagic zone",64.71311087424667,12.799890017411329,"WGS84","Norway","Not relevant","Sam Welch (Vm Conversion)","2025-12-16",
"Vannmiljø_139-124135","Vannmiljø Station 45008 Grønndalselva E6","River, stream, canal","Water column, pelagic zone",64.69321312996524,12.757960593142826,"WGS84","Norway","Not relevant","Sam Welch (Vm Conversion)","2025-12-16",
"Vannmiljø_139-124136","Vannmiljø Station 45007 Litlåa","River, stream, canal","Water column, pelagic zone",64.63537422558086,12.615519173542147,"WGS84","Norway","Not relevant","Sam Welch (Vm Conversion)","2025-12-16",
"Vannmiljø_139-124137","Vannmiljø Station 45005 Litlfjerdingelva","River, stream, canal","Water column, pelagic zone",64.6176069738768,12.598249902512025,"WGS84","Norway","Not relevant","Sam Welch (Vm Conversion)","2025-12-16",
"Vannmiljø_139-124138","Vannmiljø Station 45004 Fjerdingen","River, stream, canal","Water column, pelagic zone",64.61890566851153,12.5988640405402,"WGS84","Norway","Not relevant","Sam Welch (Vm Conversion)","2025-12-16",
"Vannmiljø_139-124139","Vannmiljø Station 45002 7873 Harran","River, stream, canal","Water column, pelagic zone",64.57057445206671,12.533906015744712,"WGS84","Norway","Not relevant","Sam Welch (Vm Conversion)","2025-12-16",
"Vannmiljø_139-124140","Vannmiljø Station 45001 Nesåa","River, stream, canal","Water column, pelagic zone",64.57110572491241,12.521729931362621,"WGS84","Norway","Not relevant","Sam Welch (Vm Conversion)","2025-12-16",
"Vannmiljø_139-124141","Vannmiljø Station 47033 Flenga","River, stream, canal","Water column, pelagic zone",64.52345685010172,12.08558130127419,"WGS84","Norway","Not relevant","Sam Welch (Vm Conversion)","2025-12-16",
"Vannmiljø_139-124142","Vannmiljø Station 47035 Hauka","River, stream, canal","Water column, pelagic zone",64.53447158972338,12.13912537660436,"WGS84","Norway","Not relevant","Sam Welch (Vm Conversion)","2025-12-16",
"Vannmiljø_139-124143","Vannmiljø Station 47032 OV 2827","River, stream, canal","Water column, pelagic zone",64.53217198790921,12.133896059347032,"WGS84","Norway","Not relevant","Sam Welch (Vm Conversion)","2025-12-16",
"Vannmiljø_139-124144","Vannmiljø Station 47034 Skjørlandsbekken","River, stream, canal","Water column, pelagic zone",64.52171038432608,12.019191237186224,"WGS84","Norway","Not relevant","Sam Welch (Vm Conversion)","2025-12-16",
"Vannmiljø_139-124145","Vannmiljø Station 47025 Skjørva","River, stream, canal","Water column, pelagic zone",64.52653305345743,12.034509613758173,"WGS84","Norway","Not relevant","Sam Welch (Vm Conversion)","2025-12-16",
"Vannmiljø_139-124148","Vannmiljø Station 47026 Skytebane","River, stream, canal","Water column, pelagic zone",64.51044838910532,12.02260441919249,"WGS84","Norway","Not relevant","Sam Welch (Vm Conversion)","2025-12-16",
"Vannmiljø_139-124149","Vannmiljø Station 47027 Eidsvegen","River, stream, canal","Water column, pelagic zone",64.53021847898064,12.084532348279634,"WGS84","Norway","Not relevant","Sam Welch (Vm Conversion)","2025-12-16",
"Vannmiljø_139-124150","Vannmiljø Station 47028 Øyenga","River, stream, canal","Water column, pelagic zone",64.55277138397324,12.113841596976412,"WGS84","Norway","Not relevant","Sam Welch (Vm Conversion)","2025-12-16",
"Vannmiljø_139-124151","Vannmiljø Station 47030 Eid Camping","River, stream, canal","Water column, pelagic zone",64.5504847961802,12.175654869508312,"WGS84","Norway","Not relevant","Sam Welch (Vm Conversion)","2025-12-16",
"Vannmiljø_139-124152","Vannmiljø Station 47031 Galgøfta","River, stream, canal","Water column, pelagic zone",64.53807611989299,12.137678448685369,"WGS84","Norway","Not relevant","Sam Welch (Vm Conversion)","2025-12-16",
"Vannmiljø_127-124197","Vannmiljø Station Kvislabekken","River, stream, canal","Water column, pelagic zone",63.78992466472086,11.48755878807162,"WGS84","Norway","Not relevant","Sam Welch (Vm Conversion)","2025-12-16","Vm Original Comment: Resipientundersøkelse ifbm. arbeid på jernbanestasjonen."
"Vannmiljø_123-124351","Vannmiljø Station Gjetbekken","River, stream, canal","Water column, pelagic zone",62.9571335312644,11.978199286648882,"WGS84","Norway","Not relevant","Sam Welch (Vm Conversion)","2025-12-16",
"Vannmiljø_123-124352","Vannmiljø Station Nesjødammen 737","River, stream, canal","Water column, pelagic zone",62.98669347680025,11.830171586466797,"WGS84","Norway","Not relevant","Sam Welch (Vm Conversion)","2025-12-16",
"Vannmiljø_123-124405","Vannmiljø Station Væla","River, stream, canal","Water column, pelagic zone",63.05998373875301,11.545234637675332,"WGS84","Norway","Not relevant","Sam Welch (Vm Conversion)","2025-12-16",
"Vannmiljø_016-124778","Vannmiljø Station Bekk Honevikan","River, stream, canal","Water column, pelagic zone",59.56176222302908,8.420159610806138,"WGS84","Norway","Not relevant","Sam Welch (Vm Conversion)","2025-12-16","Vm Original Comment: Bekk fra Stormyr"
"Vannmiljø_056-124808","Vannmiljø Station Navnløsbekk ved Vestlundveien","River, stream, canal","Water column, pelagic zone",60.36232470266843,5.293065473285459,"WGS84","Norway","Not relevant","Sam Welch (Vm Conversion)","2025-12-16","Vm Original Comment: Elfiskeundersøkelser, bunndyr og vannprøver i forbindelse med KU. Vm Emission Source: Aquaculture"
"Vannmiljø_160-124983","Vannmiljø Station Setvikbekken oppstrøms massedeponi","River, stream, canal","Water column, pelagic zone",66.8150562177123,13.918585613349148,"WGS84","Norway","Not relevant","Sam Welch (Vm Conversion)","2025-12-16","Vm Original Comment: Undersøkelser ifm. konsekvensutredning for vannmiljø - utvidelse av eksisterende massedeponi"
"Vannmiljø_160-124984","Vannmiljø Station Setvikbekken nedstrøms massedeponi","River, stream, canal","Water column, pelagic zone",66.81388524828067,13.90921993302074,"WGS84","Norway","Not relevant","Sam Welch (Vm Conversion)","2025-12-16","Vm Original Comment: Undersøkelser ifm. konsekvensutredning for vannmiljø - utvidelse av eksisterende massedeponi"
"Vannmiljø_239-125138","Vannmiljø Station Lille Skallelv","River, stream, canal","Water column, pelagic zone",70.1714898112261,30.30580798561799,"WGS84","Norway","Not relevant","Sam Welch (Vm Conversion)","2025-12-16",
"Vannmiljø_239-125139","Vannmiljø Station Skallelv Bekkefelt","River, stream, canal","Water column, pelagic zone",70.17068166839597,30.30162979199803,"WGS84","Norway","Not relevant","Sam Welch (Vm Conversion)","2025-12-16",
"Vannmiljø_026-125152","Vannmiljø Station Maridalen bekk","River, stream, canal","Water column, pelagic zone",58.66953051709757,6.7505577027055645,"WGS84","Norway","Not relevant","Sam Welch (Vm Conversion)","2025-12-16",
"Vannmiljø_122-125247","Vannmiljø Station Bekk 7 n/s fv700","River, stream, canal","Water column, pelagic zone",62.83269973609449,10.019142895658462,"WGS84","Norway","Not relevant","Sam Welch (Vm Conversion)","2025-12-16","Vm Original Comment: Bekk nedstrøms ny fv700 Berkåk"
"Vannmiljø_012-125261","Vannmiljø Station Kleivineset","River, stream, canal","Water column, pelagic zone",60.58058618766839,8.431025691669397,"WGS84","Norway","Not relevant","Sam Welch (Vm Conversion)","2025-12-16",
"Vannmiljø_012-125262","Vannmiljø Station Usta kraftverk nedstrøms","River, stream, canal","Water column, pelagic zone",60.575611306783756,8.409703816565917,"WGS84","Norway","Not relevant","Sam Welch (Vm Conversion)","2025-12-16",
"Vannmiljø_012-125263","Vannmiljø Station TV2","Lake, pond, pool, reservoir","Water column, pelagic zone",60.6144172036204,8.528910624901387,"WGS84","Norway","Not relevant","Sam Welch (Vm Conversion)","2025-12-16",
"Vannmiljø_012-125264","Vannmiljø Station TV1","Lake, pond, pool, reservoir","Water column, pelagic zone",60.61612245010106,8.531969663595124,"WGS84","Norway","Not relevant","Sam Welch (Vm Conversion)","2025-12-16",
"Vannmiljø_012-125265","Vannmiljø Station Bro Strandalivegen","Lake, pond, pool, reservoir","Water column, pelagic zone",60.61905560431044,8.53576485331153,"WGS84","Norway","Not relevant","Sam Welch (Vm Conversion)","2025-12-16",
"Vannmiljø_012-125266","Vannmiljø Station DM Strandafjorden nedstrøms","River, stream, canal","Water column, pelagic zone",60.62129290365483,8.53907856446662,"WGS84","Norway","Not relevant","Sam Welch (Vm Conversion)","2025-12-16",
"Vannmiljø_139-125304","Vannmiljø Station Gruvebekken","River, stream, canal","Water column, pelagic zone",64.63563351135015,13.108235363329515,"WGS84","Norway","Not relevant","Sam Welch (Vm Conversion)","2025-12-16",
"Vannmiljø_002-125332","Vannmiljø Station Kjøllsæter bru klassifiseringstasjon","River, stream, canal","Water column, pelagic zone",61.208237035749804,11.490811961529696,"WGS84","Norway","Not relevant","Sam Welch (Vm Conversion)","2025-12-16","Vm Original Comment: Vannovervåkning for opprettelse av ny bru"
"Vannmiljø_002-125333","Vannmiljø Station Kjøllsæter bru nærstasjon 2","River, stream, canal","Water column, pelagic zone",61.2204548525805,11.494627767974686,"WGS84","Norway","Not relevant","Sam Welch (Vm Conversion)","2025-12-16","Vm Original Comment: Vannovervåkning ved opprettelse av ny bru"
"Vannmiljø_002-125335","Vannmiljø Station Kjøllsæter bru Nærstasjon 1","River, stream, canal","Water column, pelagic zone",61.22309537187277,11.495766936322749,"WGS84","Norway","Not relevant","Sam Welch (Vm Conversion)","2025-12-16","Vm Original Comment: Vannovervåkning ved opprettelse av ny bru"
"Vannmiljø_002-125337","Vannmiljø Station Kjøllsæter bru Bakgrunnstasjon","River, stream, canal","Water column, pelagic zone",61.22621310771,11.498465303670182,"WGS84","Norway","Not relevant","Sam Welch (Vm Conversion)","2025-12-16","Vm Original Comment: Vannovervåkning ved opprettelse av ny bru"
"Vannmiljø_143-125366","Vannmiljø Station 60023	Lissbjørknes bekk","River, stream, canal","Water column, pelagic zone",64.87652000309583,11.597508007691012,"WGS84","Norway","Not relevant","Sam Welch (Vm Conversion)","2025-12-16",
"Vannmiljø_016-125388","Vannmiljø Station Storediket nedstrøms","River, stream, canal","Water column, pelagic zone",59.13209161990987,9.681121071237689,"WGS84","Norway","Not relevant","Sam Welch (Vm Conversion)","2025-12-16",
"Vannmiljø_013-125441","Vannmiljø Station Mælen, Steinsbekken","River, stream, canal","Water column, pelagic zone",59.68601986274201,10.213090564737534,"WGS84","Norway","Not relevant","Sam Welch (Vm Conversion)","2025-12-16",
"Vannmiljø_012-125443","Vannmiljø Station Sletningsdalkulverten, OVL 74278","River, stream, canal","Water column, pelagic zone",59.750703606713316,10.145458812994013,"WGS84","Norway","Not relevant","Sam Welch (Vm Conversion)","2025-12-16",
"Vannmiljø_012-125447","Vannmiljø Station Strømsø v/ Jernbanekaia, kum 11335","River, stream, canal","Water column, pelagic zone",59.73660231802913,10.212716785960625,"WGS84","Norway","Not relevant","Sam Welch (Vm Conversion)","2025-12-16","Vm Original Comment: Lukket bekk/bekker fra Blekktjern og åsen rundt Blekktjern."
"Vannmiljø_012-125452","Vannmiljø Station Kalkveien, Mjøndalsbekken","River, stream, canal","Water column, pelagic zone",59.74066667822092,10.01623858785155,"WGS84","Norway","Not relevant","Sam Welch (Vm Conversion)","2025-12-16",
"Vannmiljø_002-125483","Vannmiljø Station Vangsbekken nedstrøms traktorvei","River, stream, canal","Water column, pelagic zone",60.082695043930826,11.062958588456173,"WGS84","Norway","Not relevant","Sam Welch (Vm Conversion)","2025-12-16",
"Vannmiljø_199-125486","Vannmiljø Station V1","River, stream, canal","Water column, pelagic zone",69.62995604894934,19.038514284013647,"WGS84","Norway","Not relevant","Sam Welch (Vm Conversion)","2025-12-16","Vm Original Comment: Prøvestasjon høst 2025"
"Vannmiljø_199-125517","Vannmiljø Station V2","River, stream, canal","Water column, pelagic zone",69.62992200869942,19.041705014824565,"WGS84","Norway","Not relevant","Sam Welch (Vm Conversion)","2025-12-16",
"Vannmiljø_199-125519","Vannmiljø Station V3","River, stream, canal","Water column, pelagic zone",69.63032982074556,19.039286130333622,"WGS84","Norway","Not relevant","Sam Welch (Vm Conversion)","2025-12-16",
"Vannmiljø_199-125520","Vannmiljø Station V6","River, stream, canal","Water column, pelagic zone",69.6316489955842,19.037314086269692,"WGS84","Norway","Not relevant","Sam Welch (Vm Conversion)","2025-12-16",
"Vannmiljø_199-125521","Vannmiljø Station V7","River, stream, canal","Water column, pelagic zone",69.63144972336322,19.03553382335199,"WGS84","Norway","Not relevant","Sam Welch (Vm Conversion)","2025-12-16",
"Vannmiljø_199-125522","Vannmiljø Station V8","River, stream, canal","Water column, pelagic zone",69.63183320276272,19.03387338547696,"WGS84","Norway","Not relevant","Sam Welch (Vm Conversion)","2025-12-16",
"Vannmiljø_199-125523","Vannmiljø Station V9","River, stream, canal","Water column, pelagic zone",69.63263591354674,19.03461597212039,"WGS84","Norway","Not relevant","Sam Welch (Vm Conversion)","2025-12-16",
"Vannmiljø_199-125524","Vannmiljø Station V10","River, stream, canal","Water column, pelagic zone",69.63371946171739,19.03381966797529,"WGS84","Norway","Not relevant","Sam Welch (Vm Conversion)","2025-12-16",
"Vannmiljø_018-125559","Vannmiljø Station Vennevann, dypeste","River, stream, canal","Water column, pelagic zone",58.60282801251415,8.903618063818612,"WGS84","Norway","Not relevant","Sam Welch (Vm Conversion)","2025-12-16","Vm Original Comment: Profilmålinger fra topp til bunn samt vannprøver fra bunn. Største målte dyp: 19,6 m.
"
"Vannmiljø_018-125560","Vannmiljø Station Vålevann, dypeste","River, stream, canal","Water column, pelagic zone",58.5921788164703,8.908588999724877,"WGS84","Norway","Not relevant","Sam Welch (Vm Conversion)","2025-12-16","Vm Original Comment: Profilmåling fra topp til bunn. Prøvetaking av bunnvann. Største dyp: 26 m."
"Vannmiljø_123-125561","Vannmiljø Station Bekk til Tya","River, stream, canal","Water column, pelagic zone",63.03542047319704,11.676461322111697,"WGS84","Norway","Not relevant","Sam Welch (Vm Conversion)","2025-12-16",
"Vannmiljø_123-125562","Vannmiljø Station Tya","River, stream, canal","Water column, pelagic zone",63.03588753064834,11.67364164922789,"WGS84","Norway","Not relevant","Sam Welch (Vm Conversion)","2025-12-16",
"Vannmiljø_123-125563","Vannmiljø Station Bekk til Tya","River, stream, canal","Water column, pelagic zone",63.03554926404747,11.682705791233877,"WGS84","Norway","Not relevant","Sam Welch (Vm Conversion)","2025-12-16",
"Vannmiljø_012-125615","Vannmiljø Station SF3","Lake, pond, pool, reservoir","Water column, pelagic zone",60.59514847786878,8.475953013656728,"WGS84","Norway","Not relevant","Sam Welch (Vm Conversion)","2025-12-16",
"Vannmiljø_012-125616","Vannmiljø Station SF4","Lake, pond, pool, reservoir","Water column, pelagic zone",60.589669474082896,8.466832049582077,"WGS84","Norway","Not relevant","Sam Welch (Vm Conversion)","2025-12-16",
"Vannmiljø_012-125618","Vannmiljø Station SF5","Lake, pond, pool, reservoir","Water column, pelagic zone",60.58435239674684,8.447871876066667,"WGS84","Norway","Not relevant","Sam Welch (Vm Conversion)","2025-12-16",
"Vannmiljø_012-125619","Vannmiljø Station SF6","Lake, pond, pool, reservoir","Water column, pelagic zone",60.587005251783964,8.446149527925446,"WGS84","Norway","Not relevant","Sam Welch (Vm Conversion)","2025-12-16",
"Vannmiljø_125-125760","Vannmiljø Station S1","Lake, pond, pool, reservoir","Water column, pelagic zone",63.6528316876467,11.091037290215112,"WGS84","Norway","Not relevant","Sam Welch (Vm Conversion)","2025-12-16",
"Vannmiljø_125-125761","Vannmiljø Station S2","Lake, pond, pool, reservoir","Water column, pelagic zone",63.649931529714564,11.086693165432159,"WGS84","Norway","Not relevant","Sam Welch (Vm Conversion)","2025-12-16",
"Vannmiljø_125-125762","Vannmiljø Station S3","Lake, pond, pool, reservoir","Water column, pelagic zone",63.64739711864456,11.081435020620956,"WGS84","Norway","Not relevant","Sam Welch (Vm Conversion)","2025-12-16",
"Vannmiljø_125-125763","Vannmiljø Station S4","River, stream, canal","Water column, pelagic zone",63.64082065144873,11.071599367281404,"WGS84","Norway","Not relevant","Sam Welch (Vm Conversion)","2025-12-16",
"Vannmiljø_002-125825","Vannmiljø Station Løkkenbekken","River, stream, canal","Water column, pelagic zone",60.07833443957479,11.063999738415138,"WGS84","Norway","Not relevant","Sam Welch (Vm Conversion)","2025-12-16",
