SITE_CODE,PARAMETER_NAME,SAMPLING_DATE,ENVIRON_COMPARTMENT_SUB,SUBSAMPLE,MEASURED_FLAG,MEASURED_VALUE,UNCERTAINTY_TYPE,UNCERTAINTY_UPPER,UNCERTAINTY_LOWER,MEASURED_UNIT,MEASURED_N,LOQ_VALUE,LOQ_UNIT,LOD_VALUE,LOD_UNIT,SAMPLING_PROTOCOL,EXTRACTION_PROTOCOL,FRACTIONATION_PROTOCOL,ANALYTICAL_PROTOCOL,REFERENCE_ID,SAMPLE_ID,CAMPAIGN_NAME_SHORT,ENVIRON_COMPARTMENT,PARAMETER_TYPE,MEASURED_TYPE,MEASUREMENT_COMMENT,SITE_NAME,SITE_GEOGRAPHIC_FEATURE,SITE_GEOGRAPHIC_FEATURE_SUB,COUNTRY_ISO,OCEAN_IHO,LATITUDE,LONGITUDE,ALTITUDE_VALUE,ALTITUDE_UNIT,SITE_COMMENT,YEAR,TITLE,DATA_SOURCE,SPECIES_GROUP,SAMPLE_SPECIES,SAMPLE_TISSUE,SAMPLE_SPECIES_LIFESTAGE,SAMPLE_SPECIES_GENDER,CAMPAIGN_NAME,CAMPAIGN_START_DATE,CAMPAIGN_END_DATE,RELIABILITY_SCORE,RELIABILITY_EVAL_SYS,CONFIDENTIALITY_EXPIRY_DATE,ORGANISATION,ENTERED_BY,ENTERED_DATE,CAMPAIGN_COMMENT,MEASURED_UNIT_STANDARD,MEASURED_VALUE_STANDARD,UNCERTAINTY_UPPER_STANDARD,UNCERTAINTY_LOWER_STANDARD,LOQ_UNIT_STANDARD,LOQ_VALUE_STANDARD,LOD_UNIT_STANDARD,LOD_VALUE_STANDARD
NorSeal1988_Area I,Copper,1988-07-01,"Biota, Aquatic",1,,7.1,Min-Max Range,2.9,16,mg/L,35,NA,mg/L,NA,mg/L,Other,Acid extractable,Acid digestion,Atomic absorption spectroscopy,1990SkaareLevelsOfPolychlorinated,NorSeal1988_Area I-Copper-BiotaAquatic-1988-07-01-R 1,NorSeal1988,Biota,Stressor,Concentration,,Oslofjord,"Coastal, fjord",Not relevant,Norway,NA,59.1,10.6,0,m,Area I as designated in the study map. Site where harbour seals were found dead or dying during the 1988 disease outbreak. Very rough.,1990,"Levels of Polychlorinated Biphenyls, Organochlorine Pesticides, Mercury, Cadmium, Copper, Selenium, Arsenic, and Zinc in the Harbour Seal, Phoca vitulina, in Norwegian Waters",Primary,Mammals,Phoca vitulina,Liver,Not reported,Not reported,Norwegian harbour seal disease outbreak pollutant analysis 1988,1988-01-01,1988-12-31,NA,Not relevant,NA,Norwegian National Veterinary Institute,Sam Welch,2025-10-31,Study conducted during the morbilli-virus disease outbreak that killed about 1000 harbour seals in Norwegian waters. Samples collected from 82 individuals found dead or dying for determination of organochlorine and heavy metal contents.,mg/L,7.1,2.9,16,mg/L,NA,mg/L,NA
NorSeal1988_Area II,Copper,1988-07-01,"Biota, Aquatic",1,,6.1,Min-Max Range,2.3,14,mg/L,26,NA,mg/L,NA,mg/L,Other,Acid extractable,Acid digestion,Atomic absorption spectroscopy,1990SkaareLevelsOfPolychlorinated,NorSeal1988_Area II-Copper-BiotaAquatic-1988-07-01-R 1,NorSeal1988,Biota,Stressor,Concentration,,Southern coast of Norway,"Coastal, fjord",Not relevant,Norway,NA,58.1,8.5,0,m,Area II as designated in the study map. Southern coast region where harbour seals were found dead or dying during the 1988 disease outbreak. Very rough.,1990,"Levels of Polychlorinated Biphenyls, Organochlorine Pesticides, Mercury, Cadmium, Copper, Selenium, Arsenic, and Zinc in the Harbour Seal, Phoca vitulina, in Norwegian Waters",Primary,Mammals,Phoca vitulina,Liver,Not reported,Not reported,Norwegian harbour seal disease outbreak pollutant analysis 1988,1988-01-01,1988-12-31,NA,Not relevant,NA,Norwegian National Veterinary Institute,Sam Welch,2025-10-31,Study conducted during the morbilli-virus disease outbreak that killed about 1000 harbour seals in Norwegian waters. Samples collected from 82 individuals found dead or dying for determination of organochlorine and heavy metal contents.,mg/L,6.1,2.3,14,mg/L,NA,mg/L,NA
NorSeal1988_Area III,Copper,1988-07-01,"Biota, Aquatic",1,,11,Min-Max Range,2.5,20,mg/L,18,NA,mg/L,NA,mg/L,Other,Acid extractable,Acid digestion,Atomic absorption spectroscopy,1990SkaareLevelsOfPolychlorinated,NorSeal1988_Area III-Copper-BiotaAquatic-1988-07-01-R 1,NorSeal1988,Biota,Stressor,Concentration,,Northwestern coast of Norway,"Coastal, fjord",Not relevant,Norway,NA,62.9,6.5,0,m,Area III as designated in the study map. Northwestern coast region where harbour seals were found dead or dying during the 1988 disease outbreak. Very rough.,1990,"Levels of Polychlorinated Biphenyls, Organochlorine Pesticides, Mercury, Cadmium, Copper, Selenium, Arsenic, and Zinc in the Harbour Seal, Phoca vitulina, in Norwegian Waters",Primary,Mammals,Phoca vitulina,Liver,Not reported,Not reported,Norwegian harbour seal disease outbreak pollutant analysis 1988,1988-01-01,1988-12-31,NA,Not relevant,NA,Norwegian National Veterinary Institute,Sam Welch,2025-10-31,Study conducted during the morbilli-virus disease outbreak that killed about 1000 harbour seals in Norwegian waters. Samples collected from 82 individuals found dead or dying for determination of organochlorine and heavy metal contents.,mg/L,11,2.5,20,mg/L,NA,mg/L,NA
ARKIXb1993FramGrnld_FS,Copper,1993-03-01,"Biota, Aquatic",C. glacialis,,4,95% Confidence Interval,4.5,3.5,mg/kg (dry),8,NA,mg/L,NA,mg/L,,,,,1997RitterhoffTraceMetalsIn,ARKIXb1993FramGrnld_FS-Copper-BiotaAquatic-1993-03-01-RC. glacialis,ARKIXb1993FramGrnld,Biota,Stressor,Concentration,,Fram Strait,"Ocean, sea, territorial waters","Water column, pelagic zone",Not reported,Greenland Sea,79,0,0,m,Combined from a line of 8 sampling points between long -10 and 10 in the Fram Strait.,1997,Trace metals in field samples of zooplankton from the Fram Strait and the Greenland Sea,Primary,Crustaceans,Calanus glacialis,Whole body,Adult,Not reported,Trace metals in zooplankton from Fram Strait and Greenland Sea - ARK IX/Ib cruise,1993-03-01,1993-04-30,NA,Not relevant,NA,Carl von Ossietzky Universität Oldenburg,SZ,2025-10-30,Cruise ARK IX/Ib of RV 'Polarstern' to the Fram Strait and the Greenland Sea in March and April 1993. Samples collected mainly along transects on 24 stations at 79°N and 75°N. Zooplankton collected with vertically towed bongo net from about 1500 m depth to surface and oblique rectangular midwater trawl (RMT 1 + 8) from 1000 m depth to surface. Both coordinates and and sampling dates are reported with only rough precision.,mg/kg (dry),4,4.5,3.5,mg/L,NA,mg/L,NA
ARKIXb1993FramGrnld_FS,Copper,1993-03-01,"Biota, Aquatic",C. finmarchicus,,4.5,95% Confidence Interval,4.7,4.3,mg/kg (dry),28,NA,mg/L,NA,mg/L,,,,,1997RitterhoffTraceMetalsIn,ARKIXb1993FramGrnld_FS-Copper-BiotaAquatic-1993-03-01-RC. finmarchicus,ARKIXb1993FramGrnld,Biota,Stressor,Concentration,,Fram Strait,"Ocean, sea, territorial waters","Water column, pelagic zone",Not reported,Greenland Sea,79,0,0,m,Combined from a line of 8 sampling points between long -10 and 10 in the Fram Strait.,1997,Trace metals in field samples of zooplankton from the Fram Strait and the Greenland Sea,Primary,Crustaceans,Calanus finmarchicus,Whole body,Adult,Not reported,Trace metals in zooplankton from Fram Strait and Greenland Sea - ARK IX/Ib cruise,1993-03-01,1993-04-30,NA,Not relevant,NA,Carl von Ossietzky Universität Oldenburg,SZ,2025-10-30,Cruise ARK IX/Ib of RV 'Polarstern' to the Fram Strait and the Greenland Sea in March and April 1993. Samples collected mainly along transects on 24 stations at 79°N and 75°N. Zooplankton collected with vertically towed bongo net from about 1500 m depth to surface and oblique rectangular midwater trawl (RMT 1 + 8) from 1000 m depth to surface. Both coordinates and and sampling dates are reported with only rough precision.,mg/kg (dry),4.5,4.7,4.3,mg/L,NA,mg/L,NA
ARKIXb1993FramGrnld_FS,Copper,1993-03-01,"Biota, Aquatic",C. hyperboreus,,5.6,95% Confidence Interval,6.8,4.4,mg/kg (dry),27,NA,mg/L,NA,mg/L,,,,,1997RitterhoffTraceMetalsIn,ARKIXb1993FramGrnld_FS-Copper-BiotaAquatic-1993-03-01-RC. hyperboreus,ARKIXb1993FramGrnld,Biota,Stressor,Concentration,,Fram Strait,"Ocean, sea, territorial waters","Water column, pelagic zone",Not reported,Greenland Sea,79,0,0,m,Combined from a line of 8 sampling points between long -10 and 10 in the Fram Strait.,1997,Trace metals in field samples of zooplankton from the Fram Strait and the Greenland Sea,Primary,Crustaceans,Calanus hyperboreus,Whole body,Adult,Not reported,Trace metals in zooplankton from Fram Strait and Greenland Sea - ARK IX/Ib cruise,1993-03-01,1993-04-30,NA,Not relevant,NA,Carl von Ossietzky Universität Oldenburg,SZ,2025-10-30,Cruise ARK IX/Ib of RV 'Polarstern' to the Fram Strait and the Greenland Sea in March and April 1993. Samples collected mainly along transects on 24 stations at 79°N and 75°N. Zooplankton collected with vertically towed bongo net from about 1500 m depth to surface and oblique rectangular midwater trawl (RMT 1 + 8) from 1000 m depth to surface. Both coordinates and and sampling dates are reported with only rough precision.,mg/kg (dry),5.6,6.8,4.4,mg/L,NA,mg/L,NA
ARKIXb1993FramGrnld_FS,Copper,1993-03-01,"Biota, Aquatic",M. longa,,7.5,95% Confidence Interval,10,5,mg/kg (dry),9,NA,mg/L,NA,mg/L,,,,,1997RitterhoffTraceMetalsIn,ARKIXb1993FramGrnld_FS-Copper-BiotaAquatic-1993-03-01-RM. longa,ARKIXb1993FramGrnld,Biota,Stressor,Concentration,,Fram Strait,"Ocean, sea, territorial waters","Water column, pelagic zone",Not reported,Greenland Sea,79,0,0,m,Combined from a line of 8 sampling points between long -10 and 10 in the Fram Strait.,1997,Trace metals in field samples of zooplankton from the Fram Strait and the Greenland Sea,Primary,Crustaceans,Metridia longa,Whole body,Adult,Not reported,Trace metals in zooplankton from Fram Strait and Greenland Sea - ARK IX/Ib cruise,1993-03-01,1993-04-30,NA,Not relevant,NA,Carl von Ossietzky Universität Oldenburg,SZ,2025-10-30,Cruise ARK IX/Ib of RV 'Polarstern' to the Fram Strait and the Greenland Sea in March and April 1993. Samples collected mainly along transects on 24 stations at 79°N and 75°N. Zooplankton collected with vertically towed bongo net from about 1500 m depth to surface and oblique rectangular midwater trawl (RMT 1 + 8) from 1000 m depth to surface. Both coordinates and and sampling dates are reported with only rough precision.,mg/kg (dry),7.5,10,5,mg/L,NA,mg/L,NA
ARKIXb1993FramGrnld_FS,Copper,1993-03-01,"Biota, Aquatic",H. glacialis,,12.4,95% Confidence Interval,18.1,6.7,mg/kg (dry),12,NA,mg/L,NA,mg/L,,,,,1997RitterhoffTraceMetalsIn,ARKIXb1993FramGrnld_FS-Copper-BiotaAquatic-1993-03-01-RH. glacialis,ARKIXb1993FramGrnld,Biota,Stressor,Concentration,,Fram Strait,"Ocean, sea, territorial waters","Water column, pelagic zone",Not reported,Greenland Sea,79,0,0,m,Combined from a line of 8 sampling points between long -10 and 10 in the Fram Strait.,1997,Trace metals in field samples of zooplankton from the Fram Strait and the Greenland Sea,Primary,Crustaceans,Hymenodora glacialis,Whole body,Adult,Not reported,Trace metals in zooplankton from Fram Strait and Greenland Sea - ARK IX/Ib cruise,1993-03-01,1993-04-30,NA,Not relevant,NA,Carl von Ossietzky Universität Oldenburg,SZ,2025-10-30,Cruise ARK IX/Ib of RV 'Polarstern' to the Fram Strait and the Greenland Sea in March and April 1993. Samples collected mainly along transects on 24 stations at 79°N and 75°N. Zooplankton collected with vertically towed bongo net from about 1500 m depth to surface and oblique rectangular midwater trawl (RMT 1 + 8) from 1000 m depth to surface. Both coordinates and and sampling dates are reported with only rough precision.,mg/kg (dry),12.4,18.1,6.7,mg/L,NA,mg/L,NA
ARKIXb1993FramGrnld_FS,Copper,1993-03-01,"Biota, Aquatic",T. abyssorum,,21.8,95% Confidence Interval,24.3,19.3,mg/kg (dry),26,NA,mg/L,NA,mg/L,,,,,1997RitterhoffTraceMetalsIn,ARKIXb1993FramGrnld_FS-Copper-BiotaAquatic-1993-03-01-RT. abyssorum,ARKIXb1993FramGrnld,Biota,Stressor,Concentration,,Fram Strait,"Ocean, sea, territorial waters","Water column, pelagic zone",Not reported,Greenland Sea,79,0,0,m,Combined from a line of 8 sampling points between long -10 and 10 in the Fram Strait.,1997,Trace metals in field samples of zooplankton from the Fram Strait and the Greenland Sea,Primary,Crustaceans,Themisto abyssorum,Whole body,Adult,Not reported,Trace metals in zooplankton from Fram Strait and Greenland Sea - ARK IX/Ib cruise,1993-03-01,1993-04-30,NA,Not relevant,NA,Carl von Ossietzky Universität Oldenburg,SZ,2025-10-30,Cruise ARK IX/Ib of RV 'Polarstern' to the Fram Strait and the Greenland Sea in March and April 1993. Samples collected mainly along transects on 24 stations at 79°N and 75°N. Zooplankton collected with vertically towed bongo net from about 1500 m depth to surface and oblique rectangular midwater trawl (RMT 1 + 8) from 1000 m depth to surface. Both coordinates and and sampling dates are reported with only rough precision.,mg/kg (dry),21.8,24.3,19.3,mg/L,NA,mg/L,NA
ARKIXb1993FramGrnld_FS,Copper,1993-03-01,"Biota, Aquatic",T. libellula,,23,95% Confidence Interval,28.3,17.7,mg/kg (dry),14,NA,mg/L,NA,mg/L,,,,,1997RitterhoffTraceMetalsIn,ARKIXb1993FramGrnld_FS-Copper-BiotaAquatic-1993-03-01-RT. libellula,ARKIXb1993FramGrnld,Biota,Stressor,Concentration,,Fram Strait,"Ocean, sea, territorial waters","Water column, pelagic zone",Not reported,Greenland Sea,79,0,0,m,Combined from a line of 8 sampling points between long -10 and 10 in the Fram Strait.,1997,Trace metals in field samples of zooplankton from the Fram Strait and the Greenland Sea,Primary,Crustaceans,Themisto libellula,Whole body,Adult,Not reported,Trace metals in zooplankton from Fram Strait and Greenland Sea - ARK IX/Ib cruise,1993-03-01,1993-04-30,NA,Not relevant,NA,Carl von Ossietzky Universität Oldenburg,SZ,2025-10-30,Cruise ARK IX/Ib of RV 'Polarstern' to the Fram Strait and the Greenland Sea in March and April 1993. Samples collected mainly along transects on 24 stations at 79°N and 75°N. Zooplankton collected with vertically towed bongo net from about 1500 m depth to surface and oblique rectangular midwater trawl (RMT 1 + 8) from 1000 m depth to surface. Both coordinates and and sampling dates are reported with only rough precision.,mg/kg (dry),23,28.3,17.7,mg/L,NA,mg/L,NA
ARKIXb1993FramGrnld_FS,Copper,1993-03-01,"Biota, Aquatic",C. borealis,,43,95% Confidence Interval,50.1,35.9,mg/kg (dry),7,NA,mg/L,NA,mg/L,,,,,1997RitterhoffTraceMetalsIn,ARKIXb1993FramGrnld_FS-Copper-BiotaAquatic-1993-03-01-RC. borealis,ARKIXb1993FramGrnld,Biota,Stressor,Concentration,,Fram Strait,"Ocean, sea, territorial waters","Water column, pelagic zone",Not reported,Greenland Sea,79,0,0,m,Combined from a line of 8 sampling points between long -10 and 10 in the Fram Strait.,1997,Trace metals in field samples of zooplankton from the Fram Strait and the Greenland Sea,Primary,Crustaceans,Conchoecia borealis,Whole body,Adult,Not reported,Trace metals in zooplankton from Fram Strait and Greenland Sea - ARK IX/Ib cruise,1993-03-01,1993-04-30,NA,Not relevant,NA,Carl von Ossietzky Universität Oldenburg,SZ,2025-10-30,Cruise ARK IX/Ib of RV 'Polarstern' to the Fram Strait and the Greenland Sea in March and April 1993. Samples collected mainly along transects on 24 stations at 79°N and 75°N. Zooplankton collected with vertically towed bongo net from about 1500 m depth to surface and oblique rectangular midwater trawl (RMT 1 + 8) from 1000 m depth to surface. Both coordinates and and sampling dates are reported with only rough precision.,mg/kg (dry),43,50.1,35.9,mg/L,NA,mg/L,NA
ARKIXb1993FramGrnld_GS,Copper,1993-03-01,"Biota, Aquatic",E. hamata,,3.2,95% Confidence Interval,3.5,2.9,mg/kg (dry),26,NA,mg/L,NA,mg/L,,,,,1997RitterhoffTraceMetalsIn,ARKIXb1993FramGrnld_GS-Copper-BiotaAquatic-1993-03-01-RE. hamata,ARKIXb1993FramGrnld,Biota,Stressor,Concentration,,Greenland Sea,"Ocean, sea, territorial waters","Water column, pelagic zone",Not reported,Greenland Sea,75,0,0,m,"Combined from a rough cross shape of 16 sampling points between long -15 and 9, and lat 71 and 77, in the Greenland sea.",1997,Trace metals in field samples of zooplankton from the Fram Strait and the Greenland Sea,Primary,Crustaceans,Eukrohnia hamata,Whole body,Adult,Not reported,Trace metals in zooplankton from Fram Strait and Greenland Sea - ARK IX/Ib cruise,1993-03-01,1993-04-30,NA,Not relevant,NA,Carl von Ossietzky Universität Oldenburg,SZ,2025-10-30,Cruise ARK IX/Ib of RV 'Polarstern' to the Fram Strait and the Greenland Sea in March and April 1993. Samples collected mainly along transects on 24 stations at 79°N and 75°N. Zooplankton collected with vertically towed bongo net from about 1500 m depth to surface and oblique rectangular midwater trawl (RMT 1 + 8) from 1000 m depth to surface. Both coordinates and and sampling dates are reported with only rough precision.,mg/kg (dry),3.2,3.5,2.9,mg/L,NA,mg/L,NA
ARKIXb1993FramGrnld_GS,Copper,1993-03-01,"Biota, Aquatic",C. finmarchicus,,3.8,95% Confidence Interval,4.1,2.5,mg/kg (dry),35,NA,mg/L,NA,mg/L,,,,,1997RitterhoffTraceMetalsIn,ARKIXb1993FramGrnld_GS-Copper-BiotaAquatic-1993-03-01-RC. finmarchicus,ARKIXb1993FramGrnld,Biota,Stressor,Concentration,,Greenland Sea,"Ocean, sea, territorial waters","Water column, pelagic zone",Not reported,Greenland Sea,75,0,0,m,"Combined from a rough cross shape of 16 sampling points between long -15 and 9, and lat 71 and 77, in the Greenland sea.",1997,Trace metals in field samples of zooplankton from the Fram Strait and the Greenland Sea,Primary,Crustaceans,Calanus finmarchicus,Whole body,Adult,Not reported,Trace metals in zooplankton from Fram Strait and Greenland Sea - ARK IX/Ib cruise,1993-03-01,1993-04-30,NA,Not relevant,NA,Carl von Ossietzky Universität Oldenburg,SZ,2025-10-30,Cruise ARK IX/Ib of RV 'Polarstern' to the Fram Strait and the Greenland Sea in March and April 1993. Samples collected mainly along transects on 24 stations at 79°N and 75°N. Zooplankton collected with vertically towed bongo net from about 1500 m depth to surface and oblique rectangular midwater trawl (RMT 1 + 8) from 1000 m depth to surface. Both coordinates and and sampling dates are reported with only rough precision.,mg/kg (dry),3.8,4.1,2.5,mg/L,NA,mg/L,NA
ARKIXb1993FramGrnld_GS,Copper,1993-03-01,"Biota, Aquatic",C. hyperboreus,,4.4,95% Confidence Interval,4.6,4.2,mg/kg (dry),84,NA,mg/L,NA,mg/L,,,,,1997RitterhoffTraceMetalsIn,ARKIXb1993FramGrnld_GS-Copper-BiotaAquatic-1993-03-01-RC. hyperboreus,ARKIXb1993FramGrnld,Biota,Stressor,Concentration,,Greenland Sea,"Ocean, sea, territorial waters","Water column, pelagic zone",Not reported,Greenland Sea,75,0,0,m,"Combined from a rough cross shape of 16 sampling points between long -15 and 9, and lat 71 and 77, in the Greenland sea.",1997,Trace metals in field samples of zooplankton from the Fram Strait and the Greenland Sea,Primary,Crustaceans,Calanus hyperboreus,Whole body,Adult,Not reported,Trace metals in zooplankton from Fram Strait and Greenland Sea - ARK IX/Ib cruise,1993-03-01,1993-04-30,NA,Not relevant,NA,Carl von Ossietzky Universität Oldenburg,SZ,2025-10-30,Cruise ARK IX/Ib of RV 'Polarstern' to the Fram Strait and the Greenland Sea in March and April 1993. Samples collected mainly along transects on 24 stations at 79°N and 75°N. Zooplankton collected with vertically towed bongo net from about 1500 m depth to surface and oblique rectangular midwater trawl (RMT 1 + 8) from 1000 m depth to surface. Both coordinates and and sampling dates are reported with only rough precision.,mg/kg (dry),4.4,4.6,4.2,mg/L,NA,mg/L,NA
ARKIXb1993FramGrnld_GS,Copper,1993-03-01,"Biota, Aquatic",E. barbata,,4.5,95% Confidence Interval,5.4,3.6,mg/kg (dry),11,NA,mg/L,NA,mg/L,,,,,1997RitterhoffTraceMetalsIn,ARKIXb1993FramGrnld_GS-Copper-BiotaAquatic-1993-03-01-RE. barbata,ARKIXb1993FramGrnld,Biota,Stressor,Concentration,,Greenland Sea,"Ocean, sea, territorial waters","Water column, pelagic zone",Not reported,Greenland Sea,75,0,0,m,"Combined from a rough cross shape of 16 sampling points between long -15 and 9, and lat 71 and 77, in the Greenland sea.",1997,Trace metals in field samples of zooplankton from the Fram Strait and the Greenland Sea,Primary,Crustaceans,Euchaeta barbata,Whole body,Adult,Not reported,Trace metals in zooplankton from Fram Strait and Greenland Sea - ARK IX/Ib cruise,1993-03-01,1993-04-30,NA,Not relevant,NA,Carl von Ossietzky Universität Oldenburg,SZ,2025-10-30,Cruise ARK IX/Ib of RV 'Polarstern' to the Fram Strait and the Greenland Sea in March and April 1993. Samples collected mainly along transects on 24 stations at 79°N and 75°N. Zooplankton collected with vertically towed bongo net from about 1500 m depth to surface and oblique rectangular midwater trawl (RMT 1 + 8) from 1000 m depth to surface. Both coordinates and and sampling dates are reported with only rough precision.,mg/kg (dry),4.5,5.4,3.6,mg/L,NA,mg/L,NA
ARKIXb1993FramGrnld_GS,Copper,1993-03-01,"Biota, Aquatic",E. norvegica,,4.5,95% Confidence Interval,5.1,3.9,mg/kg (dry),19,NA,mg/L,NA,mg/L,,,,,1997RitterhoffTraceMetalsIn,ARKIXb1993FramGrnld_GS-Copper-BiotaAquatic-1993-03-01-RE. norvegica,ARKIXb1993FramGrnld,Biota,Stressor,Concentration,,Greenland Sea,"Ocean, sea, territorial waters","Water column, pelagic zone",Not reported,Greenland Sea,75,0,0,m,"Combined from a rough cross shape of 16 sampling points between long -15 and 9, and lat 71 and 77, in the Greenland sea.",1997,Trace metals in field samples of zooplankton from the Fram Strait and the Greenland Sea,Primary,Crustaceans,Euchaeta norvegica,Whole body,Adult,Not reported,Trace metals in zooplankton from Fram Strait and Greenland Sea - ARK IX/Ib cruise,1993-03-01,1993-04-30,NA,Not relevant,NA,Carl von Ossietzky Universität Oldenburg,SZ,2025-10-30,Cruise ARK IX/Ib of RV 'Polarstern' to the Fram Strait and the Greenland Sea in March and April 1993. Samples collected mainly along transects on 24 stations at 79°N and 75°N. Zooplankton collected with vertically towed bongo net from about 1500 m depth to surface and oblique rectangular midwater trawl (RMT 1 + 8) from 1000 m depth to surface. Both coordinates and and sampling dates are reported with only rough precision.,mg/kg (dry),4.5,5.1,3.9,mg/L,NA,mg/L,NA
ARKIXb1993FramGrnld_GS,Copper,1993-03-01,"Biota, Aquatic",E. glacialis,,4.7,95% Confidence Interval,5.2,4.2,mg/kg (dry),23,NA,mg/L,NA,mg/L,,,,,1997RitterhoffTraceMetalsIn,ARKIXb1993FramGrnld_GS-Copper-BiotaAquatic-1993-03-01-RE. glacialis,ARKIXb1993FramGrnld,Biota,Stressor,Concentration,,Greenland Sea,"Ocean, sea, territorial waters","Water column, pelagic zone",Not reported,Greenland Sea,75,0,0,m,"Combined from a rough cross shape of 16 sampling points between long -15 and 9, and lat 71 and 77, in the Greenland sea.",1997,Trace metals in field samples of zooplankton from the Fram Strait and the Greenland Sea,Primary,Crustaceans,Euchaeta glacialis,Whole body,Adult,Not reported,Trace metals in zooplankton from Fram Strait and Greenland Sea - ARK IX/Ib cruise,1993-03-01,1993-04-30,NA,Not relevant,NA,Carl von Ossietzky Universität Oldenburg,SZ,2025-10-30,Cruise ARK IX/Ib of RV 'Polarstern' to the Fram Strait and the Greenland Sea in March and April 1993. Samples collected mainly along transects on 24 stations at 79°N and 75°N. Zooplankton collected with vertically towed bongo net from about 1500 m depth to surface and oblique rectangular midwater trawl (RMT 1 + 8) from 1000 m depth to surface. Both coordinates and and sampling dates are reported with only rough precision.,mg/kg (dry),4.7,5.2,4.2,mg/L,NA,mg/L,NA
ARKIXb1993FramGrnld_GS,Copper,1993-03-01,"Biota, Aquatic",M. longa,,5.9,95% Confidence Interval,6.3,5.5,mg/kg (dry),23,NA,mg/L,NA,mg/L,,,,,1997RitterhoffTraceMetalsIn,ARKIXb1993FramGrnld_GS-Copper-BiotaAquatic-1993-03-01-RM. longa,ARKIXb1993FramGrnld,Biota,Stressor,Concentration,,Greenland Sea,"Ocean, sea, territorial waters","Water column, pelagic zone",Not reported,Greenland Sea,75,0,0,m,"Combined from a rough cross shape of 16 sampling points between long -15 and 9, and lat 71 and 77, in the Greenland sea.",1997,Trace metals in field samples of zooplankton from the Fram Strait and the Greenland Sea,Primary,Crustaceans,Metridia longa,Whole body,Adult,Not reported,Trace metals in zooplankton from Fram Strait and Greenland Sea - ARK IX/Ib cruise,1993-03-01,1993-04-30,NA,Not relevant,NA,Carl von Ossietzky Universität Oldenburg,SZ,2025-10-30,Cruise ARK IX/Ib of RV 'Polarstern' to the Fram Strait and the Greenland Sea in March and April 1993. Samples collected mainly along transects on 24 stations at 79°N and 75°N. Zooplankton collected with vertically towed bongo net from about 1500 m depth to surface and oblique rectangular midwater trawl (RMT 1 + 8) from 1000 m depth to surface. Both coordinates and and sampling dates are reported with only rough precision.,mg/kg (dry),5.9,6.3,5.5,mg/L,NA,mg/L,NA
ARKIXb1993FramGrnld_GS,Copper,1993-03-01,"Biota, Aquatic",H. glacialis,,15.6,95% Confidence Interval,18.6,12.6,mg/kg (dry),29,NA,mg/L,NA,mg/L,,,,,1997RitterhoffTraceMetalsIn,ARKIXb1993FramGrnld_GS-Copper-BiotaAquatic-1993-03-01-RH. glacialis,ARKIXb1993FramGrnld,Biota,Stressor,Concentration,,Greenland Sea,"Ocean, sea, territorial waters","Water column, pelagic zone",Not reported,Greenland Sea,75,0,0,m,"Combined from a rough cross shape of 16 sampling points between long -15 and 9, and lat 71 and 77, in the Greenland sea.",1997,Trace metals in field samples of zooplankton from the Fram Strait and the Greenland Sea,Primary,Crustaceans,Hymenodora glacialis,Whole body,Adult,Not reported,Trace metals in zooplankton from Fram Strait and Greenland Sea - ARK IX/Ib cruise,1993-03-01,1993-04-30,NA,Not relevant,NA,Carl von Ossietzky Universität Oldenburg,SZ,2025-10-30,Cruise ARK IX/Ib of RV 'Polarstern' to the Fram Strait and the Greenland Sea in March and April 1993. Samples collected mainly along transects on 24 stations at 79°N and 75°N. Zooplankton collected with vertically towed bongo net from about 1500 m depth to surface and oblique rectangular midwater trawl (RMT 1 + 8) from 1000 m depth to surface. Both coordinates and and sampling dates are reported with only rough precision.,mg/kg (dry),15.6,18.6,12.6,mg/L,NA,mg/L,NA
ARKIXb1993FramGrnld_GS,Copper,1993-03-01,"Biota, Aquatic",T. abyssorum,,23.5,95% Confidence Interval,24.8,22.2,mg/kg (dry),45,NA,mg/L,NA,mg/L,,,,,1997RitterhoffTraceMetalsIn,ARKIXb1993FramGrnld_GS-Copper-BiotaAquatic-1993-03-01-RT. abyssorum,ARKIXb1993FramGrnld,Biota,Stressor,Concentration,,Greenland Sea,"Ocean, sea, territorial waters","Water column, pelagic zone",Not reported,Greenland Sea,75,0,0,m,"Combined from a rough cross shape of 16 sampling points between long -15 and 9, and lat 71 and 77, in the Greenland sea.",1997,Trace metals in field samples of zooplankton from the Fram Strait and the Greenland Sea,Primary,Crustaceans,Themisto abyssorum,Whole body,Adult,Not reported,Trace metals in zooplankton from Fram Strait and Greenland Sea - ARK IX/Ib cruise,1993-03-01,1993-04-30,NA,Not relevant,NA,Carl von Ossietzky Universität Oldenburg,SZ,2025-10-30,Cruise ARK IX/Ib of RV 'Polarstern' to the Fram Strait and the Greenland Sea in March and April 1993. Samples collected mainly along transects on 24 stations at 79°N and 75°N. Zooplankton collected with vertically towed bongo net from about 1500 m depth to surface and oblique rectangular midwater trawl (RMT 1 + 8) from 1000 m depth to surface. Both coordinates and and sampling dates are reported with only rough precision.,mg/kg (dry),23.5,24.8,22.2,mg/L,NA,mg/L,NA
ARKIXb1993FramGrnld_GS,Copper,1993-03-01,"Biota, Aquatic",T. libellula,,26.2,95% Confidence Interval,30.8,21.6,mg/kg (dry),49,NA,mg/L,NA,mg/L,,,,,1997RitterhoffTraceMetalsIn,ARKIXb1993FramGrnld_GS-Copper-BiotaAquatic-1993-03-01-RT. libellula,ARKIXb1993FramGrnld,Biota,Stressor,Concentration,,Greenland Sea,"Ocean, sea, territorial waters","Water column, pelagic zone",Not reported,Greenland Sea,75,0,0,m,"Combined from a rough cross shape of 16 sampling points between long -15 and 9, and lat 71 and 77, in the Greenland sea.",1997,Trace metals in field samples of zooplankton from the Fram Strait and the Greenland Sea,Primary,Crustaceans,Themisto libellula,Whole body,Adult,Not reported,Trace metals in zooplankton from Fram Strait and Greenland Sea - ARK IX/Ib cruise,1993-03-01,1993-04-30,NA,Not relevant,NA,Carl von Ossietzky Universität Oldenburg,SZ,2025-10-30,Cruise ARK IX/Ib of RV 'Polarstern' to the Fram Strait and the Greenland Sea in March and April 1993. Samples collected mainly along transects on 24 stations at 79°N and 75°N. Zooplankton collected with vertically towed bongo net from about 1500 m depth to surface and oblique rectangular midwater trawl (RMT 1 + 8) from 1000 m depth to surface. Both coordinates and and sampling dates are reported with only rough precision.,mg/kg (dry),26.2,30.8,21.6,mg/L,NA,mg/L,NA
ARKIXb1993FramGrnld_GS,Copper,1993-03-01,"Biota, Aquatic",M. norvegica,,35.2,95% Confidence Interval,40.5,29.9,mg/kg (dry),19,NA,mg/L,NA,mg/L,,,,,1997RitterhoffTraceMetalsIn,ARKIXb1993FramGrnld_GS-Copper-BiotaAquatic-1993-03-01-RM. norvegica,ARKIXb1993FramGrnld,Biota,Stressor,Concentration,,Greenland Sea,"Ocean, sea, territorial waters","Water column, pelagic zone",Not reported,Greenland Sea,75,0,0,m,"Combined from a rough cross shape of 16 sampling points between long -15 and 9, and lat 71 and 77, in the Greenland sea.",1997,Trace metals in field samples of zooplankton from the Fram Strait and the Greenland Sea,Primary,Crustaceans,Meganyctiphanes norvegica,Whole body,Adult,Not reported,Trace metals in zooplankton from Fram Strait and Greenland Sea - ARK IX/Ib cruise,1993-03-01,1993-04-30,NA,Not relevant,NA,Carl von Ossietzky Universität Oldenburg,SZ,2025-10-30,Cruise ARK IX/Ib of RV 'Polarstern' to the Fram Strait and the Greenland Sea in March and April 1993. Samples collected mainly along transects on 24 stations at 79°N and 75°N. Zooplankton collected with vertically towed bongo net from about 1500 m depth to surface and oblique rectangular midwater trawl (RMT 1 + 8) from 1000 m depth to surface. Both coordinates and and sampling dates are reported with only rough precision.,mg/kg (dry),35.2,40.5,29.9,mg/L,NA,mg/L,NA
ARKIXb1993FramGrnld_GS,Copper,1993-03-01,"Biota, Aquatic",T. inermis,,38.5,95% Confidence Interval,44.8,32.2,mg/kg (dry),12,NA,mg/L,NA,mg/L,,,,,1997RitterhoffTraceMetalsIn,ARKIXb1993FramGrnld_GS-Copper-BiotaAquatic-1993-03-01-RT. inermis,ARKIXb1993FramGrnld,Biota,Stressor,Concentration,,Greenland Sea,"Ocean, sea, territorial waters","Water column, pelagic zone",Not reported,Greenland Sea,75,0,0,m,"Combined from a rough cross shape of 16 sampling points between long -15 and 9, and lat 71 and 77, in the Greenland sea.",1997,Trace metals in field samples of zooplankton from the Fram Strait and the Greenland Sea,Primary,Crustaceans,Thysanoessa inermis,Whole body,Adult,Not reported,Trace metals in zooplankton from Fram Strait and Greenland Sea - ARK IX/Ib cruise,1993-03-01,1993-04-30,NA,Not relevant,NA,Carl von Ossietzky Universität Oldenburg,SZ,2025-10-30,Cruise ARK IX/Ib of RV 'Polarstern' to the Fram Strait and the Greenland Sea in March and April 1993. Samples collected mainly along transects on 24 stations at 79°N and 75°N. Zooplankton collected with vertically towed bongo net from about 1500 m depth to surface and oblique rectangular midwater trawl (RMT 1 + 8) from 1000 m depth to surface. Both coordinates and and sampling dates are reported with only rough precision.,mg/kg (dry),38.5,44.8,32.2,mg/L,NA,mg/L,NA
ARKIXb1993FramGrnld_GS,Copper,1993-03-01,"Biota, Aquatic",C. borealis,,50.7,95% Confidence Interval,56.2,45.2,mg/kg (dry),34,NA,mg/L,NA,mg/L,,,,,1997RitterhoffTraceMetalsIn,ARKIXb1993FramGrnld_GS-Copper-BiotaAquatic-1993-03-01-RC. borealis,ARKIXb1993FramGrnld,Biota,Stressor,Concentration,,Greenland Sea,"Ocean, sea, territorial waters","Water column, pelagic zone",Not reported,Greenland Sea,75,0,0,m,"Combined from a rough cross shape of 16 sampling points between long -15 and 9, and lat 71 and 77, in the Greenland sea.",1997,Trace metals in field samples of zooplankton from the Fram Strait and the Greenland Sea,Primary,Crustaceans,Conchoecia borealis,Whole body,Adult,Not reported,Trace metals in zooplankton from Fram Strait and Greenland Sea - ARK IX/Ib cruise,1993-03-01,1993-04-30,NA,Not relevant,NA,Carl von Ossietzky Universität Oldenburg,SZ,2025-10-30,Cruise ARK IX/Ib of RV 'Polarstern' to the Fram Strait and the Greenland Sea in March and April 1993. Samples collected mainly along transects on 24 stations at 79°N and 75°N. Zooplankton collected with vertically towed bongo net from about 1500 m depth to surface and oblique rectangular midwater trawl (RMT 1 + 8) from 1000 m depth to surface. Both coordinates and and sampling dates are reported with only rough precision.,mg/kg (dry),50.7,56.2,45.2,mg/L,NA,mg/L,NA
GreenlandSeals1985_GS1985,Copper,1985-01-01,"Biota, Aquatic",hooded liver male,,15,Standard Deviation,22,-7,μg/g (wet),5,NA,,NA,,Biopsy,Acid digestion,Acid extractable,Atomic absorption spectroscopy,2000JulshamnTraceElementLevels,GreenlandSeals1985_GS1985-Copper-BiotaAquatic-1985-01-01-Rhooded liver,GreenlandSeals1985,Biota,Stressor,Concentration,,Greenland Sea,"Ocean, sea, territorial waters",Water surface,Not reported,Greenland Sea,77,-3,0,m,"Research scientists from the Marine Research Institute, Bergen captured seals in the Greenland Sea in the winter season of 1985. Exact coordinates not provided in document.",2000,Trace element levels in harp seal (Pagophilus groenlandicus) and hooded seal (Cystophora cristata) from the Greenland Sea. A multivariate approach,Primary,Mammals,Cystophora cristata,Liver,Adult,Male,Trace element levels in harp seal and hooded seal from Greenland Sea study,1985-01-01,1985-12-31,NA,Not relevant,NA,"Institute of Nutrition, Directorate of Fisheries",Sam Welch,2025-10-31,"Muscle, liver and kidney were sampled from 29 harp seals (6 juveniles, 8 males and 15 females) and 22 hooded seals (2 juveniles, 5 males and 15 females) captured in the Greenland Sea by research scientists from the Marine Research Institute, Bergen in the winter season of 1985.",mg/kg (wet),0.015,0.022,-0.007,NA,NA,NA,NA
GreenlandSeals1985_GS1985,Copper,1985-01-01,"Biota, Aquatic",harp kidney female,,6,Standard Deviation,8,-2,μg/g (wet),15,NA,,NA,,Biopsy,Acid digestion,Acid extractable,Atomic absorption spectroscopy,2000JulshamnTraceElementLevels,GreenlandSeals1985_GS1985-Copper-BiotaAquatic-1985-01-01-Rharp kidney,GreenlandSeals1985,Biota,Stressor,Concentration,,Greenland Sea,"Ocean, sea, territorial waters",Water surface,Not reported,Greenland Sea,77,-3,0,m,"Research scientists from the Marine Research Institute, Bergen captured seals in the Greenland Sea in the winter season of 1985. Exact coordinates not provided in document.",2000,Trace element levels in harp seal (Pagophilus groenlandicus) and hooded seal (Cystophora cristata) from the Greenland Sea. A multivariate approach,Primary,Mammals,Pagophilus groenlandicus,Kidney,Adult,Female,Trace element levels in harp seal and hooded seal from Greenland Sea study,1985-01-01,1985-12-31,NA,Not relevant,NA,"Institute of Nutrition, Directorate of Fisheries",Sam Welch,2025-10-31,"Muscle, liver and kidney were sampled from 29 harp seals (6 juveniles, 8 males and 15 females) and 22 hooded seals (2 juveniles, 5 males and 15 females) captured in the Greenland Sea by research scientists from the Marine Research Institute, Bergen in the winter season of 1985.",mg/kg (wet),0.006,0.008,-0.002,NA,NA,NA,NA
GreenlandSeals1985_GS1985,Copper,1985-01-01,"Biota, Aquatic",harp muscle female,,1.6,Standard Deviation,1.9,-0.3,μg/g (wet),15,NA,,NA,,Biopsy,Acid digestion,Acid extractable,Atomic absorption spectroscopy,2000JulshamnTraceElementLevels,GreenlandSeals1985_GS1985-Copper-BiotaAquatic-1985-01-01-Rharp muscle,GreenlandSeals1985,Biota,Stressor,Concentration,,Greenland Sea,"Ocean, sea, territorial waters",Water surface,Not reported,Greenland Sea,77,-3,0,m,"Research scientists from the Marine Research Institute, Bergen captured seals in the Greenland Sea in the winter season of 1985. Exact coordinates not provided in document.",2000,Trace element levels in harp seal (Pagophilus groenlandicus) and hooded seal (Cystophora cristata) from the Greenland Sea. A multivariate approach,Primary,Mammals,Pagophilus groenlandicus,Muscle,Adult,Female,Trace element levels in harp seal and hooded seal from Greenland Sea study,1985-01-01,1985-12-31,NA,Not relevant,NA,"Institute of Nutrition, Directorate of Fisheries",Sam Welch,2025-10-31,"Muscle, liver and kidney were sampled from 29 harp seals (6 juveniles, 8 males and 15 females) and 22 hooded seals (2 juveniles, 5 males and 15 females) captured in the Greenland Sea by research scientists from the Marine Research Institute, Bergen in the winter season of 1985.",mg/kg (wet),0.0016,0.0019,-3e-4,NA,NA,NA,NA
GreenlandSeals1985_GS1985,Copper,1985-01-01,"Biota, Aquatic",hooded liver juvenile,,18,,NA,NA,μg/g (wet),2,NA,,NA,,Biopsy,Acid digestion,Acid extractable,Atomic absorption spectroscopy,2000JulshamnTraceElementLevels,GreenlandSeals1985_GS1985-Copper-BiotaAquatic-1985-01-01-Rhooded liver,GreenlandSeals1985,Biota,Stressor,Concentration,,Greenland Sea,"Ocean, sea, territorial waters",Water surface,Not reported,Greenland Sea,77,-3,0,m,"Research scientists from the Marine Research Institute, Bergen captured seals in the Greenland Sea in the winter season of 1985. Exact coordinates not provided in document.",2000,Trace element levels in harp seal (Pagophilus groenlandicus) and hooded seal (Cystophora cristata) from the Greenland Sea. A multivariate approach,Primary,Mammals,Cystophora cristata,Liver,Juvenile,Not reported,Trace element levels in harp seal and hooded seal from Greenland Sea study,1985-01-01,1985-12-31,NA,Not relevant,NA,"Institute of Nutrition, Directorate of Fisheries",Sam Welch,2025-10-31,"Muscle, liver and kidney were sampled from 29 harp seals (6 juveniles, 8 males and 15 females) and 22 hooded seals (2 juveniles, 5 males and 15 females) captured in the Greenland Sea by research scientists from the Marine Research Institute, Bergen in the winter season of 1985.",mg/kg (wet),0.018,NA,NA,NA,NA,NA,NA
GreenlandSeals1985_GS1985,Copper,1985-01-01,"Biota, Aquatic",harp kidney juvenile,,4.3,Standard Deviation,4.7,-0.4,μg/g (wet),6,NA,,NA,,Biopsy,Acid digestion,Acid extractable,Atomic absorption spectroscopy,2000JulshamnTraceElementLevels,GreenlandSeals1985_GS1985-Copper-BiotaAquatic-1985-01-01-Rharp kidney,GreenlandSeals1985,Biota,Stressor,Concentration,,Greenland Sea,"Ocean, sea, territorial waters",Water surface,Not reported,Greenland Sea,77,-3,0,m,"Research scientists from the Marine Research Institute, Bergen captured seals in the Greenland Sea in the winter season of 1985. Exact coordinates not provided in document.",2000,Trace element levels in harp seal (Pagophilus groenlandicus) and hooded seal (Cystophora cristata) from the Greenland Sea. A multivariate approach,Primary,Mammals,Pagophilus groenlandicus,Kidney,Juvenile,Not reported,Trace element levels in harp seal and hooded seal from Greenland Sea study,1985-01-01,1985-12-31,NA,Not relevant,NA,"Institute of Nutrition, Directorate of Fisheries",Sam Welch,2025-10-31,"Muscle, liver and kidney were sampled from 29 harp seals (6 juveniles, 8 males and 15 females) and 22 hooded seals (2 juveniles, 5 males and 15 females) captured in the Greenland Sea by research scientists from the Marine Research Institute, Bergen in the winter season of 1985.",mg/kg (wet),0.0043,0.0047,-4e-4,NA,NA,NA,NA
GreenlandSeals1985_GS1985,Copper,1985-01-01,"Biota, Aquatic",harp muscle juvenile,,2.7,Standard Deviation,3.3,-0.6,μg/g (wet),6,NA,,NA,,Biopsy,Acid digestion,Acid extractable,Atomic absorption spectroscopy,2000JulshamnTraceElementLevels,GreenlandSeals1985_GS1985-Copper-BiotaAquatic-1985-01-01-Rharp muscle,GreenlandSeals1985,Biota,Stressor,Concentration,,Greenland Sea,"Ocean, sea, territorial waters",Water surface,Not reported,Greenland Sea,77,-3,0,m,"Research scientists from the Marine Research Institute, Bergen captured seals in the Greenland Sea in the winter season of 1985. Exact coordinates not provided in document.",2000,Trace element levels in harp seal (Pagophilus groenlandicus) and hooded seal (Cystophora cristata) from the Greenland Sea. A multivariate approach,Primary,Mammals,Pagophilus groenlandicus,Muscle,Juvenile,Not reported,Trace element levels in harp seal and hooded seal from Greenland Sea study,1985-01-01,1985-12-31,NA,Not relevant,NA,"Institute of Nutrition, Directorate of Fisheries",Sam Welch,2025-10-31,"Muscle, liver and kidney were sampled from 29 harp seals (6 juveniles, 8 males and 15 females) and 22 hooded seals (2 juveniles, 5 males and 15 females) captured in the Greenland Sea by research scientists from the Marine Research Institute, Bergen in the winter season of 1985.",mg/kg (wet),0.0027,0.0033,-6e-4,NA,NA,NA,NA
GreenlandSeals1985_GS1985,Copper,1985-01-01,"Biota, Aquatic",hooded liver female,,8,Standard Deviation,12,-4,μg/g (wet),15,NA,,NA,,Biopsy,Acid digestion,Acid extractable,Atomic absorption spectroscopy,2000JulshamnTraceElementLevels,GreenlandSeals1985_GS1985-Copper-BiotaAquatic-1985-01-01-Rhooded liver,GreenlandSeals1985,Biota,Stressor,Concentration,,Greenland Sea,"Ocean, sea, territorial waters",Water surface,Not reported,Greenland Sea,77,-3,0,m,"Research scientists from the Marine Research Institute, Bergen captured seals in the Greenland Sea in the winter season of 1985. Exact coordinates not provided in document.",2000,Trace element levels in harp seal (Pagophilus groenlandicus) and hooded seal (Cystophora cristata) from the Greenland Sea. A multivariate approach,Primary,Mammals,Cystophora cristata,Liver,Adult,Female,Trace element levels in harp seal and hooded seal from Greenland Sea study,1985-01-01,1985-12-31,NA,Not relevant,NA,"Institute of Nutrition, Directorate of Fisheries",Sam Welch,2025-10-31,"Muscle, liver and kidney were sampled from 29 harp seals (6 juveniles, 8 males and 15 females) and 22 hooded seals (2 juveniles, 5 males and 15 females) captured in the Greenland Sea by research scientists from the Marine Research Institute, Bergen in the winter season of 1985.",mg/kg (wet),0.008,0.012,-0.004,NA,NA,NA,NA
GreenlandSeals1985_GS1985,Copper,1985-01-01,"Biota, Aquatic",harp kidney male,,5,Standard Deviation,7,-2,μg/g (wet),8,NA,,NA,,Biopsy,Acid digestion,Acid extractable,Atomic absorption spectroscopy,2000JulshamnTraceElementLevels,GreenlandSeals1985_GS1985-Copper-BiotaAquatic-1985-01-01-Rharp kidney,GreenlandSeals1985,Biota,Stressor,Concentration,,Greenland Sea,"Ocean, sea, territorial waters",Water surface,Not reported,Greenland Sea,77,-3,0,m,"Research scientists from the Marine Research Institute, Bergen captured seals in the Greenland Sea in the winter season of 1985. Exact coordinates not provided in document.",2000,Trace element levels in harp seal (Pagophilus groenlandicus) and hooded seal (Cystophora cristata) from the Greenland Sea. A multivariate approach,Primary,Mammals,Pagophilus groenlandicus,Kidney,Adult,Male,Trace element levels in harp seal and hooded seal from Greenland Sea study,1985-01-01,1985-12-31,NA,Not relevant,NA,"Institute of Nutrition, Directorate of Fisheries",Sam Welch,2025-10-31,"Muscle, liver and kidney were sampled from 29 harp seals (6 juveniles, 8 males and 15 females) and 22 hooded seals (2 juveniles, 5 males and 15 females) captured in the Greenland Sea by research scientists from the Marine Research Institute, Bergen in the winter season of 1985.",mg/kg (wet),0.005,0.007,-0.002,NA,NA,NA,NA
GreenlandSeals1985_GS1985,Copper,1985-01-01,"Biota, Aquatic",harp muscle male,,2.2,Standard Deviation,2.9,-0.7,μg/g (wet),8,NA,,NA,,Biopsy,Acid digestion,Acid extractable,Atomic absorption spectroscopy,2000JulshamnTraceElementLevels,GreenlandSeals1985_GS1985-Copper-BiotaAquatic-1985-01-01-Rharp muscle,GreenlandSeals1985,Biota,Stressor,Concentration,,Greenland Sea,"Ocean, sea, territorial waters",Water surface,Not reported,Greenland Sea,77,-3,0,m,"Research scientists from the Marine Research Institute, Bergen captured seals in the Greenland Sea in the winter season of 1985. Exact coordinates not provided in document.",2000,Trace element levels in harp seal (Pagophilus groenlandicus) and hooded seal (Cystophora cristata) from the Greenland Sea. A multivariate approach,Primary,Mammals,Pagophilus groenlandicus,Muscle,Adult,Male,Trace element levels in harp seal and hooded seal from Greenland Sea study,1985-01-01,1985-12-31,NA,Not relevant,NA,"Institute of Nutrition, Directorate of Fisheries",Sam Welch,2025-10-31,"Muscle, liver and kidney were sampled from 29 harp seals (6 juveniles, 8 males and 15 females) and 22 hooded seals (2 juveniles, 5 males and 15 females) captured in the Greenland Sea by research scientists from the Marine Research Institute, Bergen in the winter season of 1985.",mg/kg (wet),0.0022,0.0029,-7e-4,NA,NA,NA,NA
GreenlandSeals1985_GS1985,Copper,1985-01-01,"Biota, Aquatic",harp liver male,,14,Standard Deviation,21,-7,μg/g (wet),8,NA,,NA,,Biopsy,Acid digestion,Acid extractable,Atomic absorption spectroscopy,2000JulshamnTraceElementLevels,GreenlandSeals1985_GS1985-Copper-BiotaAquatic-1985-01-01-Rharp liver,GreenlandSeals1985,Biota,Stressor,Concentration,,Greenland Sea,"Ocean, sea, territorial waters",Water surface,Not reported,Greenland Sea,77,-3,0,m,"Research scientists from the Marine Research Institute, Bergen captured seals in the Greenland Sea in the winter season of 1985. Exact coordinates not provided in document.",2000,Trace element levels in harp seal (Pagophilus groenlandicus) and hooded seal (Cystophora cristata) from the Greenland Sea. A multivariate approach,Primary,Mammals,Pagophilus groenlandicus,Liver,Adult,Male,Trace element levels in harp seal and hooded seal from Greenland Sea study,1985-01-01,1985-12-31,NA,Not relevant,NA,"Institute of Nutrition, Directorate of Fisheries",Sam Welch,2025-10-31,"Muscle, liver and kidney were sampled from 29 harp seals (6 juveniles, 8 males and 15 females) and 22 hooded seals (2 juveniles, 5 males and 15 females) captured in the Greenland Sea by research scientists from the Marine Research Institute, Bergen in the winter season of 1985.",mg/kg (wet),0.014,0.021,-0.007,NA,NA,NA,NA
GreenlandSeals1985_GS1985,Copper,1985-01-01,"Biota, Aquatic",hooded kidney female,,12,Standard Deviation,16,-4,μg/g (wet),15,NA,,NA,,Biopsy,Acid digestion,Acid extractable,Atomic absorption spectroscopy,2000JulshamnTraceElementLevels,GreenlandSeals1985_GS1985-Copper-BiotaAquatic-1985-01-01-Rhooded kidney,GreenlandSeals1985,Biota,Stressor,Concentration,,Greenland Sea,"Ocean, sea, territorial waters",Water surface,Not reported,Greenland Sea,77,-3,0,m,"Research scientists from the Marine Research Institute, Bergen captured seals in the Greenland Sea in the winter season of 1985. Exact coordinates not provided in document.",2000,Trace element levels in harp seal (Pagophilus groenlandicus) and hooded seal (Cystophora cristata) from the Greenland Sea. A multivariate approach,Primary,Mammals,Cystophora cristata,Kidney,Adult,Female,Trace element levels in harp seal and hooded seal from Greenland Sea study,1985-01-01,1985-12-31,NA,Not relevant,NA,"Institute of Nutrition, Directorate of Fisheries",Sam Welch,2025-10-31,"Muscle, liver and kidney were sampled from 29 harp seals (6 juveniles, 8 males and 15 females) and 22 hooded seals (2 juveniles, 5 males and 15 females) captured in the Greenland Sea by research scientists from the Marine Research Institute, Bergen in the winter season of 1985.",mg/kg (wet),0.012,0.016,-0.004,NA,NA,NA,NA
GreenlandSeals1985_GS1985,Copper,1985-01-01,"Biota, Aquatic",hooded muscle female,,1,Standard Deviation,1.2,-0.2,μg/g (wet),15,NA,,NA,,Biopsy,Acid digestion,Acid extractable,Atomic absorption spectroscopy,2000JulshamnTraceElementLevels,GreenlandSeals1985_GS1985-Copper-BiotaAquatic-1985-01-01-Rhooded muscle,GreenlandSeals1985,Biota,Stressor,Concentration,,Greenland Sea,"Ocean, sea, territorial waters",Water surface,Not reported,Greenland Sea,77,-3,0,m,"Research scientists from the Marine Research Institute, Bergen captured seals in the Greenland Sea in the winter season of 1985. Exact coordinates not provided in document.",2000,Trace element levels in harp seal (Pagophilus groenlandicus) and hooded seal (Cystophora cristata) from the Greenland Sea. A multivariate approach,Primary,Mammals,Cystophora cristata,Muscle,Adult,Female,Trace element levels in harp seal and hooded seal from Greenland Sea study,1985-01-01,1985-12-31,NA,Not relevant,NA,"Institute of Nutrition, Directorate of Fisheries",Sam Welch,2025-10-31,"Muscle, liver and kidney were sampled from 29 harp seals (6 juveniles, 8 males and 15 females) and 22 hooded seals (2 juveniles, 5 males and 15 females) captured in the Greenland Sea by research scientists from the Marine Research Institute, Bergen in the winter season of 1985.",mg/kg (wet),0.001,0.0012,-2e-4,NA,NA,NA,NA
GreenlandSeals1985_GS1985,Copper,1985-01-01,"Biota, Aquatic",harp liver juvenile,,16,Standard Deviation,31,-15,μg/g (wet),6,NA,,NA,,Biopsy,Acid digestion,Acid extractable,Atomic absorption spectroscopy,2000JulshamnTraceElementLevels,GreenlandSeals1985_GS1985-Copper-BiotaAquatic-1985-01-01-Rharp liver,GreenlandSeals1985,Biota,Stressor,Concentration,,Greenland Sea,"Ocean, sea, territorial waters",Water surface,Not reported,Greenland Sea,77,-3,0,m,"Research scientists from the Marine Research Institute, Bergen captured seals in the Greenland Sea in the winter season of 1985. Exact coordinates not provided in document.",2000,Trace element levels in harp seal (Pagophilus groenlandicus) and hooded seal (Cystophora cristata) from the Greenland Sea. A multivariate approach,Primary,Mammals,Pagophilus groenlandicus,Liver,Juvenile,Not reported,Trace element levels in harp seal and hooded seal from Greenland Sea study,1985-01-01,1985-12-31,NA,Not relevant,NA,"Institute of Nutrition, Directorate of Fisheries",Sam Welch,2025-10-31,"Muscle, liver and kidney were sampled from 29 harp seals (6 juveniles, 8 males and 15 females) and 22 hooded seals (2 juveniles, 5 males and 15 females) captured in the Greenland Sea by research scientists from the Marine Research Institute, Bergen in the winter season of 1985.",mg/kg (wet),0.016,0.031,-0.015,NA,NA,NA,NA
GreenlandSeals1985_GS1985,Copper,1985-01-01,"Biota, Aquatic",hooded kidney juvenile,,6,,NA,NA,μg/g (wet),2,NA,,NA,,Biopsy,Acid digestion,Acid extractable,Atomic absorption spectroscopy,2000JulshamnTraceElementLevels,GreenlandSeals1985_GS1985-Copper-BiotaAquatic-1985-01-01-Rhooded kidney,GreenlandSeals1985,Biota,Stressor,Concentration,,Greenland Sea,"Ocean, sea, territorial waters",Water surface,Not reported,Greenland Sea,77,-3,0,m,"Research scientists from the Marine Research Institute, Bergen captured seals in the Greenland Sea in the winter season of 1985. Exact coordinates not provided in document.",2000,Trace element levels in harp seal (Pagophilus groenlandicus) and hooded seal (Cystophora cristata) from the Greenland Sea. A multivariate approach,Primary,Mammals,Cystophora cristata,Kidney,Juvenile,Not reported,Trace element levels in harp seal and hooded seal from Greenland Sea study,1985-01-01,1985-12-31,NA,Not relevant,NA,"Institute of Nutrition, Directorate of Fisheries",Sam Welch,2025-10-31,"Muscle, liver and kidney were sampled from 29 harp seals (6 juveniles, 8 males and 15 females) and 22 hooded seals (2 juveniles, 5 males and 15 females) captured in the Greenland Sea by research scientists from the Marine Research Institute, Bergen in the winter season of 1985.",mg/kg (wet),0.006,NA,NA,NA,NA,NA,NA
GreenlandSeals1985_GS1985,Copper,1985-01-01,"Biota, Aquatic",hooded muscle juvenile,,2.4,,NA,NA,μg/g (wet),2,NA,,NA,,Biopsy,Acid digestion,Acid extractable,Atomic absorption spectroscopy,2000JulshamnTraceElementLevels,GreenlandSeals1985_GS1985-Copper-BiotaAquatic-1985-01-01-Rhooded muscle,GreenlandSeals1985,Biota,Stressor,Concentration,,Greenland Sea,"Ocean, sea, territorial waters",Water surface,Not reported,Greenland Sea,77,-3,0,m,"Research scientists from the Marine Research Institute, Bergen captured seals in the Greenland Sea in the winter season of 1985. Exact coordinates not provided in document.",2000,Trace element levels in harp seal (Pagophilus groenlandicus) and hooded seal (Cystophora cristata) from the Greenland Sea. A multivariate approach,Primary,Mammals,Cystophora cristata,Muscle,Juvenile,Not reported,Trace element levels in harp seal and hooded seal from Greenland Sea study,1985-01-01,1985-12-31,NA,Not relevant,NA,"Institute of Nutrition, Directorate of Fisheries",Sam Welch,2025-10-31,"Muscle, liver and kidney were sampled from 29 harp seals (6 juveniles, 8 males and 15 females) and 22 hooded seals (2 juveniles, 5 males and 15 females) captured in the Greenland Sea by research scientists from the Marine Research Institute, Bergen in the winter season of 1985.",mg/kg (wet),0.0024,NA,NA,NA,NA,NA,NA
GreenlandSeals1985_GS1985,Copper,1985-01-01,"Biota, Aquatic",harp liver female,,13,Standard Deviation,19,-6,μg/g (wet),15,NA,,NA,,Biopsy,Acid digestion,Acid extractable,Atomic absorption spectroscopy,2000JulshamnTraceElementLevels,GreenlandSeals1985_GS1985-Copper-BiotaAquatic-1985-01-01-Rharp liver,GreenlandSeals1985,Biota,Stressor,Concentration,,Greenland Sea,"Ocean, sea, territorial waters",Water surface,Not reported,Greenland Sea,77,-3,0,m,"Research scientists from the Marine Research Institute, Bergen captured seals in the Greenland Sea in the winter season of 1985. Exact coordinates not provided in document.",2000,Trace element levels in harp seal (Pagophilus groenlandicus) and hooded seal (Cystophora cristata) from the Greenland Sea. A multivariate approach,Primary,Mammals,Pagophilus groenlandicus,Liver,Adult,Female,Trace element levels in harp seal and hooded seal from Greenland Sea study,1985-01-01,1985-12-31,NA,Not relevant,NA,"Institute of Nutrition, Directorate of Fisheries",Sam Welch,2025-10-31,"Muscle, liver and kidney were sampled from 29 harp seals (6 juveniles, 8 males and 15 females) and 22 hooded seals (2 juveniles, 5 males and 15 females) captured in the Greenland Sea by research scientists from the Marine Research Institute, Bergen in the winter season of 1985.",mg/kg (wet),0.013,0.019,-0.006,NA,NA,NA,NA
GreenlandSeals1985_GS1985,Copper,1985-01-01,"Biota, Aquatic",hooded kidney male,,3.9,Standard Deviation,4.8,-0.9,μg/g (wet),5,NA,,NA,,Biopsy,Acid digestion,Acid extractable,Atomic absorption spectroscopy,2000JulshamnTraceElementLevels,GreenlandSeals1985_GS1985-Copper-BiotaAquatic-1985-01-01-Rhooded kidney,GreenlandSeals1985,Biota,Stressor,Concentration,,Greenland Sea,"Ocean, sea, territorial waters",Water surface,Not reported,Greenland Sea,77,-3,0,m,"Research scientists from the Marine Research Institute, Bergen captured seals in the Greenland Sea in the winter season of 1985. Exact coordinates not provided in document.",2000,Trace element levels in harp seal (Pagophilus groenlandicus) and hooded seal (Cystophora cristata) from the Greenland Sea. A multivariate approach,Primary,Mammals,Cystophora cristata,Kidney,Adult,Male,Trace element levels in harp seal and hooded seal from Greenland Sea study,1985-01-01,1985-12-31,NA,Not relevant,NA,"Institute of Nutrition, Directorate of Fisheries",Sam Welch,2025-10-31,"Muscle, liver and kidney were sampled from 29 harp seals (6 juveniles, 8 males and 15 females) and 22 hooded seals (2 juveniles, 5 males and 15 females) captured in the Greenland Sea by research scientists from the Marine Research Institute, Bergen in the winter season of 1985.",mg/kg (wet),0.0039,0.0048,-9e-4,NA,NA,NA,NA
GreenlandSeals1985_GS1985,Copper,1985-01-01,"Biota, Aquatic",hooded muscle male,,0.8,Standard Deviation,1.3,-0.5,μg/g (wet),5,NA,,NA,,Biopsy,Acid digestion,Acid extractable,Atomic absorption spectroscopy,2000JulshamnTraceElementLevels,GreenlandSeals1985_GS1985-Copper-BiotaAquatic-1985-01-01-Rhooded muscle,GreenlandSeals1985,Biota,Stressor,Concentration,,Greenland Sea,"Ocean, sea, territorial waters",Water surface,Not reported,Greenland Sea,77,-3,0,m,"Research scientists from the Marine Research Institute, Bergen captured seals in the Greenland Sea in the winter season of 1985. Exact coordinates not provided in document.",2000,Trace element levels in harp seal (Pagophilus groenlandicus) and hooded seal (Cystophora cristata) from the Greenland Sea. A multivariate approach,Primary,Mammals,Cystophora cristata,Muscle,Adult,Male,Trace element levels in harp seal and hooded seal from Greenland Sea study,1985-01-01,1985-12-31,NA,Not relevant,NA,"Institute of Nutrition, Directorate of Fisheries",Sam Welch,2025-10-31,"Muscle, liver and kidney were sampled from 29 harp seals (6 juveniles, 8 males and 15 females) and 22 hooded seals (2 juveniles, 5 males and 15 females) captured in the Greenland Sea by research scientists from the Marine Research Institute, Bergen in the winter season of 1985.",mg/kg (wet),8e-4,0.0013,-5e-4,NA,NA,NA,NA
RuglaNaustebeRoros97_Rugla,Copper,1997-06-01,"Biota, Aquatic",gills,,4.88,First-Third Quartile Range,3.57,5.7,µg/g (wet),6,NA,,NA,,S01_Electrofishing_RuglaNaust,E01_AcidDigest_RuglaNaust,F01_DissolvedFrac_RuglaNaust,A01_AAS_RuglaNaust,2001OlsvikMetalAccumulationAnd,RuglaNaustebeRoros97_Rugla-Copper-BiotaAquatic-1997-06-01-Rgills,RuglaNaustebeRoros97,Biota,Stressor,Concentration,,Rugla River at Røros,"River, stream, canal",Other,Norway,Norway,62.76,11.33,0,m,"Cu-contaminated river draining north to Trondheimfjord. Cu-sulfide ore mined between 1770-1919 at Muggruva mine. Located at Røros in Sør-Trøndelag, Central Norway. Fish caught some hundred meters downstream of water sample collection site. Location very approximate.",2001,"Metal accumulation and metallothionein in brown trout, Salmo trutta, from two Norwegian rivers differently contaminated with Cd, Cu and Zn",Primary,Fish,Salmo trutta,Gills,Juvenile,Mixed,Metal accumulation and metallothionein study in brown trout from Rugla and Naustebekken rivers,1997-05-01,1998-09-30,,Not relevant,NA,Norwegian University of Science and Technology,Sam Welch,2025-11-02,"Study compared brown trout from two Norwegian rivers differently contaminated with metals - Rugla (Cu-contaminated) and Naustebekken (Cd/Zn-contaminated) at Røros, Central Norway. Fish were captured June-July 1997 and early September 1998. Water samples collected at regular intervals during ice-free season May-October 1997.",mg/kg (wet),0.00488,0.00357,0.0057,NA,NA,NA,NA
RuglaNaustebeRoros97_Rugla,Copper,1997-06-01,"Biota, Aquatic",liver,,242.93,First-Third Quartile Range,236.41,336.85,µg/g (wet),6,NA,,NA,,S01_Electrofishing_RuglaNaust,E01_AcidDigest_RuglaNaust,F01_DissolvedFrac_RuglaNaust,A01_AAS_RuglaNaust,2001OlsvikMetalAccumulationAnd,RuglaNaustebeRoros97_Rugla-Copper-BiotaAquatic-1997-06-01-Rliver,RuglaNaustebeRoros97,Biota,Stressor,Concentration,,Rugla River at Røros,"River, stream, canal",Other,Norway,Norway,62.76,11.33,0,m,"Cu-contaminated river draining north to Trondheimfjord. Cu-sulfide ore mined between 1770-1919 at Muggruva mine. Located at Røros in Sør-Trøndelag, Central Norway. Fish caught some hundred meters downstream of water sample collection site. Location very approximate.",2001,"Metal accumulation and metallothionein in brown trout, Salmo trutta, from two Norwegian rivers differently contaminated with Cd, Cu and Zn",Primary,Fish,Salmo trutta,Liver,Juvenile,Mixed,Metal accumulation and metallothionein study in brown trout from Rugla and Naustebekken rivers,1997-05-01,1998-09-30,,Not relevant,NA,Norwegian University of Science and Technology,Sam Welch,2025-11-02,"Study compared brown trout from two Norwegian rivers differently contaminated with metals - Rugla (Cu-contaminated) and Naustebekken (Cd/Zn-contaminated) at Røros, Central Norway. Fish were captured June-July 1997 and early September 1998. Water samples collected at regular intervals during ice-free season May-October 1997.",mg/kg (wet),0.24293,0.23641,0.33685000000000004,NA,NA,NA,NA
RuglaNaustebeRoros97_Rugla,Copper,1997-06-01,"Biota, Aquatic",kidneys,,3.85,First-Third Quartile Range,3.51,4.9,µg/g (wet),6,NA,,NA,,S01_Electrofishing_RuglaNaust,E01_AcidDigest_RuglaNaust,F01_DissolvedFrac_RuglaNaust,A01_AAS_RuglaNaust,2001OlsvikMetalAccumulationAnd,RuglaNaustebeRoros97_Rugla-Copper-BiotaAquatic-1997-06-01-Rkidneys,RuglaNaustebeRoros97,Biota,Stressor,Concentration,,Rugla River at Røros,"River, stream, canal",Other,Norway,Norway,62.76,11.33,0,m,"Cu-contaminated river draining north to Trondheimfjord. Cu-sulfide ore mined between 1770-1919 at Muggruva mine. Located at Røros in Sør-Trøndelag, Central Norway. Fish caught some hundred meters downstream of water sample collection site. Location very approximate.",2001,"Metal accumulation and metallothionein in brown trout, Salmo trutta, from two Norwegian rivers differently contaminated with Cd, Cu and Zn",Primary,Fish,Salmo trutta,Kidney,Juvenile,Mixed,Metal accumulation and metallothionein study in brown trout from Rugla and Naustebekken rivers,1997-05-01,1998-09-30,,Not relevant,NA,Norwegian University of Science and Technology,Sam Welch,2025-11-02,"Study compared brown trout from two Norwegian rivers differently contaminated with metals - Rugla (Cu-contaminated) and Naustebekken (Cd/Zn-contaminated) at Røros, Central Norway. Fish were captured June-July 1997 and early September 1998. Water samples collected at regular intervals during ice-free season May-October 1997.",mg/kg (wet),0.00385,0.0035099999999999997,0.004900000000000001,NA,NA,NA,NA
RuglaNaustebeRoros97_Naustebekken,Copper,1997-06-01,"Biota, Aquatic",gills,,1.92,First-Third Quartile Range,1.48,2.01,µg/g (wet),5,NA,,NA,,S01_Electrofishing_RuglaNaust,E01_AcidDigest_RuglaNaust,F01_DissolvedFrac_RuglaNaust,A01_AAS_RuglaNaust,2001OlsvikMetalAccumulationAnd,RuglaNaustebeRoros97_Naustebekken-Copper-BiotaAquatic-1997-06-01-Rgills,RuglaNaustebeRoros97,Biota,Stressor,Concentration,,Naustebekken River at Røros,"River, stream, canal",Other,Norway,Norway,62.69,11.29,0,m,"Cd/Zn-contaminated river draining south to Oslofjord. Contamination from Fjellsjøgruva Zn-blend ore mined 1953-1956. Located at Røros in Sør-Trøndelag, Central Norway. Fish caught at same location as water samples. Location very approximate.",2001,"Metal accumulation and metallothionein in brown trout, Salmo trutta, from two Norwegian rivers differently contaminated with Cd, Cu and Zn",Primary,Fish,Salmo trutta,Gills,Juvenile,Mixed,Metal accumulation and metallothionein study in brown trout from Rugla and Naustebekken rivers,1997-05-01,1998-09-30,,Not relevant,NA,Norwegian University of Science and Technology,Sam Welch,2025-11-02,"Study compared brown trout from two Norwegian rivers differently contaminated with metals - Rugla (Cu-contaminated) and Naustebekken (Cd/Zn-contaminated) at Røros, Central Norway. Fish were captured June-July 1997 and early September 1998. Water samples collected at regular intervals during ice-free season May-October 1997.",mg/kg (wet),0.0019199999999999998,0.00148,0.0020099999999999996,NA,NA,NA,NA
RuglaNaustebeRoros97_Naustebekken,Copper,1997-06-01,"Biota, Aquatic",liver,,103.42,First-Third Quartile Range,87.72,122.98,µg/g (wet),5,NA,,NA,,S01_Electrofishing_RuglaNaust,E01_AcidDigest_RuglaNaust,F01_DissolvedFrac_RuglaNaust,A01_AAS_RuglaNaust,2001OlsvikMetalAccumulationAnd,RuglaNaustebeRoros97_Naustebekken-Copper-BiotaAquatic-1997-06-01-Rliver,RuglaNaustebeRoros97,Biota,Stressor,Concentration,,Naustebekken River at Røros,"River, stream, canal",Other,Norway,Norway,62.69,11.29,0,m,"Cd/Zn-contaminated river draining south to Oslofjord. Contamination from Fjellsjøgruva Zn-blend ore mined 1953-1956. Located at Røros in Sør-Trøndelag, Central Norway. Fish caught at same location as water samples. Location very approximate.",2001,"Metal accumulation and metallothionein in brown trout, Salmo trutta, from two Norwegian rivers differently contaminated with Cd, Cu and Zn",Primary,Fish,Salmo trutta,Liver,Juvenile,Mixed,Metal accumulation and metallothionein study in brown trout from Rugla and Naustebekken rivers,1997-05-01,1998-09-30,,Not relevant,NA,Norwegian University of Science and Technology,Sam Welch,2025-11-02,"Study compared brown trout from two Norwegian rivers differently contaminated with metals - Rugla (Cu-contaminated) and Naustebekken (Cd/Zn-contaminated) at Røros, Central Norway. Fish were captured June-July 1997 and early September 1998. Water samples collected at regular intervals during ice-free season May-October 1997.",mg/kg (wet),0.10342,0.08771999999999999,0.12298,NA,NA,NA,NA
RuglaNaustebeRoros97_Naustebekken,Copper,1997-06-01,"Biota, Aquatic",kidneys,,1.97,First-Third Quartile Range,1.67,2.38,µg/g (wet),5,NA,,NA,,S01_Electrofishing_RuglaNaust,E01_AcidDigest_RuglaNaust,F01_DissolvedFrac_RuglaNaust,A01_AAS_RuglaNaust,2001OlsvikMetalAccumulationAnd,RuglaNaustebeRoros97_Naustebekken-Copper-BiotaAquatic-1997-06-01-Rkidneys,RuglaNaustebeRoros97,Biota,Stressor,Concentration,,Naustebekken River at Røros,"River, stream, canal",Other,Norway,Norway,62.69,11.29,0,m,"Cd/Zn-contaminated river draining south to Oslofjord. Contamination from Fjellsjøgruva Zn-blend ore mined 1953-1956. Located at Røros in Sør-Trøndelag, Central Norway. Fish caught at same location as water samples. Location very approximate.",2001,"Metal accumulation and metallothionein in brown trout, Salmo trutta, from two Norwegian rivers differently contaminated with Cd, Cu and Zn",Primary,Fish,Salmo trutta,Kidney,Juvenile,Mixed,Metal accumulation and metallothionein study in brown trout from Rugla and Naustebekken rivers,1997-05-01,1998-09-30,,Not relevant,NA,Norwegian University of Science and Technology,Sam Welch,2025-11-02,"Study compared brown trout from two Norwegian rivers differently contaminated with metals - Rugla (Cu-contaminated) and Naustebekken (Cd/Zn-contaminated) at Røros, Central Norway. Fish were captured June-July 1997 and early September 1998. Water samples collected at regular intervals during ice-free season May-October 1997.",mg/kg (wet),0.00197,0.0016699999999999998,0.0023799999999999997,NA,NA,NA,NA
RuglaNaustebeRoros97_Rugla,Copper,1997-06-01,Freshwater,1,,21.3,Standard Deviation,29.3,13.3,µg/L,17,NA,,NA,,S02_PointSampling_RuglaNaust,E01_AcidDigest_RuglaNaust,F01_DissolvedFrac_RuglaNaust,A01_AAS_RuglaNaust,2001OlsvikMetalAccumulationAnd,RuglaNaustebeRoros97_Rugla-Copper-Freshwater-1997-06-01-R 1,RuglaNaustebeRoros97,Aquatic,Stressor,Concentration,"""""Water samples were collected at regular intervals during the ice-free season May November of 1997.""""",Rugla River at Røros,"River, stream, canal",Other,Norway,Norway,62.76,11.33,0,m,"Cu-contaminated river draining north to Trondheimfjord. Cu-sulfide ore mined between 1770-1919 at Muggruva mine. Located at Røros in Sør-Trøndelag, Central Norway. Fish caught some hundred meters downstream of water sample collection site. Location very approximate.",2001,"Metal accumulation and metallothionein in brown trout, Salmo trutta, from two Norwegian rivers differently contaminated with Cd, Cu and Zn",Primary,NA,NA,NA,NA,NA,Metal accumulation and metallothionein study in brown trout from Rugla and Naustebekken rivers,1997-05-01,1998-09-30,,Not relevant,NA,Norwegian University of Science and Technology,Sam Welch,2025-11-02,"Study compared brown trout from two Norwegian rivers differently contaminated with metals - Rugla (Cu-contaminated) and Naustebekken (Cd/Zn-contaminated) at Røros, Central Norway. Fish were captured June-July 1997 and early September 1998. Water samples collected at regular intervals during ice-free season May-October 1997.",mg/L,0.0213,0.0293,0.013300000000000001,NA,NA,NA,NA
RuglaNaustebeRoros97_Naustebekken,Copper,1997-06-01,Freshwater,1,,3.2,Standard Deviation,5.3,1.1,µg/L,14,NA,,NA,,S02_PointSampling_RuglaNaust,E01_AcidDigest_RuglaNaust,F01_DissolvedFrac_RuglaNaust,A01_AAS_RuglaNaust,2001OlsvikMetalAccumulationAnd,RuglaNaustebeRoros97_Naustebekken-Copper-Freshwater-1997-06-01-R 1,RuglaNaustebeRoros97,Aquatic,Stressor,Concentration,"""""Water samples were collected at regular intervals during the ice-free season May November of 1997.""""",Naustebekken River at Røros,"River, stream, canal",Other,Norway,Norway,62.69,11.29,0,m,"Cd/Zn-contaminated river draining south to Oslofjord. Contamination from Fjellsjøgruva Zn-blend ore mined 1953-1956. Located at Røros in Sør-Trøndelag, Central Norway. Fish caught at same location as water samples. Location very approximate.",2001,"Metal accumulation and metallothionein in brown trout, Salmo trutta, from two Norwegian rivers differently contaminated with Cd, Cu and Zn",Primary,NA,NA,NA,NA,NA,Metal accumulation and metallothionein study in brown trout from Rugla and Naustebekken rivers,1997-05-01,1998-09-30,,Not relevant,NA,Norwegian University of Science and Technology,Sam Welch,2025-11-02,"Study compared brown trout from two Norwegian rivers differently contaminated with metals - Rugla (Cu-contaminated) and Naustebekken (Cd/Zn-contaminated) at Røros, Central Norway. Fish were captured June-July 1997 and early September 1998. Water samples collected at regular intervals during ice-free season May-October 1997.",mg/L,0.0032,0.0053,0.0011,NA,NA,NA,NA
GlommaCu1990-95_1,Copper,1990-06-07,Brackish/Transitional Water,1,,118,Not Reported,NA,NA,mg/kg (dry),1,NA,,NA,,S01_PointSampling_GlommaCu19,E01_AcidDigestion_GlommaCu19,E01_AcidDigestion_GlommaCu19,A01_AtomicAbsorptio_GlommaCu19,2002HellandTransportAndSedimentation,GlommaCu1990-95_1-Copper-BrackishTran-1990-06-07-R 1,GlommaCu1990-95,Aquatic,Stressor,Concentration,,Glomma estuary station 1,Estuary,Water benthos,Norway,Norway,59.052,10.974,20,m,"Located in the outer part of the Glomma estuary. Sampled in 1990, 1994 and 1995. Coordinates estimated (3 d.p.) from Figure 1.",2002,"Transport and sedimentation of Cu in a microtidal estuary, SE Norway",Primary,NA,NA,NA,NA,NA,Transport and sedimentation of Cu in Glomma estuary,1990-05-01,1995-07-31,,Not relevant,NA,Norwegian Institute for Water Research,Sam Welch,2025-11-04,"Study of transport and sedimentation of copper in the Glomma estuary, SE Norway during a period of 90% reduction in industrial Cu input. Traps deployed at four stations for monthly periods during 1990, 1994 and 1995, with additional four stations in 1995.",mg/kg (dry),118,NA,NA,NA,NA,NA,NA
GlommaCu1990-95_2,Copper,1990-06-07,Brackish/Transitional Water,1,,117,Not Reported,NA,NA,mg/kg (dry),2,NA,,NA,,S01_PointSampling_GlommaCu19,E01_AcidDigestion_GlommaCu19,E01_AcidDigestion_GlommaCu19,A01_AtomicAbsorptio_GlommaCu19,2002HellandTransportAndSedimentation,GlommaCu1990-95_2-Copper-BrackishTran-1990-06-07-R 1,GlommaCu1990-95,Aquatic,Stressor,Concentration,,Glomma estuary station 2,Estuary,Water benthos,Norway,Norway,59.129,10.964,20,m,"Located near the river mouth in the inner part of the estuary. Sampled in 1990, 1994 and 1995. Coordinates estimated (3 d.p.) from Figure 1.",2002,"Transport and sedimentation of Cu in a microtidal estuary, SE Norway",Primary,NA,NA,NA,NA,NA,Transport and sedimentation of Cu in Glomma estuary,1990-05-01,1995-07-31,,Not relevant,NA,Norwegian Institute for Water Research,Sam Welch,2025-11-04,"Study of transport and sedimentation of copper in the Glomma estuary, SE Norway during a period of 90% reduction in industrial Cu input. Traps deployed at four stations for monthly periods during 1990, 1994 and 1995, with additional four stations in 1995.",mg/kg (dry),117,NA,NA,NA,NA,NA,NA
GlommaCu1990-95_3,Copper,1990-06-07,Brackish/Transitional Water,1,,107,Not Reported,NA,NA,mg/kg (dry),3,NA,,NA,,S01_PointSampling_GlommaCu19,E01_AcidDigestion_GlommaCu19,E01_AcidDigestion_GlommaCu19,A01_AtomicAbsorptio_GlommaCu19,2002HellandTransportAndSedimentation,GlommaCu1990-95_3-Copper-BrackishTran-1990-06-07-R 1,GlommaCu1990-95,Aquatic,Stressor,Concentration,,Glomma estuary station 3,Estuary,Water benthos,Norway,Norway,59.111,11.037,20,m,"Located in the Glomma estuary. Sampled in 1990, 1994 and 1995. Coordinates estimated (3 d.p.) from Figure 1.",2002,"Transport and sedimentation of Cu in a microtidal estuary, SE Norway",Primary,NA,NA,NA,NA,NA,Transport and sedimentation of Cu in Glomma estuary,1990-05-01,1995-07-31,,Not relevant,NA,Norwegian Institute for Water Research,Sam Welch,2025-11-04,"Study of transport and sedimentation of copper in the Glomma estuary, SE Norway during a period of 90% reduction in industrial Cu input. Traps deployed at four stations for monthly periods during 1990, 1994 and 1995, with additional four stations in 1995.",mg/kg (dry),107,NA,NA,NA,NA,NA,NA
GlommaCu1990-95_4,Copper,1990-06-07,Brackish/Transitional Water,1,,120,Not Reported,NA,NA,mg/kg (dry),4,NA,,NA,,S01_PointSampling_GlommaCu19,E01_AcidDigestion_GlommaCu19,E01_AcidDigestion_GlommaCu19,A01_AtomicAbsorptio_GlommaCu19,2002HellandTransportAndSedimentation,GlommaCu1990-95_4-Copper-BrackishTran-1990-06-07-R 1,GlommaCu1990-95,Aquatic,Stressor,Concentration,,Glomma estuary station 4,Estuary,Water benthos,Norway,Norway,59.111,11.167,20,m,"Located to the east of the main estuary. Sampled in 1990, 1994 and 1995. High variability in Al and TOC concentrations, may be influenced by other particle sources than river Glomma. Coordinates estimated (3 d.p.) from Figure 1.",2002,"Transport and sedimentation of Cu in a microtidal estuary, SE Norway",Primary,NA,NA,NA,NA,NA,Transport and sedimentation of Cu in Glomma estuary,1990-05-01,1995-07-31,,Not relevant,NA,Norwegian Institute for Water Research,Sam Welch,2025-11-04,"Study of transport and sedimentation of copper in the Glomma estuary, SE Norway during a period of 90% reduction in industrial Cu input. Traps deployed at four stations for monthly periods during 1990, 1994 and 1995, with additional four stations in 1995.",mg/kg (dry),120,NA,NA,NA,NA,NA,NA
GlommaCu1990-95_1,Copper,1990-07-02,Brackish/Transitional Water,1,,119,Not Reported,NA,NA,mg/kg (dry),5,NA,,NA,,S01_PointSampling_GlommaCu19,E01_AcidDigestion_GlommaCu19,E01_AcidDigestion_GlommaCu19,A01_AtomicAbsorptio_GlommaCu19,2002HellandTransportAndSedimentation,GlommaCu1990-95_1-Copper-BrackishTran-1990-07-02-R 1,GlommaCu1990-95,Aquatic,Stressor,Concentration,,Glomma estuary station 1,Estuary,Water benthos,Norway,Norway,59.052,10.974,20,m,"Located in the outer part of the Glomma estuary. Sampled in 1990, 1994 and 1995. Coordinates estimated (3 d.p.) from Figure 1.",2002,"Transport and sedimentation of Cu in a microtidal estuary, SE Norway",Primary,NA,NA,NA,NA,NA,Transport and sedimentation of Cu in Glomma estuary,1990-05-01,1995-07-31,,Not relevant,NA,Norwegian Institute for Water Research,Sam Welch,2025-11-04,"Study of transport and sedimentation of copper in the Glomma estuary, SE Norway during a period of 90% reduction in industrial Cu input. Traps deployed at four stations for monthly periods during 1990, 1994 and 1995, with additional four stations in 1995.",mg/kg (dry),119,NA,NA,NA,NA,NA,NA
GlommaCu1990-95_2,Copper,1990-07-02,Brackish/Transitional Water,1,,123,Not Reported,NA,NA,mg/kg (dry),6,NA,,NA,,S01_PointSampling_GlommaCu19,E01_AcidDigestion_GlommaCu19,E01_AcidDigestion_GlommaCu19,A01_AtomicAbsorptio_GlommaCu19,2002HellandTransportAndSedimentation,GlommaCu1990-95_2-Copper-BrackishTran-1990-07-02-R 1,GlommaCu1990-95,Aquatic,Stressor,Concentration,,Glomma estuary station 2,Estuary,Water benthos,Norway,Norway,59.129,10.964,20,m,"Located near the river mouth in the inner part of the estuary. Sampled in 1990, 1994 and 1995. Coordinates estimated (3 d.p.) from Figure 1.",2002,"Transport and sedimentation of Cu in a microtidal estuary, SE Norway",Primary,NA,NA,NA,NA,NA,Transport and sedimentation of Cu in Glomma estuary,1990-05-01,1995-07-31,,Not relevant,NA,Norwegian Institute for Water Research,Sam Welch,2025-11-04,"Study of transport and sedimentation of copper in the Glomma estuary, SE Norway during a period of 90% reduction in industrial Cu input. Traps deployed at four stations for monthly periods during 1990, 1994 and 1995, with additional four stations in 1995.",mg/kg (dry),123,NA,NA,NA,NA,NA,NA
GlommaCu1990-95_3,Copper,1990-07-02,Brackish/Transitional Water,1,,153,Not Reported,NA,NA,mg/kg (dry),7,NA,,NA,,S01_PointSampling_GlommaCu19,E01_AcidDigestion_GlommaCu19,E01_AcidDigestion_GlommaCu19,A01_AtomicAbsorptio_GlommaCu19,2002HellandTransportAndSedimentation,GlommaCu1990-95_3-Copper-BrackishTran-1990-07-02-R 1,GlommaCu1990-95,Aquatic,Stressor,Concentration,,Glomma estuary station 3,Estuary,Water benthos,Norway,Norway,59.111,11.037,20,m,"Located in the Glomma estuary. Sampled in 1990, 1994 and 1995. Coordinates estimated (3 d.p.) from Figure 1.",2002,"Transport and sedimentation of Cu in a microtidal estuary, SE Norway",Primary,NA,NA,NA,NA,NA,Transport and sedimentation of Cu in Glomma estuary,1990-05-01,1995-07-31,,Not relevant,NA,Norwegian Institute for Water Research,Sam Welch,2025-11-04,"Study of transport and sedimentation of copper in the Glomma estuary, SE Norway during a period of 90% reduction in industrial Cu input. Traps deployed at four stations for monthly periods during 1990, 1994 and 1995, with additional four stations in 1995.",mg/kg (dry),153,NA,NA,NA,NA,NA,NA
GlommaCu1990-95_4,Copper,1990-07-02,Brackish/Transitional Water,1,,324,Not Reported,NA,NA,mg/kg (dry),8,NA,,NA,,S01_PointSampling_GlommaCu19,E01_AcidDigestion_GlommaCu19,E01_AcidDigestion_GlommaCu19,A01_AtomicAbsorptio_GlommaCu19,2002HellandTransportAndSedimentation,GlommaCu1990-95_4-Copper-BrackishTran-1990-07-02-R 1,GlommaCu1990-95,Aquatic,Stressor,Concentration,,Glomma estuary station 4,Estuary,Water benthos,Norway,Norway,59.111,11.167,20,m,"Located to the east of the main estuary. Sampled in 1990, 1994 and 1995. High variability in Al and TOC concentrations, may be influenced by other particle sources than river Glomma. Coordinates estimated (3 d.p.) from Figure 1.",2002,"Transport and sedimentation of Cu in a microtidal estuary, SE Norway",Primary,NA,NA,NA,NA,NA,Transport and sedimentation of Cu in Glomma estuary,1990-05-01,1995-07-31,,Not relevant,NA,Norwegian Institute for Water Research,Sam Welch,2025-11-04,"Study of transport and sedimentation of copper in the Glomma estuary, SE Norway during a period of 90% reduction in industrial Cu input. Traps deployed at four stations for monthly periods during 1990, 1994 and 1995, with additional four stations in 1995.",mg/kg (dry),324,NA,NA,NA,NA,NA,NA
GlommaCu1990-95_1,Copper,1990-08-01,Brackish/Transitional Water,1,,636,Not Reported,NA,NA,mg/kg (dry),9,NA,,NA,,S01_PointSampling_GlommaCu19,E01_AcidDigestion_GlommaCu19,E01_AcidDigestion_GlommaCu19,A01_AtomicAbsorptio_GlommaCu19,2002HellandTransportAndSedimentation,GlommaCu1990-95_1-Copper-BrackishTran-1990-08-01-R 1,GlommaCu1990-95,Aquatic,Stressor,Concentration,,Glomma estuary station 1,Estuary,Water benthos,Norway,Norway,59.052,10.974,20,m,"Located in the outer part of the Glomma estuary. Sampled in 1990, 1994 and 1995. Coordinates estimated (3 d.p.) from Figure 1.",2002,"Transport and sedimentation of Cu in a microtidal estuary, SE Norway",Primary,NA,NA,NA,NA,NA,Transport and sedimentation of Cu in Glomma estuary,1990-05-01,1995-07-31,,Not relevant,NA,Norwegian Institute for Water Research,Sam Welch,2025-11-04,"Study of transport and sedimentation of copper in the Glomma estuary, SE Norway during a period of 90% reduction in industrial Cu input. Traps deployed at four stations for monthly periods during 1990, 1994 and 1995, with additional four stations in 1995.",mg/kg (dry),636,NA,NA,NA,NA,NA,NA
GlommaCu1990-95_2,Copper,1990-08-01,Brackish/Transitional Water,1,,179,Not Reported,NA,NA,mg/kg (dry),10,NA,,NA,,S01_PointSampling_GlommaCu19,E01_AcidDigestion_GlommaCu19,E01_AcidDigestion_GlommaCu19,A01_AtomicAbsorptio_GlommaCu19,2002HellandTransportAndSedimentation,GlommaCu1990-95_2-Copper-BrackishTran-1990-08-01-R 1,GlommaCu1990-95,Aquatic,Stressor,Concentration,,Glomma estuary station 2,Estuary,Water benthos,Norway,Norway,59.129,10.964,20,m,"Located near the river mouth in the inner part of the estuary. Sampled in 1990, 1994 and 1995. Coordinates estimated (3 d.p.) from Figure 1.",2002,"Transport and sedimentation of Cu in a microtidal estuary, SE Norway",Primary,NA,NA,NA,NA,NA,Transport and sedimentation of Cu in Glomma estuary,1990-05-01,1995-07-31,,Not relevant,NA,Norwegian Institute for Water Research,Sam Welch,2025-11-04,"Study of transport and sedimentation of copper in the Glomma estuary, SE Norway during a period of 90% reduction in industrial Cu input. Traps deployed at four stations for monthly periods during 1990, 1994 and 1995, with additional four stations in 1995.",mg/kg (dry),179,NA,NA,NA,NA,NA,NA
GlommaCu1990-95_3,Copper,1990-08-01,Brackish/Transitional Water,1,,120,Not Reported,NA,NA,mg/kg (dry),11,NA,,NA,,S01_PointSampling_GlommaCu19,E01_AcidDigestion_GlommaCu19,E01_AcidDigestion_GlommaCu19,A01_AtomicAbsorptio_GlommaCu19,2002HellandTransportAndSedimentation,GlommaCu1990-95_3-Copper-BrackishTran-1990-08-01-R 1,GlommaCu1990-95,Aquatic,Stressor,Concentration,,Glomma estuary station 3,Estuary,Water benthos,Norway,Norway,59.111,11.037,20,m,"Located in the Glomma estuary. Sampled in 1990, 1994 and 1995. Coordinates estimated (3 d.p.) from Figure 1.",2002,"Transport and sedimentation of Cu in a microtidal estuary, SE Norway",Primary,NA,NA,NA,NA,NA,Transport and sedimentation of Cu in Glomma estuary,1990-05-01,1995-07-31,,Not relevant,NA,Norwegian Institute for Water Research,Sam Welch,2025-11-04,"Study of transport and sedimentation of copper in the Glomma estuary, SE Norway during a period of 90% reduction in industrial Cu input. Traps deployed at four stations for monthly periods during 1990, 1994 and 1995, with additional four stations in 1995.",mg/kg (dry),120,NA,NA,NA,NA,NA,NA
GlommaCu1990-95_4,Copper,1990-08-01,Brackish/Transitional Water,1,,520,Not Reported,NA,NA,mg/kg (dry),12,NA,,NA,,S01_PointSampling_GlommaCu19,E01_AcidDigestion_GlommaCu19,E01_AcidDigestion_GlommaCu19,A01_AtomicAbsorptio_GlommaCu19,2002HellandTransportAndSedimentation,GlommaCu1990-95_4-Copper-BrackishTran-1990-08-01-R 1,GlommaCu1990-95,Aquatic,Stressor,Concentration,,Glomma estuary station 4,Estuary,Water benthos,Norway,Norway,59.111,11.167,20,m,"Located to the east of the main estuary. Sampled in 1990, 1994 and 1995. High variability in Al and TOC concentrations, may be influenced by other particle sources than river Glomma. Coordinates estimated (3 d.p.) from Figure 1.",2002,"Transport and sedimentation of Cu in a microtidal estuary, SE Norway",Primary,NA,NA,NA,NA,NA,Transport and sedimentation of Cu in Glomma estuary,1990-05-01,1995-07-31,,Not relevant,NA,Norwegian Institute for Water Research,Sam Welch,2025-11-04,"Study of transport and sedimentation of copper in the Glomma estuary, SE Norway during a period of 90% reduction in industrial Cu input. Traps deployed at four stations for monthly periods during 1990, 1994 and 1995, with additional four stations in 1995.",mg/kg (dry),520,NA,NA,NA,NA,NA,NA
GlommaCu1990-95_1,Copper,1990-09-10,Brackish/Transitional Water,1,,165,Not Reported,NA,NA,mg/kg (dry),13,NA,,NA,,S01_PointSampling_GlommaCu19,E01_AcidDigestion_GlommaCu19,E01_AcidDigestion_GlommaCu19,A01_AtomicAbsorptio_GlommaCu19,2002HellandTransportAndSedimentation,GlommaCu1990-95_1-Copper-BrackishTran-1990-09-10-R 1,GlommaCu1990-95,Aquatic,Stressor,Concentration,,Glomma estuary station 1,Estuary,Water benthos,Norway,Norway,59.052,10.974,20,m,"Located in the outer part of the Glomma estuary. Sampled in 1990, 1994 and 1995. Coordinates estimated (3 d.p.) from Figure 1.",2002,"Transport and sedimentation of Cu in a microtidal estuary, SE Norway",Primary,NA,NA,NA,NA,NA,Transport and sedimentation of Cu in Glomma estuary,1990-05-01,1995-07-31,,Not relevant,NA,Norwegian Institute for Water Research,Sam Welch,2025-11-04,"Study of transport and sedimentation of copper in the Glomma estuary, SE Norway during a period of 90% reduction in industrial Cu input. Traps deployed at four stations for monthly periods during 1990, 1994 and 1995, with additional four stations in 1995.",mg/kg (dry),165,NA,NA,NA,NA,NA,NA
GlommaCu1990-95_2,Copper,1990-09-10,Brackish/Transitional Water,1,,110,Not Reported,NA,NA,mg/kg (dry),14,NA,,NA,,S01_PointSampling_GlommaCu19,E01_AcidDigestion_GlommaCu19,E01_AcidDigestion_GlommaCu19,A01_AtomicAbsorptio_GlommaCu19,2002HellandTransportAndSedimentation,GlommaCu1990-95_2-Copper-BrackishTran-1990-09-10-R 1,GlommaCu1990-95,Aquatic,Stressor,Concentration,,Glomma estuary station 2,Estuary,Water benthos,Norway,Norway,59.129,10.964,20,m,"Located near the river mouth in the inner part of the estuary. Sampled in 1990, 1994 and 1995. Coordinates estimated (3 d.p.) from Figure 1.",2002,"Transport and sedimentation of Cu in a microtidal estuary, SE Norway",Primary,NA,NA,NA,NA,NA,Transport and sedimentation of Cu in Glomma estuary,1990-05-01,1995-07-31,,Not relevant,NA,Norwegian Institute for Water Research,Sam Welch,2025-11-04,"Study of transport and sedimentation of copper in the Glomma estuary, SE Norway during a period of 90% reduction in industrial Cu input. Traps deployed at four stations for monthly periods during 1990, 1994 and 1995, with additional four stations in 1995.",mg/kg (dry),110,NA,NA,NA,NA,NA,NA
GlommaCu1990-95_3,Copper,1990-09-10,Brackish/Transitional Water,1,,137,Not Reported,NA,NA,mg/kg (dry),15,NA,,NA,,S01_PointSampling_GlommaCu19,E01_AcidDigestion_GlommaCu19,E01_AcidDigestion_GlommaCu19,A01_AtomicAbsorptio_GlommaCu19,2002HellandTransportAndSedimentation,GlommaCu1990-95_3-Copper-BrackishTran-1990-09-10-R 1,GlommaCu1990-95,Aquatic,Stressor,Concentration,,Glomma estuary station 3,Estuary,Water benthos,Norway,Norway,59.111,11.037,20,m,"Located in the Glomma estuary. Sampled in 1990, 1994 and 1995. Coordinates estimated (3 d.p.) from Figure 1.",2002,"Transport and sedimentation of Cu in a microtidal estuary, SE Norway",Primary,NA,NA,NA,NA,NA,Transport and sedimentation of Cu in Glomma estuary,1990-05-01,1995-07-31,,Not relevant,NA,Norwegian Institute for Water Research,Sam Welch,2025-11-04,"Study of transport and sedimentation of copper in the Glomma estuary, SE Norway during a period of 90% reduction in industrial Cu input. Traps deployed at four stations for monthly periods during 1990, 1994 and 1995, with additional four stations in 1995.",mg/kg (dry),137,NA,NA,NA,NA,NA,NA
GlommaCu1990-95_4,Copper,1990-09-10,Brackish/Transitional Water,1,,196,Not Reported,NA,NA,mg/kg (dry),16,NA,,NA,,S01_PointSampling_GlommaCu19,E01_AcidDigestion_GlommaCu19,E01_AcidDigestion_GlommaCu19,A01_AtomicAbsorptio_GlommaCu19,2002HellandTransportAndSedimentation,GlommaCu1990-95_4-Copper-BrackishTran-1990-09-10-R 1,GlommaCu1990-95,Aquatic,Stressor,Concentration,,Glomma estuary station 4,Estuary,Water benthos,Norway,Norway,59.111,11.167,20,m,"Located to the east of the main estuary. Sampled in 1990, 1994 and 1995. High variability in Al and TOC concentrations, may be influenced by other particle sources than river Glomma. Coordinates estimated (3 d.p.) from Figure 1.",2002,"Transport and sedimentation of Cu in a microtidal estuary, SE Norway",Primary,NA,NA,NA,NA,NA,Transport and sedimentation of Cu in Glomma estuary,1990-05-01,1995-07-31,,Not relevant,NA,Norwegian Institute for Water Research,Sam Welch,2025-11-04,"Study of transport and sedimentation of copper in the Glomma estuary, SE Norway during a period of 90% reduction in industrial Cu input. Traps deployed at four stations for monthly periods during 1990, 1994 and 1995, with additional four stations in 1995.",mg/kg (dry),196,NA,NA,NA,NA,NA,NA
GlommaCu1990-95_1,Copper,1990-10-08,Brackish/Transitional Water,1,,195,Not Reported,NA,NA,mg/kg (dry),17,NA,,NA,,S01_PointSampling_GlommaCu19,E01_AcidDigestion_GlommaCu19,E01_AcidDigestion_GlommaCu19,A01_AtomicAbsorptio_GlommaCu19,2002HellandTransportAndSedimentation,GlommaCu1990-95_1-Copper-BrackishTran-1990-10-08-R 1,GlommaCu1990-95,Aquatic,Stressor,Concentration,,Glomma estuary station 1,Estuary,Water benthos,Norway,Norway,59.052,10.974,20,m,"Located in the outer part of the Glomma estuary. Sampled in 1990, 1994 and 1995. Coordinates estimated (3 d.p.) from Figure 1.",2002,"Transport and sedimentation of Cu in a microtidal estuary, SE Norway",Primary,NA,NA,NA,NA,NA,Transport and sedimentation of Cu in Glomma estuary,1990-05-01,1995-07-31,,Not relevant,NA,Norwegian Institute for Water Research,Sam Welch,2025-11-04,"Study of transport and sedimentation of copper in the Glomma estuary, SE Norway during a period of 90% reduction in industrial Cu input. Traps deployed at four stations for monthly periods during 1990, 1994 and 1995, with additional four stations in 1995.",mg/kg (dry),195,NA,NA,NA,NA,NA,NA
GlommaCu1990-95_2,Copper,1990-10-08,Brackish/Transitional Water,1,,166,Not Reported,NA,NA,mg/kg (dry),18,NA,,NA,,S01_PointSampling_GlommaCu19,E01_AcidDigestion_GlommaCu19,E01_AcidDigestion_GlommaCu19,A01_AtomicAbsorptio_GlommaCu19,2002HellandTransportAndSedimentation,GlommaCu1990-95_2-Copper-BrackishTran-1990-10-08-R 1,GlommaCu1990-95,Aquatic,Stressor,Concentration,,Glomma estuary station 2,Estuary,Water benthos,Norway,Norway,59.129,10.964,20,m,"Located near the river mouth in the inner part of the estuary. Sampled in 1990, 1994 and 1995. Coordinates estimated (3 d.p.) from Figure 1.",2002,"Transport and sedimentation of Cu in a microtidal estuary, SE Norway",Primary,NA,NA,NA,NA,NA,Transport and sedimentation of Cu in Glomma estuary,1990-05-01,1995-07-31,,Not relevant,NA,Norwegian Institute for Water Research,Sam Welch,2025-11-04,"Study of transport and sedimentation of copper in the Glomma estuary, SE Norway during a period of 90% reduction in industrial Cu input. Traps deployed at four stations for monthly periods during 1990, 1994 and 1995, with additional four stations in 1995.",mg/kg (dry),166,NA,NA,NA,NA,NA,NA
GlommaCu1990-95_3,Copper,1990-10-08,Brackish/Transitional Water,1,,119,Not Reported,NA,NA,mg/kg (dry),19,NA,,NA,,S01_PointSampling_GlommaCu19,E01_AcidDigestion_GlommaCu19,E01_AcidDigestion_GlommaCu19,A01_AtomicAbsorptio_GlommaCu19,2002HellandTransportAndSedimentation,GlommaCu1990-95_3-Copper-BrackishTran-1990-10-08-R 1,GlommaCu1990-95,Aquatic,Stressor,Concentration,,Glomma estuary station 3,Estuary,Water benthos,Norway,Norway,59.111,11.037,20,m,"Located in the Glomma estuary. Sampled in 1990, 1994 and 1995. Coordinates estimated (3 d.p.) from Figure 1.",2002,"Transport and sedimentation of Cu in a microtidal estuary, SE Norway",Primary,NA,NA,NA,NA,NA,Transport and sedimentation of Cu in Glomma estuary,1990-05-01,1995-07-31,,Not relevant,NA,Norwegian Institute for Water Research,Sam Welch,2025-11-04,"Study of transport and sedimentation of copper in the Glomma estuary, SE Norway during a period of 90% reduction in industrial Cu input. Traps deployed at four stations for monthly periods during 1990, 1994 and 1995, with additional four stations in 1995.",mg/kg (dry),119,NA,NA,NA,NA,NA,NA
GlommaCu1990-95_4,Copper,1990-10-08,Brackish/Transitional Water,1,,279,Not Reported,NA,NA,mg/kg (dry),20,NA,,NA,,S01_PointSampling_GlommaCu19,E01_AcidDigestion_GlommaCu19,E01_AcidDigestion_GlommaCu19,A01_AtomicAbsorptio_GlommaCu19,2002HellandTransportAndSedimentation,GlommaCu1990-95_4-Copper-BrackishTran-1990-10-08-R 1,GlommaCu1990-95,Aquatic,Stressor,Concentration,,Glomma estuary station 4,Estuary,Water benthos,Norway,Norway,59.111,11.167,20,m,"Located to the east of the main estuary. Sampled in 1990, 1994 and 1995. High variability in Al and TOC concentrations, may be influenced by other particle sources than river Glomma. Coordinates estimated (3 d.p.) from Figure 1.",2002,"Transport and sedimentation of Cu in a microtidal estuary, SE Norway",Primary,NA,NA,NA,NA,NA,Transport and sedimentation of Cu in Glomma estuary,1990-05-01,1995-07-31,,Not relevant,NA,Norwegian Institute for Water Research,Sam Welch,2025-11-04,"Study of transport and sedimentation of copper in the Glomma estuary, SE Norway during a period of 90% reduction in industrial Cu input. Traps deployed at four stations for monthly periods during 1990, 1994 and 1995, with additional four stations in 1995.",mg/kg (dry),279,NA,NA,NA,NA,NA,NA
GlommaCu1990-95_1,Copper,1994-06-09,Brackish/Transitional Water,1,,83.5,Not Reported,NA,NA,mg/kg (dry),21,NA,,NA,,S01_PointSampling_GlommaCu19,E01_AcidDigestion_GlommaCu19,E01_AcidDigestion_GlommaCu19,A01_AtomicAbsorptio_GlommaCu19,2002HellandTransportAndSedimentation,GlommaCu1990-95_1-Copper-BrackishTran-1994-06-09-R 1,GlommaCu1990-95,Aquatic,Stressor,Concentration,,Glomma estuary station 1,Estuary,Water benthos,Norway,Norway,59.052,10.974,20,m,"Located in the outer part of the Glomma estuary. Sampled in 1990, 1994 and 1995. Coordinates estimated (3 d.p.) from Figure 1.",2002,"Transport and sedimentation of Cu in a microtidal estuary, SE Norway",Primary,NA,NA,NA,NA,NA,Transport and sedimentation of Cu in Glomma estuary,1990-05-01,1995-07-31,,Not relevant,NA,Norwegian Institute for Water Research,Sam Welch,2025-11-04,"Study of transport and sedimentation of copper in the Glomma estuary, SE Norway during a period of 90% reduction in industrial Cu input. Traps deployed at four stations for monthly periods during 1990, 1994 and 1995, with additional four stations in 1995.",mg/kg (dry),83.5,NA,NA,NA,NA,NA,NA
GlommaCu1990-95_2,Copper,1994-06-09,Brackish/Transitional Water,1,,430,Not Reported,NA,NA,mg/kg (dry),22,NA,,NA,,S01_PointSampling_GlommaCu19,E01_AcidDigestion_GlommaCu19,E01_AcidDigestion_GlommaCu19,A01_AtomicAbsorptio_GlommaCu19,2002HellandTransportAndSedimentation,GlommaCu1990-95_2-Copper-BrackishTran-1994-06-09-R 1,GlommaCu1990-95,Aquatic,Stressor,Concentration,,Glomma estuary station 2,Estuary,Water benthos,Norway,Norway,59.129,10.964,20,m,"Located near the river mouth in the inner part of the estuary. Sampled in 1990, 1994 and 1995. Coordinates estimated (3 d.p.) from Figure 1.",2002,"Transport and sedimentation of Cu in a microtidal estuary, SE Norway",Primary,NA,NA,NA,NA,NA,Transport and sedimentation of Cu in Glomma estuary,1990-05-01,1995-07-31,,Not relevant,NA,Norwegian Institute for Water Research,Sam Welch,2025-11-04,"Study of transport and sedimentation of copper in the Glomma estuary, SE Norway during a period of 90% reduction in industrial Cu input. Traps deployed at four stations for monthly periods during 1990, 1994 and 1995, with additional four stations in 1995.",mg/kg (dry),430,NA,NA,NA,NA,NA,NA
GlommaCu1990-95_3,Copper,1994-06-09,Brackish/Transitional Water,1,,93.5,Not Reported,NA,NA,mg/kg (dry),23,NA,,NA,,S01_PointSampling_GlommaCu19,E01_AcidDigestion_GlommaCu19,E01_AcidDigestion_GlommaCu19,A01_AtomicAbsorptio_GlommaCu19,2002HellandTransportAndSedimentation,GlommaCu1990-95_3-Copper-BrackishTran-1994-06-09-R 1,GlommaCu1990-95,Aquatic,Stressor,Concentration,,Glomma estuary station 3,Estuary,Water benthos,Norway,Norway,59.111,11.037,20,m,"Located in the Glomma estuary. Sampled in 1990, 1994 and 1995. Coordinates estimated (3 d.p.) from Figure 1.",2002,"Transport and sedimentation of Cu in a microtidal estuary, SE Norway",Primary,NA,NA,NA,NA,NA,Transport and sedimentation of Cu in Glomma estuary,1990-05-01,1995-07-31,,Not relevant,NA,Norwegian Institute for Water Research,Sam Welch,2025-11-04,"Study of transport and sedimentation of copper in the Glomma estuary, SE Norway during a period of 90% reduction in industrial Cu input. Traps deployed at four stations for monthly periods during 1990, 1994 and 1995, with additional four stations in 1995.",mg/kg (dry),93.5,NA,NA,NA,NA,NA,NA
GlommaCu1990-95_4,Copper,1994-06-09,Brackish/Transitional Water,1,,458,Not Reported,NA,NA,mg/kg (dry),24,NA,,NA,,S01_PointSampling_GlommaCu19,E01_AcidDigestion_GlommaCu19,E01_AcidDigestion_GlommaCu19,A01_AtomicAbsorptio_GlommaCu19,2002HellandTransportAndSedimentation,GlommaCu1990-95_4-Copper-BrackishTran-1994-06-09-R 1,GlommaCu1990-95,Aquatic,Stressor,Concentration,,Glomma estuary station 4,Estuary,Water benthos,Norway,Norway,59.111,11.167,20,m,"Located to the east of the main estuary. Sampled in 1990, 1994 and 1995. High variability in Al and TOC concentrations, may be influenced by other particle sources than river Glomma. Coordinates estimated (3 d.p.) from Figure 1.",2002,"Transport and sedimentation of Cu in a microtidal estuary, SE Norway",Primary,NA,NA,NA,NA,NA,Transport and sedimentation of Cu in Glomma estuary,1990-05-01,1995-07-31,,Not relevant,NA,Norwegian Institute for Water Research,Sam Welch,2025-11-04,"Study of transport and sedimentation of copper in the Glomma estuary, SE Norway during a period of 90% reduction in industrial Cu input. Traps deployed at four stations for monthly periods during 1990, 1994 and 1995, with additional four stations in 1995.",mg/kg (dry),458,NA,NA,NA,NA,NA,NA
GlommaCu1990-95_1,Copper,1994-07-06,Brackish/Transitional Water,1,,82.5,Not Reported,NA,NA,mg/kg (dry),25,NA,,NA,,S01_PointSampling_GlommaCu19,E01_AcidDigestion_GlommaCu19,E01_AcidDigestion_GlommaCu19,A01_AtomicAbsorptio_GlommaCu19,2002HellandTransportAndSedimentation,GlommaCu1990-95_1-Copper-BrackishTran-1994-07-06-R 1,GlommaCu1990-95,Aquatic,Stressor,Concentration,,Glomma estuary station 1,Estuary,Water benthos,Norway,Norway,59.052,10.974,20,m,"Located in the outer part of the Glomma estuary. Sampled in 1990, 1994 and 1995. Coordinates estimated (3 d.p.) from Figure 1.",2002,"Transport and sedimentation of Cu in a microtidal estuary, SE Norway",Primary,NA,NA,NA,NA,NA,Transport and sedimentation of Cu in Glomma estuary,1990-05-01,1995-07-31,,Not relevant,NA,Norwegian Institute for Water Research,Sam Welch,2025-11-04,"Study of transport and sedimentation of copper in the Glomma estuary, SE Norway during a period of 90% reduction in industrial Cu input. Traps deployed at four stations for monthly periods during 1990, 1994 and 1995, with additional four stations in 1995.",mg/kg (dry),82.5,NA,NA,NA,NA,NA,NA
GlommaCu1990-95_2,Copper,1994-07-06,Brackish/Transitional Water,1,,185,Not Reported,NA,NA,mg/kg (dry),26,NA,,NA,,S01_PointSampling_GlommaCu19,E01_AcidDigestion_GlommaCu19,E01_AcidDigestion_GlommaCu19,A01_AtomicAbsorptio_GlommaCu19,2002HellandTransportAndSedimentation,GlommaCu1990-95_2-Copper-BrackishTran-1994-07-06-R 1,GlommaCu1990-95,Aquatic,Stressor,Concentration,,Glomma estuary station 2,Estuary,Water benthos,Norway,Norway,59.129,10.964,20,m,"Located near the river mouth in the inner part of the estuary. Sampled in 1990, 1994 and 1995. Coordinates estimated (3 d.p.) from Figure 1.",2002,"Transport and sedimentation of Cu in a microtidal estuary, SE Norway",Primary,NA,NA,NA,NA,NA,Transport and sedimentation of Cu in Glomma estuary,1990-05-01,1995-07-31,,Not relevant,NA,Norwegian Institute for Water Research,Sam Welch,2025-11-04,"Study of transport and sedimentation of copper in the Glomma estuary, SE Norway during a period of 90% reduction in industrial Cu input. Traps deployed at four stations for monthly periods during 1990, 1994 and 1995, with additional four stations in 1995.",mg/kg (dry),185,NA,NA,NA,NA,NA,NA
GlommaCu1990-95_3,Copper,1994-07-06,Brackish/Transitional Water,1,,453,Not Reported,NA,NA,mg/kg (dry),27,NA,,NA,,S01_PointSampling_GlommaCu19,E01_AcidDigestion_GlommaCu19,E01_AcidDigestion_GlommaCu19,A01_AtomicAbsorptio_GlommaCu19,2002HellandTransportAndSedimentation,GlommaCu1990-95_3-Copper-BrackishTran-1994-07-06-R 1,GlommaCu1990-95,Aquatic,Stressor,Concentration,,Glomma estuary station 3,Estuary,Water benthos,Norway,Norway,59.111,11.037,20,m,"Located in the Glomma estuary. Sampled in 1990, 1994 and 1995. Coordinates estimated (3 d.p.) from Figure 1.",2002,"Transport and sedimentation of Cu in a microtidal estuary, SE Norway",Primary,NA,NA,NA,NA,NA,Transport and sedimentation of Cu in Glomma estuary,1990-05-01,1995-07-31,,Not relevant,NA,Norwegian Institute for Water Research,Sam Welch,2025-11-04,"Study of transport and sedimentation of copper in the Glomma estuary, SE Norway during a period of 90% reduction in industrial Cu input. Traps deployed at four stations for monthly periods during 1990, 1994 and 1995, with additional four stations in 1995.",mg/kg (dry),453,NA,NA,NA,NA,NA,NA
GlommaCu1990-95_4,Copper,1994-07-06,Brackish/Transitional Water,1,,75,Not Reported,NA,NA,mg/kg (dry),28,NA,,NA,,S01_PointSampling_GlommaCu19,E01_AcidDigestion_GlommaCu19,E01_AcidDigestion_GlommaCu19,A01_AtomicAbsorptio_GlommaCu19,2002HellandTransportAndSedimentation,GlommaCu1990-95_4-Copper-BrackishTran-1994-07-06-R 1,GlommaCu1990-95,Aquatic,Stressor,Concentration,,Glomma estuary station 4,Estuary,Water benthos,Norway,Norway,59.111,11.167,20,m,"Located to the east of the main estuary. Sampled in 1990, 1994 and 1995. High variability in Al and TOC concentrations, may be influenced by other particle sources than river Glomma. Coordinates estimated (3 d.p.) from Figure 1.",2002,"Transport and sedimentation of Cu in a microtidal estuary, SE Norway",Primary,NA,NA,NA,NA,NA,Transport and sedimentation of Cu in Glomma estuary,1990-05-01,1995-07-31,,Not relevant,NA,Norwegian Institute for Water Research,Sam Welch,2025-11-04,"Study of transport and sedimentation of copper in the Glomma estuary, SE Norway during a period of 90% reduction in industrial Cu input. Traps deployed at four stations for monthly periods during 1990, 1994 and 1995, with additional four stations in 1995.",mg/kg (dry),75,NA,NA,NA,NA,NA,NA
GlommaCu1990-95_1,Copper,1994-08-04,Brackish/Transitional Water,1,,533,Not Reported,NA,NA,mg/kg (dry),29,NA,,NA,,S01_PointSampling_GlommaCu19,E01_AcidDigestion_GlommaCu19,E01_AcidDigestion_GlommaCu19,A01_AtomicAbsorptio_GlommaCu19,2002HellandTransportAndSedimentation,GlommaCu1990-95_1-Copper-BrackishTran-1994-08-04-R 1,GlommaCu1990-95,Aquatic,Stressor,Concentration,,Glomma estuary station 1,Estuary,Water benthos,Norway,Norway,59.052,10.974,20,m,"Located in the outer part of the Glomma estuary. Sampled in 1990, 1994 and 1995. Coordinates estimated (3 d.p.) from Figure 1.",2002,"Transport and sedimentation of Cu in a microtidal estuary, SE Norway",Primary,NA,NA,NA,NA,NA,Transport and sedimentation of Cu in Glomma estuary,1990-05-01,1995-07-31,,Not relevant,NA,Norwegian Institute for Water Research,Sam Welch,2025-11-04,"Study of transport and sedimentation of copper in the Glomma estuary, SE Norway during a period of 90% reduction in industrial Cu input. Traps deployed at four stations for monthly periods during 1990, 1994 and 1995, with additional four stations in 1995.",mg/kg (dry),533,NA,NA,NA,NA,NA,NA
GlommaCu1990-95_2,Copper,1994-08-04,Brackish/Transitional Water,1,,96.5,Not Reported,NA,NA,mg/kg (dry),30,NA,,NA,,S01_PointSampling_GlommaCu19,E01_AcidDigestion_GlommaCu19,E01_AcidDigestion_GlommaCu19,A01_AtomicAbsorptio_GlommaCu19,2002HellandTransportAndSedimentation,GlommaCu1990-95_2-Copper-BrackishTran-1994-08-04-R 1,GlommaCu1990-95,Aquatic,Stressor,Concentration,,Glomma estuary station 2,Estuary,Water benthos,Norway,Norway,59.129,10.964,20,m,"Located near the river mouth in the inner part of the estuary. Sampled in 1990, 1994 and 1995. Coordinates estimated (3 d.p.) from Figure 1.",2002,"Transport and sedimentation of Cu in a microtidal estuary, SE Norway",Primary,NA,NA,NA,NA,NA,Transport and sedimentation of Cu in Glomma estuary,1990-05-01,1995-07-31,,Not relevant,NA,Norwegian Institute for Water Research,Sam Welch,2025-11-04,"Study of transport and sedimentation of copper in the Glomma estuary, SE Norway during a period of 90% reduction in industrial Cu input. Traps deployed at four stations for monthly periods during 1990, 1994 and 1995, with additional four stations in 1995.",mg/kg (dry),96.5,NA,NA,NA,NA,NA,NA
GlommaCu1990-95_3,Copper,1994-08-04,Brackish/Transitional Water,1,,137,Not Reported,NA,NA,mg/kg (dry),31,NA,,NA,,S01_PointSampling_GlommaCu19,E01_AcidDigestion_GlommaCu19,E01_AcidDigestion_GlommaCu19,A01_AtomicAbsorptio_GlommaCu19,2002HellandTransportAndSedimentation,GlommaCu1990-95_3-Copper-BrackishTran-1994-08-04-R 1,GlommaCu1990-95,Aquatic,Stressor,Concentration,,Glomma estuary station 3,Estuary,Water benthos,Norway,Norway,59.111,11.037,20,m,"Located in the Glomma estuary. Sampled in 1990, 1994 and 1995. Coordinates estimated (3 d.p.) from Figure 1.",2002,"Transport and sedimentation of Cu in a microtidal estuary, SE Norway",Primary,NA,NA,NA,NA,NA,Transport and sedimentation of Cu in Glomma estuary,1990-05-01,1995-07-31,,Not relevant,NA,Norwegian Institute for Water Research,Sam Welch,2025-11-04,"Study of transport and sedimentation of copper in the Glomma estuary, SE Norway during a period of 90% reduction in industrial Cu input. Traps deployed at four stations for monthly periods during 1990, 1994 and 1995, with additional four stations in 1995.",mg/kg (dry),137,NA,NA,NA,NA,NA,NA
GlommaCu1990-95_4,Copper,1994-08-04,Brackish/Transitional Water,1,,159,Not Reported,NA,NA,mg/kg (dry),32,NA,,NA,,S01_PointSampling_GlommaCu19,E01_AcidDigestion_GlommaCu19,E01_AcidDigestion_GlommaCu19,A01_AtomicAbsorptio_GlommaCu19,2002HellandTransportAndSedimentation,GlommaCu1990-95_4-Copper-BrackishTran-1994-08-04-R 1,GlommaCu1990-95,Aquatic,Stressor,Concentration,,Glomma estuary station 4,Estuary,Water benthos,Norway,Norway,59.111,11.167,20,m,"Located to the east of the main estuary. Sampled in 1990, 1994 and 1995. High variability in Al and TOC concentrations, may be influenced by other particle sources than river Glomma. Coordinates estimated (3 d.p.) from Figure 1.",2002,"Transport and sedimentation of Cu in a microtidal estuary, SE Norway",Primary,NA,NA,NA,NA,NA,Transport and sedimentation of Cu in Glomma estuary,1990-05-01,1995-07-31,,Not relevant,NA,Norwegian Institute for Water Research,Sam Welch,2025-11-04,"Study of transport and sedimentation of copper in the Glomma estuary, SE Norway during a period of 90% reduction in industrial Cu input. Traps deployed at four stations for monthly periods during 1990, 1994 and 1995, with additional four stations in 1995.",mg/kg (dry),159,NA,NA,NA,NA,NA,NA
GlommaCu1990-95_1,Copper,1994-09-05,Brackish/Transitional Water,1,,196,Not Reported,NA,NA,mg/kg (dry),33,NA,,NA,,S01_PointSampling_GlommaCu19,E01_AcidDigestion_GlommaCu19,E01_AcidDigestion_GlommaCu19,A01_AtomicAbsorptio_GlommaCu19,2002HellandTransportAndSedimentation,GlommaCu1990-95_1-Copper-BrackishTran-1994-09-05-R 1,GlommaCu1990-95,Aquatic,Stressor,Concentration,,Glomma estuary station 1,Estuary,Water benthos,Norway,Norway,59.052,10.974,20,m,"Located in the outer part of the Glomma estuary. Sampled in 1990, 1994 and 1995. Coordinates estimated (3 d.p.) from Figure 1.",2002,"Transport and sedimentation of Cu in a microtidal estuary, SE Norway",Primary,NA,NA,NA,NA,NA,Transport and sedimentation of Cu in Glomma estuary,1990-05-01,1995-07-31,,Not relevant,NA,Norwegian Institute for Water Research,Sam Welch,2025-11-04,"Study of transport and sedimentation of copper in the Glomma estuary, SE Norway during a period of 90% reduction in industrial Cu input. Traps deployed at four stations for monthly periods during 1990, 1994 and 1995, with additional four stations in 1995.",mg/kg (dry),196,NA,NA,NA,NA,NA,NA
GlommaCu1990-95_2,Copper,1994-09-05,Brackish/Transitional Water,1,,91.5,Not Reported,NA,NA,mg/kg (dry),34,NA,,NA,,S01_PointSampling_GlommaCu19,E01_AcidDigestion_GlommaCu19,E01_AcidDigestion_GlommaCu19,A01_AtomicAbsorptio_GlommaCu19,2002HellandTransportAndSedimentation,GlommaCu1990-95_2-Copper-BrackishTran-1994-09-05-R 1,GlommaCu1990-95,Aquatic,Stressor,Concentration,,Glomma estuary station 2,Estuary,Water benthos,Norway,Norway,59.129,10.964,20,m,"Located near the river mouth in the inner part of the estuary. Sampled in 1990, 1994 and 1995. Coordinates estimated (3 d.p.) from Figure 1.",2002,"Transport and sedimentation of Cu in a microtidal estuary, SE Norway",Primary,NA,NA,NA,NA,NA,Transport and sedimentation of Cu in Glomma estuary,1990-05-01,1995-07-31,,Not relevant,NA,Norwegian Institute for Water Research,Sam Welch,2025-11-04,"Study of transport and sedimentation of copper in the Glomma estuary, SE Norway during a period of 90% reduction in industrial Cu input. Traps deployed at four stations for monthly periods during 1990, 1994 and 1995, with additional four stations in 1995.",mg/kg (dry),91.5,NA,NA,NA,NA,NA,NA
GlommaCu1990-95_3,Copper,1994-09-05,Brackish/Transitional Water,1,,113,Not Reported,NA,NA,mg/kg (dry),35,NA,,NA,,S01_PointSampling_GlommaCu19,E01_AcidDigestion_GlommaCu19,E01_AcidDigestion_GlommaCu19,A01_AtomicAbsorptio_GlommaCu19,2002HellandTransportAndSedimentation,GlommaCu1990-95_3-Copper-BrackishTran-1994-09-05-R 1,GlommaCu1990-95,Aquatic,Stressor,Concentration,,Glomma estuary station 3,Estuary,Water benthos,Norway,Norway,59.111,11.037,20,m,"Located in the Glomma estuary. Sampled in 1990, 1994 and 1995. Coordinates estimated (3 d.p.) from Figure 1.",2002,"Transport and sedimentation of Cu in a microtidal estuary, SE Norway",Primary,NA,NA,NA,NA,NA,Transport and sedimentation of Cu in Glomma estuary,1990-05-01,1995-07-31,,Not relevant,NA,Norwegian Institute for Water Research,Sam Welch,2025-11-04,"Study of transport and sedimentation of copper in the Glomma estuary, SE Norway during a period of 90% reduction in industrial Cu input. Traps deployed at four stations for monthly periods during 1990, 1994 and 1995, with additional four stations in 1995.",mg/kg (dry),113,NA,NA,NA,NA,NA,NA
GlommaCu1990-95_4,Copper,1994-09-05,Brackish/Transitional Water,1,,92.5,Not Reported,NA,NA,mg/kg (dry),36,NA,,NA,,S01_PointSampling_GlommaCu19,E01_AcidDigestion_GlommaCu19,E01_AcidDigestion_GlommaCu19,A01_AtomicAbsorptio_GlommaCu19,2002HellandTransportAndSedimentation,GlommaCu1990-95_4-Copper-BrackishTran-1994-09-05-R 1,GlommaCu1990-95,Aquatic,Stressor,Concentration,,Glomma estuary station 4,Estuary,Water benthos,Norway,Norway,59.111,11.167,20,m,"Located to the east of the main estuary. Sampled in 1990, 1994 and 1995. High variability in Al and TOC concentrations, may be influenced by other particle sources than river Glomma. Coordinates estimated (3 d.p.) from Figure 1.",2002,"Transport and sedimentation of Cu in a microtidal estuary, SE Norway",Primary,NA,NA,NA,NA,NA,Transport and sedimentation of Cu in Glomma estuary,1990-05-01,1995-07-31,,Not relevant,NA,Norwegian Institute for Water Research,Sam Welch,2025-11-04,"Study of transport and sedimentation of copper in the Glomma estuary, SE Norway during a period of 90% reduction in industrial Cu input. Traps deployed at four stations for monthly periods during 1990, 1994 and 1995, with additional four stations in 1995.",mg/kg (dry),92.5,NA,NA,NA,NA,NA,NA
GlommaCu1990-95_1,Copper,1994-10-11,Brackish/Transitional Water,1,,161,Not Reported,NA,NA,mg/kg (dry),37,NA,,NA,,S01_PointSampling_GlommaCu19,E01_AcidDigestion_GlommaCu19,E01_AcidDigestion_GlommaCu19,A01_AtomicAbsorptio_GlommaCu19,2002HellandTransportAndSedimentation,GlommaCu1990-95_1-Copper-BrackishTran-1994-10-11-R 1,GlommaCu1990-95,Aquatic,Stressor,Concentration,,Glomma estuary station 1,Estuary,Water benthos,Norway,Norway,59.052,10.974,20,m,"Located in the outer part of the Glomma estuary. Sampled in 1990, 1994 and 1995. Coordinates estimated (3 d.p.) from Figure 1.",2002,"Transport and sedimentation of Cu in a microtidal estuary, SE Norway",Primary,NA,NA,NA,NA,NA,Transport and sedimentation of Cu in Glomma estuary,1990-05-01,1995-07-31,,Not relevant,NA,Norwegian Institute for Water Research,Sam Welch,2025-11-04,"Study of transport and sedimentation of copper in the Glomma estuary, SE Norway during a period of 90% reduction in industrial Cu input. Traps deployed at four stations for monthly periods during 1990, 1994 and 1995, with additional four stations in 1995.",mg/kg (dry),161,NA,NA,NA,NA,NA,NA
GlommaCu1990-95_2,Copper,1994-10-11,Brackish/Transitional Water,1,,89,Not Reported,NA,NA,mg/kg (dry),38,NA,,NA,,S01_PointSampling_GlommaCu19,E01_AcidDigestion_GlommaCu19,E01_AcidDigestion_GlommaCu19,A01_AtomicAbsorptio_GlommaCu19,2002HellandTransportAndSedimentation,GlommaCu1990-95_2-Copper-BrackishTran-1994-10-11-R 1,GlommaCu1990-95,Aquatic,Stressor,Concentration,,Glomma estuary station 2,Estuary,Water benthos,Norway,Norway,59.129,10.964,20,m,"Located near the river mouth in the inner part of the estuary. Sampled in 1990, 1994 and 1995. Coordinates estimated (3 d.p.) from Figure 1.",2002,"Transport and sedimentation of Cu in a microtidal estuary, SE Norway",Primary,NA,NA,NA,NA,NA,Transport and sedimentation of Cu in Glomma estuary,1990-05-01,1995-07-31,,Not relevant,NA,Norwegian Institute for Water Research,Sam Welch,2025-11-04,"Study of transport and sedimentation of copper in the Glomma estuary, SE Norway during a period of 90% reduction in industrial Cu input. Traps deployed at four stations for monthly periods during 1990, 1994 and 1995, with additional four stations in 1995.",mg/kg (dry),89,NA,NA,NA,NA,NA,NA
GlommaCu1990-95_3,Copper,1994-10-11,Brackish/Transitional Water,1,,93.5,Not Reported,NA,NA,mg/kg (dry),39,NA,,NA,,S01_PointSampling_GlommaCu19,E01_AcidDigestion_GlommaCu19,E01_AcidDigestion_GlommaCu19,A01_AtomicAbsorptio_GlommaCu19,2002HellandTransportAndSedimentation,GlommaCu1990-95_3-Copper-BrackishTran-1994-10-11-R 1,GlommaCu1990-95,Aquatic,Stressor,Concentration,,Glomma estuary station 3,Estuary,Water benthos,Norway,Norway,59.111,11.037,20,m,"Located in the Glomma estuary. Sampled in 1990, 1994 and 1995. Coordinates estimated (3 d.p.) from Figure 1.",2002,"Transport and sedimentation of Cu in a microtidal estuary, SE Norway",Primary,NA,NA,NA,NA,NA,Transport and sedimentation of Cu in Glomma estuary,1990-05-01,1995-07-31,,Not relevant,NA,Norwegian Institute for Water Research,Sam Welch,2025-11-04,"Study of transport and sedimentation of copper in the Glomma estuary, SE Norway during a period of 90% reduction in industrial Cu input. Traps deployed at four stations for monthly periods during 1990, 1994 and 1995, with additional four stations in 1995.",mg/kg (dry),93.5,NA,NA,NA,NA,NA,NA
GlommaCu1990-95_4,Copper,1994-10-11,Brackish/Transitional Water,1,,82.5,Not Reported,NA,NA,mg/kg (dry),40,NA,,NA,,S01_PointSampling_GlommaCu19,E01_AcidDigestion_GlommaCu19,E01_AcidDigestion_GlommaCu19,A01_AtomicAbsorptio_GlommaCu19,2002HellandTransportAndSedimentation,GlommaCu1990-95_4-Copper-BrackishTran-1994-10-11-R 1,GlommaCu1990-95,Aquatic,Stressor,Concentration,,Glomma estuary station 4,Estuary,Water benthos,Norway,Norway,59.111,11.167,20,m,"Located to the east of the main estuary. Sampled in 1990, 1994 and 1995. High variability in Al and TOC concentrations, may be influenced by other particle sources than river Glomma. Coordinates estimated (3 d.p.) from Figure 1.",2002,"Transport and sedimentation of Cu in a microtidal estuary, SE Norway",Primary,NA,NA,NA,NA,NA,Transport and sedimentation of Cu in Glomma estuary,1990-05-01,1995-07-31,,Not relevant,NA,Norwegian Institute for Water Research,Sam Welch,2025-11-04,"Study of transport and sedimentation of copper in the Glomma estuary, SE Norway during a period of 90% reduction in industrial Cu input. Traps deployed at four stations for monthly periods during 1990, 1994 and 1995, with additional four stations in 1995.",mg/kg (dry),82.5,NA,NA,NA,NA,NA,NA
GlommaCu1990-95_1,Copper,1995-08-07,Brackish/Transitional Water,1,,36.8,Not Reported,NA,NA,mg/kg (dry),41,NA,,NA,,S01_PointSampling_GlommaCu19,E01_AcidDigestion_GlommaCu19,E01_AcidDigestion_GlommaCu19,A01_AtomicAbsorptio_GlommaCu19,2002HellandTransportAndSedimentation,GlommaCu1990-95_1-Copper-BrackishTran-1995-08-07-R 1,GlommaCu1990-95,Aquatic,Stressor,Concentration,,Glomma estuary station 1,Estuary,Water benthos,Norway,Norway,59.052,10.974,20,m,"Located in the outer part of the Glomma estuary. Sampled in 1990, 1994 and 1995. Coordinates estimated (3 d.p.) from Figure 1.",2002,"Transport and sedimentation of Cu in a microtidal estuary, SE Norway",Primary,NA,NA,NA,NA,NA,Transport and sedimentation of Cu in Glomma estuary,1990-05-01,1995-07-31,,Not relevant,NA,Norwegian Institute for Water Research,Sam Welch,2025-11-04,"Study of transport and sedimentation of copper in the Glomma estuary, SE Norway during a period of 90% reduction in industrial Cu input. Traps deployed at four stations for monthly periods during 1990, 1994 and 1995, with additional four stations in 1995.",mg/kg (dry),36.8,NA,NA,NA,NA,NA,NA
GlommaCu1990-95_2,Copper,1995-08-07,Brackish/Transitional Water,1,,32,Not Reported,NA,NA,mg/kg (dry),42,NA,,NA,,S01_PointSampling_GlommaCu19,E01_AcidDigestion_GlommaCu19,E01_AcidDigestion_GlommaCu19,A01_AtomicAbsorptio_GlommaCu19,2002HellandTransportAndSedimentation,GlommaCu1990-95_2-Copper-BrackishTran-1995-08-07-R 1,GlommaCu1990-95,Aquatic,Stressor,Concentration,,Glomma estuary station 2,Estuary,Water benthos,Norway,Norway,59.129,10.964,20,m,"Located near the river mouth in the inner part of the estuary. Sampled in 1990, 1994 and 1995. Coordinates estimated (3 d.p.) from Figure 1.",2002,"Transport and sedimentation of Cu in a microtidal estuary, SE Norway",Primary,NA,NA,NA,NA,NA,Transport and sedimentation of Cu in Glomma estuary,1990-05-01,1995-07-31,,Not relevant,NA,Norwegian Institute for Water Research,Sam Welch,2025-11-04,"Study of transport and sedimentation of copper in the Glomma estuary, SE Norway during a period of 90% reduction in industrial Cu input. Traps deployed at four stations for monthly periods during 1990, 1994 and 1995, with additional four stations in 1995.",mg/kg (dry),32,NA,NA,NA,NA,NA,NA
GlommaCu1990-95_3,Copper,1995-08-07,Brackish/Transitional Water,1,,32.8,Not Reported,NA,NA,mg/kg (dry),43,NA,,NA,,S01_PointSampling_GlommaCu19,E01_AcidDigestion_GlommaCu19,E01_AcidDigestion_GlommaCu19,A01_AtomicAbsorptio_GlommaCu19,2002HellandTransportAndSedimentation,GlommaCu1990-95_3-Copper-BrackishTran-1995-08-07-R 1,GlommaCu1990-95,Aquatic,Stressor,Concentration,,Glomma estuary station 3,Estuary,Water benthos,Norway,Norway,59.111,11.037,20,m,"Located in the Glomma estuary. Sampled in 1990, 1994 and 1995. Coordinates estimated (3 d.p.) from Figure 1.",2002,"Transport and sedimentation of Cu in a microtidal estuary, SE Norway",Primary,NA,NA,NA,NA,NA,Transport and sedimentation of Cu in Glomma estuary,1990-05-01,1995-07-31,,Not relevant,NA,Norwegian Institute for Water Research,Sam Welch,2025-11-04,"Study of transport and sedimentation of copper in the Glomma estuary, SE Norway during a period of 90% reduction in industrial Cu input. Traps deployed at four stations for monthly periods during 1990, 1994 and 1995, with additional four stations in 1995.",mg/kg (dry),32.8,NA,NA,NA,NA,NA,NA
GlommaCu1990-95_4,Copper,1995-08-07,Brackish/Transitional Water,1,,42.4,Not Reported,NA,NA,mg/kg (dry),44,NA,,NA,,S01_PointSampling_GlommaCu19,E01_AcidDigestion_GlommaCu19,E01_AcidDigestion_GlommaCu19,A01_AtomicAbsorptio_GlommaCu19,2002HellandTransportAndSedimentation,GlommaCu1990-95_4-Copper-BrackishTran-1995-08-07-R 1,GlommaCu1990-95,Aquatic,Stressor,Concentration,,Glomma estuary station 4,Estuary,Water benthos,Norway,Norway,59.111,11.167,20,m,"Located to the east of the main estuary. Sampled in 1990, 1994 and 1995. High variability in Al and TOC concentrations, may be influenced by other particle sources than river Glomma. Coordinates estimated (3 d.p.) from Figure 1.",2002,"Transport and sedimentation of Cu in a microtidal estuary, SE Norway",Primary,NA,NA,NA,NA,NA,Transport and sedimentation of Cu in Glomma estuary,1990-05-01,1995-07-31,,Not relevant,NA,Norwegian Institute for Water Research,Sam Welch,2025-11-04,"Study of transport and sedimentation of copper in the Glomma estuary, SE Norway during a period of 90% reduction in industrial Cu input. Traps deployed at four stations for monthly periods during 1990, 1994 and 1995, with additional four stations in 1995.",mg/kg (dry),42.4,NA,NA,NA,NA,NA,NA
GlommaCu1990-95_5,Copper,1995-08-07,Brackish/Transitional Water,1,,34,Not Reported,NA,NA,mg/kg (dry),45,NA,,NA,,S01_PointSampling_GlommaCu19,E01_AcidDigestion_GlommaCu19,E01_AcidDigestion_GlommaCu19,A01_AtomicAbsorptio_GlommaCu19,2002HellandTransportAndSedimentation,GlommaCu1990-95_5-Copper-BrackishTran-1995-08-07-R 1,GlommaCu1990-95,Aquatic,Stressor,Concentration,,Oslofjord station 5,"Ocean, sea, territorial waters",Water benthos,Norway,Norway,59.147,10.856,20,m,Located in the Oslofjord outside the estuary. Sampled only in 1995. Coordinates estimated (3 d.p.) from Figure 1.,2002,"Transport and sedimentation of Cu in a microtidal estuary, SE Norway",Primary,NA,NA,NA,NA,NA,Transport and sedimentation of Cu in Glomma estuary,1990-05-01,1995-07-31,,Not relevant,NA,Norwegian Institute for Water Research,Sam Welch,2025-11-04,"Study of transport and sedimentation of copper in the Glomma estuary, SE Norway during a period of 90% reduction in industrial Cu input. Traps deployed at four stations for monthly periods during 1990, 1994 and 1995, with additional four stations in 1995.",mg/kg (dry),34,NA,NA,NA,NA,NA,NA
GlommaCu1990-95_6,Copper,1995-08-07,Brackish/Transitional Water,1,,48,Not Reported,NA,NA,mg/kg (dry),46,NA,,NA,,S01_PointSampling_GlommaCu19,E01_AcidDigestion_GlommaCu19,E01_AcidDigestion_GlommaCu19,A01_AtomicAbsorptio_GlommaCu19,2002HellandTransportAndSedimentation,GlommaCu1990-95_6-Copper-BrackishTran-1995-08-07-R 1,GlommaCu1990-95,Aquatic,Stressor,Concentration,,Oslofjord station 6,"Ocean, sea, territorial waters",Water benthos,Norway,Norway,59.006,10.908,20,m,Located in the Oslofjord outside the estuary. Sampled only in 1995. Coordinates estimated (3 d.p.) from Figure 1.,2002,"Transport and sedimentation of Cu in a microtidal estuary, SE Norway",Primary,NA,NA,NA,NA,NA,Transport and sedimentation of Cu in Glomma estuary,1990-05-01,1995-07-31,,Not relevant,NA,Norwegian Institute for Water Research,Sam Welch,2025-11-04,"Study of transport and sedimentation of copper in the Glomma estuary, SE Norway during a period of 90% reduction in industrial Cu input. Traps deployed at four stations for monthly periods during 1990, 1994 and 1995, with additional four stations in 1995.",mg/kg (dry),48,NA,NA,NA,NA,NA,NA
GlommaCu1990-95_7,Copper,1995-08-07,Brackish/Transitional Water,1,,180,Not Reported,NA,NA,mg/kg (dry),47,NA,,NA,,S01_PointSampling_GlommaCu19,E01_AcidDigestion_GlommaCu19,E01_AcidDigestion_GlommaCu19,A01_AtomicAbsorptio_GlommaCu19,2002HellandTransportAndSedimentation,GlommaCu1990-95_7-Copper-BrackishTran-1995-08-07-R 1,GlommaCu1990-95,Aquatic,Stressor,Concentration,,Oslofjord station 7,"Ocean, sea, territorial waters",Water benthos,Norway,Norway,59.001,10.8,20,m,Located in the Oslofjord outside the estuary. Sampled only in 1995. Coordinates estimated (3 d.p.) from Figure 1.,2002,"Transport and sedimentation of Cu in a microtidal estuary, SE Norway",Primary,NA,NA,NA,NA,NA,Transport and sedimentation of Cu in Glomma estuary,1990-05-01,1995-07-31,,Not relevant,NA,Norwegian Institute for Water Research,Sam Welch,2025-11-04,"Study of transport and sedimentation of copper in the Glomma estuary, SE Norway during a period of 90% reduction in industrial Cu input. Traps deployed at four stations for monthly periods during 1990, 1994 and 1995, with additional four stations in 1995.",mg/kg (dry),180,NA,NA,NA,NA,NA,NA
GlommaCu1990-95_8,Copper,1995-08-07,Brackish/Transitional Water,1,,48,Not Reported,NA,NA,mg/kg (dry),48,NA,,NA,,S01_PointSampling_GlommaCu19,E01_AcidDigestion_GlommaCu19,E01_AcidDigestion_GlommaCu19,A01_AtomicAbsorptio_GlommaCu19,2002HellandTransportAndSedimentation,GlommaCu1990-95_8-Copper-BrackishTran-1995-08-07-R 1,GlommaCu1990-95,Aquatic,Stressor,Concentration,,Oslofjord station 8,"Ocean, sea, territorial waters",Water benthos,Norway,Norway,58.994,10.974,20,m,Located in the Oslofjord outside the estuary. Sampled only in 1995. Coordinates estimated (3 d.p.) from Figure 1.,2002,"Transport and sedimentation of Cu in a microtidal estuary, SE Norway",Primary,NA,NA,NA,NA,NA,Transport and sedimentation of Cu in Glomma estuary,1990-05-01,1995-07-31,,Not relevant,NA,Norwegian Institute for Water Research,Sam Welch,2025-11-04,"Study of transport and sedimentation of copper in the Glomma estuary, SE Norway during a period of 90% reduction in industrial Cu input. Traps deployed at four stations for monthly periods during 1990, 1994 and 1995, with additional four stations in 1995.",mg/kg (dry),48,NA,NA,NA,NA,NA,NA
BarentsSea1994_Site1,Copper,1994-07-01,"Biota, Aquatic",Arenicola marina,,6.8,95% Confidence Interval,8.6,5,mg/kg (dry),10,NA,mg/L,NA,mg/L,,,,,2003ZaukeHeavyMetalsOf,BarentsSea1994_Site1-Copper-BiotaAquatic-1994-07-01-RArenicola marina,BarentsSea1994,Biota,Stressor,Concentration,NA,Dalniye Zelentsy site 1,"Coastal, fjord",Water benthos,Russia,Barents Sea,69.117,36.083,0,m,Approximate locations converted from degree minutes.,2003,Heavy metals of inshore Benthic invertebrates from the Barents Sea,Primary,Worms,Arenicola marina,Total Soft Tissues,Adult,Not reported,Heavy metals in inshore benthic invertebrates from the Barents Sea - summer 1994,1994-07-01,1994-07-31,NA,Not relevant,NA,Carl von Ossietzky Universitat Oldenburg,Sam Welch,2025-10-30,"Assessment of Cu, Cd, Ni, Pb and Zn in marine inshore benthic invertebrates collected in summer 1994 from three localities at the Barents Sea.",mg/kg (dry),6.8,8.6,5,mg/L,NA,mg/L,NA
BarentsSea1994_Site2,Copper,1994-07-01,"Biota, Aquatic",Arenicola marina,,NA,95% Confidence Interval,NA,NA,mg/kg (dry),0,NA,mg/L,NA,mg/L,,,,,2003ZaukeHeavyMetalsOf,BarentsSea1994_Site2-Copper-BiotaAquatic-1994-07-01-RArenicola marina,BarentsSea1994,Biota,Stressor,Concentration,NA,Dalniye Zelentsy site 2,"Coastal, fjord",Water benthos,Russia,Barents Sea,69.117,36.083,0,m,Approximate locations converted from degree minutes.,2003,Heavy metals of inshore Benthic invertebrates from the Barents Sea,Primary,Worms,Arenicola marina,Total Soft Tissues,Adult,Not reported,Heavy metals in inshore benthic invertebrates from the Barents Sea - summer 1994,1994-07-01,1994-07-31,NA,Not relevant,NA,Carl von Ossietzky Universitat Oldenburg,Sam Welch,2025-10-30,"Assessment of Cu, Cd, Ni, Pb and Zn in marine inshore benthic invertebrates collected in summer 1994 from three localities at the Barents Sea.",mg/kg (dry),NA,NA,NA,mg/L,NA,mg/L,NA
BarentsSea1994_Site3,Copper,1994-07-01,"Biota, Aquatic",Arenicola marina,,NA,95% Confidence Interval,NA,NA,mg/kg (dry),0,NA,mg/L,NA,mg/L,,,,,2003ZaukeHeavyMetalsOf,BarentsSea1994_Site3-Copper-BiotaAquatic-1994-07-01-RArenicola marina,BarentsSea1994,Biota,Stressor,Concentration,NA,Hornoya,"Coastal, fjord",Water benthos,Norway,Barents Sea,70.333,31.167,0,m,Approximate locations converted from degree minutes.,2003,Heavy metals of inshore Benthic invertebrates from the Barents Sea,Primary,Worms,Arenicola marina,Total Soft Tissues,Adult,Not reported,Heavy metals in inshore benthic invertebrates from the Barents Sea - summer 1994,1994-07-01,1994-07-31,NA,Not relevant,NA,Carl von Ossietzky Universitat Oldenburg,Sam Welch,2025-10-30,"Assessment of Cu, Cd, Ni, Pb and Zn in marine inshore benthic invertebrates collected in summer 1994 from three localities at the Barents Sea.",mg/kg (dry),NA,NA,NA,mg/L,NA,mg/L,NA
BarentsSea1994_Site1,Copper,1994-07-01,"Biota, Aquatic",Gammarus oceanicus,,14,95% Confidence Interval,16,12,mg/kg (dry),57,NA,mg/L,NA,mg/L,,,,,2003ZaukeHeavyMetalsOf,BarentsSea1994_Site1-Copper-BiotaAquatic-1994-07-01-RGammarus oceanicus,BarentsSea1994,Biota,Stressor,Concentration,NA,Dalniye Zelentsy site 1,"Coastal, fjord",Water benthos,Russia,Barents Sea,69.117,36.083,0,m,Approximate locations converted from degree minutes.,2003,Heavy metals of inshore Benthic invertebrates from the Barents Sea,Primary,Crustaceans,Gammarus oceanicus,Whole body,Adult,Not reported,Heavy metals in inshore benthic invertebrates from the Barents Sea - summer 1994,1994-07-01,1994-07-31,NA,Not relevant,NA,Carl von Ossietzky Universitat Oldenburg,Sam Welch,2025-10-30,"Assessment of Cu, Cd, Ni, Pb and Zn in marine inshore benthic invertebrates collected in summer 1994 from three localities at the Barents Sea.",mg/kg (dry),14,16,12,mg/L,NA,mg/L,NA
BarentsSea1994_Site2,Copper,1994-07-01,"Biota, Aquatic",Gammarus oceanicus,,20,95% Confidence Interval,22,18,mg/kg (dry),55,NA,mg/L,NA,mg/L,,,,,2003ZaukeHeavyMetalsOf,BarentsSea1994_Site2-Copper-BiotaAquatic-1994-07-01-RGammarus oceanicus,BarentsSea1994,Biota,Stressor,Concentration,NA,Dalniye Zelentsy site 2,"Coastal, fjord",Water benthos,Russia,Barents Sea,69.117,36.083,0,m,Approximate locations converted from degree minutes.,2003,Heavy metals of inshore Benthic invertebrates from the Barents Sea,Primary,Crustaceans,Gammarus oceanicus,Whole body,Adult,Not reported,Heavy metals in inshore benthic invertebrates from the Barents Sea - summer 1994,1994-07-01,1994-07-31,NA,Not relevant,NA,Carl von Ossietzky Universitat Oldenburg,Sam Welch,2025-10-30,"Assessment of Cu, Cd, Ni, Pb and Zn in marine inshore benthic invertebrates collected in summer 1994 from three localities at the Barents Sea.",mg/kg (dry),20,22,18,mg/L,NA,mg/L,NA
BarentsSea1994_Site3,Copper,1994-07-01,"Biota, Aquatic",Gammarus oceanicus,,28,95% Confidence Interval,25,31,mg/kg (dry),20,NA,mg/L,NA,mg/L,,,,,2003ZaukeHeavyMetalsOf,BarentsSea1994_Site3-Copper-BiotaAquatic-1994-07-01-RGammarus oceanicus,BarentsSea1994,Biota,Stressor,Concentration,NA,Hornoya,"Coastal, fjord",Water benthos,Norway,Barents Sea,70.333,31.167,0,m,Approximate locations converted from degree minutes.,2003,Heavy metals of inshore Benthic invertebrates from the Barents Sea,Primary,Crustaceans,Gammarus oceanicus,Whole body,Adult,Not reported,Heavy metals in inshore benthic invertebrates from the Barents Sea - summer 1994,1994-07-01,1994-07-31,NA,Not relevant,NA,Carl von Ossietzky Universitat Oldenburg,Sam Welch,2025-10-30,"Assessment of Cu, Cd, Ni, Pb and Zn in marine inshore benthic invertebrates collected in summer 1994 from three localities at the Barents Sea.",mg/kg (dry),28,25,31,mg/L,NA,mg/L,NA
BarentsSea1994_Site1,Copper,1994-07-01,"Biota, Aquatic",Littorina rudis,,NA,95% Confidence Interval,NA,NA,mg/kg (dry),0,NA,mg/L,NA,mg/L,,,,,2003ZaukeHeavyMetalsOf,BarentsSea1994_Site1-Copper-BiotaAquatic-1994-07-01-RLittorina rudis,BarentsSea1994,Biota,Stressor,Concentration,NA,Dalniye Zelentsy site 1,"Coastal, fjord",Water benthos,Russia,Barents Sea,69.117,36.083,0,m,Approximate locations converted from degree minutes.,2003,Heavy metals of inshore Benthic invertebrates from the Barents Sea,Primary,Molluscs,Littorina rudis,Total Soft Tissues,Adult,Not reported,Heavy metals in inshore benthic invertebrates from the Barents Sea - summer 1994,1994-07-01,1994-07-31,NA,Not relevant,NA,Carl von Ossietzky Universitat Oldenburg,Sam Welch,2025-10-30,"Assessment of Cu, Cd, Ni, Pb and Zn in marine inshore benthic invertebrates collected in summer 1994 from three localities at the Barents Sea.",mg/kg (dry),NA,NA,NA,mg/L,NA,mg/L,NA
BarentsSea1994_Site2,Copper,1994-07-01,"Biota, Aquatic",Littorina rudis,,39,95% Confidence Interval,47,31,mg/kg (dry),19,NA,mg/L,NA,mg/L,,,,,2003ZaukeHeavyMetalsOf,BarentsSea1994_Site2-Copper-BiotaAquatic-1994-07-01-RLittorina rudis,BarentsSea1994,Biota,Stressor,Concentration,NA,Dalniye Zelentsy site 2,"Coastal, fjord",Water benthos,Russia,Barents Sea,69.117,36.083,0,m,Approximate locations converted from degree minutes.,2003,Heavy metals of inshore Benthic invertebrates from the Barents Sea,Primary,Molluscs,Littorina rudis,Total Soft Tissues,Adult,Not reported,Heavy metals in inshore benthic invertebrates from the Barents Sea - summer 1994,1994-07-01,1994-07-31,NA,Not relevant,NA,Carl von Ossietzky Universitat Oldenburg,Sam Welch,2025-10-30,"Assessment of Cu, Cd, Ni, Pb and Zn in marine inshore benthic invertebrates collected in summer 1994 from three localities at the Barents Sea.",mg/kg (dry),39,47,31,mg/L,NA,mg/L,NA
BarentsSea1994_Site3,Copper,1994-07-01,"Biota, Aquatic",Littorina rudis,,32,95% Confidence Interval,24,40,mg/kg (dry),19,NA,mg/L,NA,mg/L,,,,,2003ZaukeHeavyMetalsOf,BarentsSea1994_Site3-Copper-BiotaAquatic-1994-07-01-RLittorina rudis,BarentsSea1994,Biota,Stressor,Concentration,NA,Hornoya,"Coastal, fjord",Water benthos,Norway,Barents Sea,70.333,31.167,0,m,Approximate locations converted from degree minutes.,2003,Heavy metals of inshore Benthic invertebrates from the Barents Sea,Primary,Molluscs,Littorina rudis,Total Soft Tissues,Adult,Not reported,Heavy metals in inshore benthic invertebrates from the Barents Sea - summer 1994,1994-07-01,1994-07-31,NA,Not relevant,NA,Carl von Ossietzky Universitat Oldenburg,Sam Welch,2025-10-30,"Assessment of Cu, Cd, Ni, Pb and Zn in marine inshore benthic invertebrates collected in summer 1994 from three localities at the Barents Sea.",mg/kg (dry),32,24,40,mg/L,NA,mg/L,NA
BarentsSea1994_Site1,Copper,1994-07-01,"Biota, Aquatic",Mytilus edulis,,NA,95% Confidence Interval,NA,NA,mg/kg (dry),0,NA,mg/L,NA,mg/L,,,,,2003ZaukeHeavyMetalsOf,BarentsSea1994_Site1-Copper-BiotaAquatic-1994-07-01-RMytilus edulis,BarentsSea1994,Biota,Stressor,Concentration,NA,Dalniye Zelentsy site 1,"Coastal, fjord",Water benthos,Russia,Barents Sea,69.117,36.083,0,m,Approximate locations converted from degree minutes.,2003,Heavy metals of inshore Benthic invertebrates from the Barents Sea,Primary,Molluscs,Mytilus edulis,Total Soft Tissues,Adult,Not reported,Heavy metals in inshore benthic invertebrates from the Barents Sea - summer 1994,1994-07-01,1994-07-31,NA,Not relevant,NA,Carl von Ossietzky Universitat Oldenburg,Sam Welch,2025-10-30,"Assessment of Cu, Cd, Ni, Pb and Zn in marine inshore benthic invertebrates collected in summer 1994 from three localities at the Barents Sea.",mg/kg (dry),NA,NA,NA,mg/L,NA,mg/L,NA
BarentsSea1994_Site2,Copper,1994-07-01,"Biota, Aquatic",Mytilus edulis,,8.9,95% Confidence Interval,10.1,7.6,mg/kg (dry),20,NA,mg/L,NA,mg/L,,,,,2003ZaukeHeavyMetalsOf,BarentsSea1994_Site2-Copper-BiotaAquatic-1994-07-01-RMytilus edulis,BarentsSea1994,Biota,Stressor,Concentration,NA,Dalniye Zelentsy site 2,"Coastal, fjord",Water benthos,Russia,Barents Sea,69.117,36.083,0,m,Approximate locations converted from degree minutes.,2003,Heavy metals of inshore Benthic invertebrates from the Barents Sea,Primary,Molluscs,Mytilus edulis,Total Soft Tissues,Adult,Not reported,Heavy metals in inshore benthic invertebrates from the Barents Sea - summer 1994,1994-07-01,1994-07-31,NA,Not relevant,NA,Carl von Ossietzky Universitat Oldenburg,Sam Welch,2025-10-30,"Assessment of Cu, Cd, Ni, Pb and Zn in marine inshore benthic invertebrates collected in summer 1994 from three localities at the Barents Sea.",mg/kg (dry),8.9,10.1,7.6,mg/L,NA,mg/L,NA
BarentsSea1994_Site3,Copper,1994-07-01,"Biota, Aquatic",Mytilus edulis,,NA,95% Confidence Interval,NA,NA,mg/kg (dry),0,NA,mg/L,NA,mg/L,,,,,2003ZaukeHeavyMetalsOf,BarentsSea1994_Site3-Copper-BiotaAquatic-1994-07-01-RMytilus edulis,BarentsSea1994,Biota,Stressor,Concentration,NA,Hornoya,"Coastal, fjord",Water benthos,Norway,Barents Sea,70.333,31.167,0,m,Approximate locations converted from degree minutes.,2003,Heavy metals of inshore Benthic invertebrates from the Barents Sea,Primary,Molluscs,Mytilus edulis,Total Soft Tissues,Adult,Not reported,Heavy metals in inshore benthic invertebrates from the Barents Sea - summer 1994,1994-07-01,1994-07-31,NA,Not relevant,NA,Carl von Ossietzky Universitat Oldenburg,Sam Welch,2025-10-30,"Assessment of Cu, Cd, Ni, Pb and Zn in marine inshore benthic invertebrates collected in summer 1994 from three localities at the Barents Sea.",mg/kg (dry),NA,NA,NA,mg/L,NA,mg/L,NA
BarentsSea1994_Site1,Copper,1994-07-01,"Biota, Aquatic",Nucella lapillus,,NA,95% Confidence Interval,NA,NA,mg/kg (dry),0,NA,mg/L,NA,mg/L,,,,,2003ZaukeHeavyMetalsOf,BarentsSea1994_Site1-Copper-BiotaAquatic-1994-07-01-RNucella lapillus,BarentsSea1994,Biota,Stressor,Concentration,NA,Dalniye Zelentsy site 1,"Coastal, fjord",Water benthos,Russia,Barents Sea,69.117,36.083,0,m,Approximate locations converted from degree minutes.,2003,Heavy metals of inshore Benthic invertebrates from the Barents Sea,Primary,Molluscs,Nucella lapillus,Total Soft Tissues,Adult,Not reported,Heavy metals in inshore benthic invertebrates from the Barents Sea - summer 1994,1994-07-01,1994-07-31,NA,Not relevant,NA,Carl von Ossietzky Universitat Oldenburg,Sam Welch,2025-10-30,"Assessment of Cu, Cd, Ni, Pb and Zn in marine inshore benthic invertebrates collected in summer 1994 from three localities at the Barents Sea.",mg/kg (dry),NA,NA,NA,mg/L,NA,mg/L,NA
BarentsSea1994_Site2,Copper,1994-07-01,"Biota, Aquatic",Nucella lapillus,,66,95% Confidence Interval,83,49,mg/kg (dry),19,NA,mg/L,NA,mg/L,,,,,2003ZaukeHeavyMetalsOf,BarentsSea1994_Site2-Copper-BiotaAquatic-1994-07-01-RNucella lapillus,BarentsSea1994,Biota,Stressor,Concentration,NA,Dalniye Zelentsy site 2,"Coastal, fjord",Water benthos,Russia,Barents Sea,69.117,36.083,0,m,Approximate locations converted from degree minutes.,2003,Heavy metals of inshore Benthic invertebrates from the Barents Sea,Primary,Molluscs,Nucella lapillus,Total Soft Tissues,Adult,Not reported,Heavy metals in inshore benthic invertebrates from the Barents Sea - summer 1994,1994-07-01,1994-07-31,NA,Not relevant,NA,Carl von Ossietzky Universitat Oldenburg,Sam Welch,2025-10-30,"Assessment of Cu, Cd, Ni, Pb and Zn in marine inshore benthic invertebrates collected in summer 1994 from three localities at the Barents Sea.",mg/kg (dry),66,83,49,mg/L,NA,mg/L,NA
BarentsSea1994_Site3,Copper,1994-07-01,"Biota, Aquatic",Nucella lapillus,,46,95% Confidence Interval,57,35,mg/kg (dry),20,NA,mg/L,NA,mg/L,,,,,2003ZaukeHeavyMetalsOf,BarentsSea1994_Site3-Copper-BiotaAquatic-1994-07-01-RNucella lapillus,BarentsSea1994,Biota,Stressor,Concentration,NA,Hornoya,"Coastal, fjord",Water benthos,Norway,Barents Sea,70.333,31.167,0,m,Approximate locations converted from degree minutes.,2003,Heavy metals of inshore Benthic invertebrates from the Barents Sea,Primary,Molluscs,Nucella lapillus,Total Soft Tissues,Adult,Not reported,Heavy metals in inshore benthic invertebrates from the Barents Sea - summer 1994,1994-07-01,1994-07-31,NA,Not relevant,NA,Carl von Ossietzky Universitat Oldenburg,Sam Welch,2025-10-30,"Assessment of Cu, Cd, Ni, Pb and Zn in marine inshore benthic invertebrates collected in summer 1994 from three localities at the Barents Sea.",mg/kg (dry),46,57,35,mg/L,NA,mg/L,NA
SorfjordHM2003_S1,Copper,2003-03-01,Aquatic Sediment,1,,43.83,Standard Deviation,36.4,51.26,μg/g (dry),NA,NA,,NA,,Core sampling,Acid digestion,Acid extractable,Atomic absorption spectroscopy,2005GillanStructureOfSediment,SorfjordHM2003_S1-Copper-AquaticSedim-2003-03-01-R 1,SorfjordHM2003,Aquatic,Stressor,Concentration,,Most contaminated site near zinc smelter,"Coastal, fjord",Other,Norway,Norway,60.0798,6.5302,0,m,"Located 100 m away from zinc smelter, most heavily contaminated site, depth 15 m, muddy sediments",2005,Structure of Sediment-Associated Microbial Communities along a Heavy-Metal Contamination Gradient in the Marine Environment,Primary,NA,NA,NA,NA,NA,Sørfjord Heavy Metal Contamination Study,2003-03-01,2003-03-31,NA,Not relevant,NA,Universite Libre de Bruxelles,Sam Welch,2025-10-31,"Study of microbial communities along a heavy-metal contamination gradient in marine sediments of Sørfjord, Norway. Contamination includes cadmium, copper, lead, and zinc from smelter operations for >80 years.",mg/kg (dry),0.04383,0.0364,0.05126,NA,NA,NA,NA
SorfjordHM2003_S2,Copper,2003-03-01,Aquatic Sediment,1,,20.98,Standard Deviation,19.87,22.09,μg/g (dry),NA,NA,,NA,,Core sampling,Acid digestion,Acid extractable,Atomic absorption spectroscopy,2005GillanStructureOfSediment,SorfjordHM2003_S2-Copper-AquaticSedim-2003-03-01-R 1,SorfjordHM2003,Aquatic,Stressor,Concentration,,Site in front of titanium smelter,"Coastal, fjord",Other,Norway,Norway,60.1504,6.546,0,m,"Located in front of titanium smelter, depth 15 m, muddy sediments",2005,Structure of Sediment-Associated Microbial Communities along a Heavy-Metal Contamination Gradient in the Marine Environment,Primary,NA,NA,NA,NA,NA,Sørfjord Heavy Metal Contamination Study,2003-03-01,2003-03-31,NA,Not relevant,NA,Universite Libre de Bruxelles,Sam Welch,2025-10-31,"Study of microbial communities along a heavy-metal contamination gradient in marine sediments of Sørfjord, Norway. Contamination includes cadmium, copper, lead, and zinc from smelter operations for >80 years.",mg/kg (dry),0.020980000000000002,0.019870000000000002,0.02209,NA,NA,NA,NA
SorfjordHM2003_S3,Copper,2003-03-01,Aquatic Sediment,1,,3.9,Standard Deviation,3.77,4.03,μg/g (dry),NA,NA,,NA,,Core sampling,Acid digestion,Acid extractable,Atomic absorption spectroscopy,2005GillanStructureOfSediment,SorfjordHM2003_S3-Copper-AquaticSedim-2003-03-01-R 1,SorfjordHM2003,Aquatic,Stressor,Concentration,,Site 12 km north of S2,"Coastal, fjord",Other,Norway,Norway,60.2978,6.604,0,m,"Located 12 km further north from S2, depth 15 m, composed of fine sand",2005,Structure of Sediment-Associated Microbial Communities along a Heavy-Metal Contamination Gradient in the Marine Environment,Primary,NA,NA,NA,NA,NA,Sørfjord Heavy Metal Contamination Study,2003-03-01,2003-03-31,NA,Not relevant,NA,Universite Libre de Bruxelles,Sam Welch,2025-10-31,"Study of microbial communities along a heavy-metal contamination gradient in marine sediments of Sørfjord, Norway. Contamination includes cadmium, copper, lead, and zinc from smelter operations for >80 years.",mg/kg (dry),0.0039,0.00377,0.004030000000000001,NA,NA,NA,NA
SorfjordHM2003_S4,Copper,2003-03-01,Aquatic Sediment,1,,1.32,Standard Deviation,0.83,1.81,μg/g (dry),NA,NA,,NA,,Core sampling,Acid digestion,Acid extractable,Atomic absorption spectroscopy,2005GillanStructureOfSediment,SorfjordHM2003_S4-Copper-AquaticSedim-2003-03-01-R 1,SorfjordHM2003,Aquatic,Stressor,Concentration,,Control site in neighboring fjord,"Coastal, fjord",Other,Norway,Norway,60.4152,6.5258,0,m,"Control site in neighboring fjord toward open sea, depth 15 m, coarse sand sediments",2005,Structure of Sediment-Associated Microbial Communities along a Heavy-Metal Contamination Gradient in the Marine Environment,Primary,NA,NA,NA,NA,NA,Sørfjord Heavy Metal Contamination Study,2003-03-01,2003-03-31,NA,Not relevant,NA,Universite Libre de Bruxelles,Sam Welch,2025-10-31,"Study of microbial communities along a heavy-metal contamination gradient in marine sediments of Sørfjord, Norway. Contamination includes cadmium, copper, lead, and zinc from smelter operations for >80 years.",mg/kg (dry),0.00132,8.3e-4,0.00181,NA,NA,NA,NA
ArcticSeals1999_Barents,Copper,1999-01-01,"Biota, Aquatic",Harp Liver,,15.52,Standard Deviation,16.19,4.89,μg/g (wet),5,NA,,NA,,Point sampling,Acid extractable,Acid digestion,Atomic absorption spectroscopy,2009SonneAStudyOf,ArcticSeals1999_Barents-Copper-BiotaAquatic-1999-01-01-RHarp Brain,ArcticSeals1999,Biota,Stressor,Concentration,,Barents Sea around Svalbard,"Ocean, sea, territorial waters",Water column pelagic zone,Norway,Norway,78,21,0,m,"Sampling coordinates ranged 76-80°N, 10-32°E. Five harp and five hooded seals sampled from this area",2009,"A study of metal concentrations and metallothionein binding capacity in liver, kidney and brain tissues of three Arctic seal species",Primary,Mammals,Pagophilus groenlandicus,Liver,Not reported,Not reported,Arctic seal metal concentrations and metallothionein binding capacity study,1999-01-01,1999-12-31,NA,Not relevant,NA,National Environmental Research Institute,Sam Welch,2025-10-31,Pilot study to determine whether background levels of metals in Arctic seal species were related with early biological signs of toxic exposure measured by MT concentrations,mg/kg (wet),0.015519999999999999,0.016190000000000003,0.004889999999999999,NA,NA,NA,NA
ArcticSeals1999_Barents,Copper,1999-01-01,"Biota, Aquatic",Harp Kidney,,3.38,Standard Deviation,3.79,2.97,μg/g (wet),5,NA,,NA,,Point sampling,Acid extractable,Acid digestion,Atomic absorption spectroscopy,2009SonneAStudyOf,ArcticSeals1999_Barents-Copper-BiotaAquatic-1999-01-01-RHarp Kidney,ArcticSeals1999,Biota,Stressor,Concentration,,Barents Sea around Svalbard,"Ocean, sea, territorial waters",Water column pelagic zone,Norway,Norway,78,21,0,m,"Sampling coordinates ranged 76-80°N, 10-32°E. Five harp and five hooded seals sampled from this area",2009,"A study of metal concentrations and metallothionein binding capacity in liver, kidney and brain tissues of three Arctic seal species",Primary,Mammals,Pagophilus groenlandicus,Kidney,Not reported,Not reported,Arctic seal metal concentrations and metallothionein binding capacity study,1999-01-01,1999-12-31,NA,Not relevant,NA,National Environmental Research Institute,Sam Welch,2025-10-31,Pilot study to determine whether background levels of metals in Arctic seal species were related with early biological signs of toxic exposure measured by MT concentrations,mg/kg (wet),0.0033799999999999998,0.00379,0.00297,NA,NA,NA,NA
ArcticSeals1999_Barents,Copper,1999-01-01,"Biota, Aquatic",Hooded Kidney,,12.8,Standard Deviation,15.01,10.59,μg/g (wet),5,NA,,NA,,Point sampling,Acid extractable,Acid digestion,Atomic absorption spectroscopy,2009SonneAStudyOf,ArcticSeals1999_Barents-Copper-BiotaAquatic-1999-01-01-RHooded Kidney,ArcticSeals1999,Biota,Stressor,Concentration,,Barents Sea around Svalbard,"Ocean, sea, territorial waters",Water column pelagic zone,Norway,Norway,78,21,0,m,"Sampling coordinates ranged 76-80°N, 10-32°E. Five harp and five hooded seals sampled from this area",2009,"A study of metal concentrations and metallothionein binding capacity in liver, kidney and brain tissues of three Arctic seal species",Primary,Mammals,Cystophora cristata,Kidney,Not reported,Not reported,Arctic seal metal concentrations and metallothionein binding capacity study,1999-01-01,1999-12-31,NA,Not relevant,NA,National Environmental Research Institute,Sam Welch,2025-10-31,Pilot study to determine whether background levels of metals in Arctic seal species were related with early biological signs of toxic exposure measured by MT concentrations,mg/kg (wet),0.0128,0.015009999999999999,0.01059,NA,NA,NA,NA
ArcticSeals1999_Barents,Copper,1999-01-01,"Biota, Aquatic",Hooded Liver,,10.54,Standard Deviation,14.36,6.72,μg/g (wet),5,NA,,NA,,Point sampling,Acid extractable,Acid digestion,Atomic absorption spectroscopy,2009SonneAStudyOf,ArcticSeals1999_Barents-Copper-BiotaAquatic-1999-01-01-RHooded Liver,ArcticSeals1999,Biota,Stressor,Concentration,,Barents Sea around Svalbard,"Ocean, sea, territorial waters",Water column pelagic zone,Norway,Norway,78,21,0,m,"Sampling coordinates ranged 76-80°N, 10-32°E. Five harp and five hooded seals sampled from this area",2009,"A study of metal concentrations and metallothionein binding capacity in liver, kidney and brain tissues of three Arctic seal species",Primary,Mammals,Cystophora cristata,Liver,Not reported,Not reported,Arctic seal metal concentrations and metallothionein binding capacity study,1999-01-01,1999-12-31,NA,Not relevant,NA,National Environmental Research Institute,Sam Welch,2025-10-31,Pilot study to determine whether background levels of metals in Arctic seal species were related with early biological signs of toxic exposure measured by MT concentrations,mg/kg (wet),0.010539999999999999,0.01436,0.006719999999999999,NA,NA,NA,NA
CHIRE2008_NB22,Copper,2008-08-01,Aquatic Sediment,1,,13.41,,NA,NA,mg/kg (dry),1,NA,,NA,,Grab,Acid extractable,Acid digestion,Gas chromatography tandem mass spectrometry,2011CaiContentAndDistribution,CHIRE2008_NB22-Copper-AquaticSedim-2008-08-01-R 1,CHIRE2008,Aquatic,Stressor,Concentration,,NA,NA,NA,NA,NA,NA,NA,NA,NA,NA,2011,"Content and distribution of trace metals in surface sediments from the northern Bering Sea, Chukchi Sea and adjacent Arctic areas",Primary,NA,NA,NA,NA,NA,NA,NA,NA,NA,NA,NA,NA,NA,NA,NA,mg/kg (dry),13.41,NA,NA,NA,NA,NA,NA
CHIRE2008_NB24,Copper,2008-08-01,Aquatic Sediment,1,,4.64,,NA,NA,mg/kg (dry),1,NA,,NA,,Grab,Acid extractable,Acid digestion,Gas chromatography tandem mass spectrometry,2011CaiContentAndDistribution,CHIRE2008_NB24-Copper-AquaticSedim-2008-08-01-R 1,CHIRE2008,Aquatic,Stressor,Concentration,,NA,NA,NA,NA,NA,NA,NA,NA,NA,NA,2011,"Content and distribution of trace metals in surface sediments from the northern Bering Sea, Chukchi Sea and adjacent Arctic areas",Primary,NA,NA,NA,NA,NA,NA,NA,NA,NA,NA,NA,NA,NA,NA,NA,mg/kg (dry),4.64,NA,NA,NA,NA,NA,NA
CHIRE2008_BR09,Copper,2008-08-01,Aquatic Sediment,1,,15.72,,NA,NA,mg/kg (dry),1,NA,,NA,,Grab,Acid extractable,Acid digestion,Gas chromatography tandem mass spectrometry,2011CaiContentAndDistribution,CHIRE2008_BR09-Copper-AquaticSedim-2008-08-01-R 1,CHIRE2008,Aquatic,Stressor,Concentration,,NA,NA,NA,NA,NA,NA,NA,NA,NA,NA,2011,"Content and distribution of trace metals in surface sediments from the northern Bering Sea, Chukchi Sea and adjacent Arctic areas",Primary,NA,NA,NA,NA,NA,NA,NA,NA,NA,NA,NA,NA,NA,NA,NA,mg/kg (dry),15.72,NA,NA,NA,NA,NA,NA
CHIRE2008_BR14,Copper,2008-08-01,Aquatic Sediment,1,,17.76,,NA,NA,mg/kg (dry),1,NA,,NA,,Grab,Acid extractable,Acid digestion,Gas chromatography tandem mass spectrometry,2011CaiContentAndDistribution,CHIRE2008_BR14-Copper-AquaticSedim-2008-08-01-R 1,CHIRE2008,Aquatic,Stressor,Concentration,,NA,NA,NA,NA,NA,NA,NA,NA,NA,NA,2011,"Content and distribution of trace metals in surface sediments from the northern Bering Sea, Chukchi Sea and adjacent Arctic areas",Primary,NA,NA,NA,NA,NA,NA,NA,NA,NA,NA,NA,NA,NA,NA,NA,mg/kg (dry),17.76,NA,NA,NA,NA,NA,NA
CHIRE2008_BS01,Copper,2008-08-01,Aquatic Sediment,1,,6.05,,NA,NA,mg/kg (dry),1,NA,,NA,,Grab,Acid extractable,Acid digestion,Gas chromatography tandem mass spectrometry,2011CaiContentAndDistribution,CHIRE2008_BS01-Copper-AquaticSedim-2008-08-01-R 1,CHIRE2008,Aquatic,Stressor,Concentration,,NA,NA,NA,NA,NA,NA,NA,NA,NA,NA,2011,"Content and distribution of trace metals in surface sediments from the northern Bering Sea, Chukchi Sea and adjacent Arctic areas",Primary,NA,NA,NA,NA,NA,NA,NA,NA,NA,NA,NA,NA,NA,NA,NA,mg/kg (dry),6.05,NA,NA,NA,NA,NA,NA
CHIRE2008_BS05,Copper,2008-08-01,Aquatic Sediment,1,,2.69,,NA,NA,mg/kg (dry),1,NA,,NA,,Grab,Acid extractable,Acid digestion,Gas chromatography tandem mass spectrometry,2011CaiContentAndDistribution,CHIRE2008_BS05-Copper-AquaticSedim-2008-08-01-R 1,CHIRE2008,Aquatic,Stressor,Concentration,,NA,NA,NA,NA,NA,NA,NA,NA,NA,NA,2011,"Content and distribution of trace metals in surface sediments from the northern Bering Sea, Chukchi Sea and adjacent Arctic areas",Primary,NA,NA,NA,NA,NA,NA,NA,NA,NA,NA,NA,NA,NA,NA,NA,mg/kg (dry),2.69,NA,NA,NA,NA,NA,NA
CHIRE2008_BS07,Copper,2008-08-01,Aquatic Sediment,1,,2.97,,NA,NA,mg/kg (dry),1,NA,,NA,,Grab,Acid extractable,Acid digestion,Gas chromatography tandem mass spectrometry,2011CaiContentAndDistribution,CHIRE2008_BS07-Copper-AquaticSedim-2008-08-01-R 1,CHIRE2008,Aquatic,Stressor,Concentration,,NA,NA,NA,NA,NA,NA,NA,NA,NA,NA,2011,"Content and distribution of trace metals in surface sediments from the northern Bering Sea, Chukchi Sea and adjacent Arctic areas",Primary,NA,NA,NA,NA,NA,NA,NA,NA,NA,NA,NA,NA,NA,NA,NA,mg/kg (dry),2.97,NA,NA,NA,NA,NA,NA
CHIRE2008_BS09,Copper,2008-08-01,Aquatic Sediment,1,,3.85,,NA,NA,mg/kg (dry),1,NA,,NA,,Grab,Acid extractable,Acid digestion,Gas chromatography tandem mass spectrometry,2011CaiContentAndDistribution,CHIRE2008_BS09-Copper-AquaticSedim-2008-08-01-R 1,CHIRE2008,Aquatic,Stressor,Concentration,,NA,NA,NA,NA,NA,NA,NA,NA,NA,NA,2011,"Content and distribution of trace metals in surface sediments from the northern Bering Sea, Chukchi Sea and adjacent Arctic areas",Primary,NA,NA,NA,NA,NA,NA,NA,NA,NA,NA,NA,NA,NA,NA,NA,mg/kg (dry),3.85,NA,NA,NA,NA,NA,NA
CHIRE2008_C13,Copper,2008-08-01,Aquatic Sediment,1,,14.18,,NA,NA,mg/kg (dry),1,NA,,NA,,Grab,Acid extractable,Acid digestion,Gas chromatography tandem mass spectrometry,2011CaiContentAndDistribution,CHIRE2008_C13-Copper-AquaticSedim-2008-08-01-R 1,CHIRE2008,Aquatic,Stressor,Concentration,,NA,NA,NA,NA,NA,NA,NA,NA,NA,NA,2011,"Content and distribution of trace metals in surface sediments from the northern Bering Sea, Chukchi Sea and adjacent Arctic areas",Primary,NA,NA,NA,NA,NA,NA,NA,NA,NA,NA,NA,NA,NA,NA,NA,mg/kg (dry),14.18,NA,NA,NA,NA,NA,NA
CHIRE2008_C15,Copper,2008-08-01,Aquatic Sediment,1,,18.34,,NA,NA,mg/kg (dry),1,NA,,NA,,Grab,Acid extractable,Acid digestion,Gas chromatography tandem mass spectrometry,2011CaiContentAndDistribution,CHIRE2008_C15-Copper-AquaticSedim-2008-08-01-R 1,CHIRE2008,Aquatic,Stressor,Concentration,,NA,NA,NA,NA,NA,NA,NA,NA,NA,NA,2011,"Content and distribution of trace metals in surface sediments from the northern Bering Sea, Chukchi Sea and adjacent Arctic areas",Primary,NA,NA,NA,NA,NA,NA,NA,NA,NA,NA,NA,NA,NA,NA,NA,mg/kg (dry),18.34,NA,NA,NA,NA,NA,NA
CHIRE2008_C19,Copper,2008-08-01,Aquatic Sediment,1,,9.76,,NA,NA,mg/kg (dry),1,NA,,NA,,Grab,Acid extractable,Acid digestion,Gas chromatography tandem mass spectrometry,2011CaiContentAndDistribution,CHIRE2008_C19-Copper-AquaticSedim-2008-08-01-R 1,CHIRE2008,Aquatic,Stressor,Concentration,,NA,NA,NA,NA,NA,NA,NA,NA,NA,NA,2011,"Content and distribution of trace metals in surface sediments from the northern Bering Sea, Chukchi Sea and adjacent Arctic areas",Primary,NA,NA,NA,NA,NA,NA,NA,NA,NA,NA,NA,NA,NA,NA,NA,mg/kg (dry),9.76,NA,NA,NA,NA,NA,NA
CHIRE2008_C23,Copper,2008-08-01,Aquatic Sediment,1,,12.52,,NA,NA,mg/kg (dry),1,NA,,NA,,Grab,Acid extractable,Acid digestion,Gas chromatography tandem mass spectrometry,2011CaiContentAndDistribution,CHIRE2008_C23-Copper-AquaticSedim-2008-08-01-R 1,CHIRE2008,Aquatic,Stressor,Concentration,,NA,NA,NA,NA,NA,NA,NA,NA,NA,NA,2011,"Content and distribution of trace metals in surface sediments from the northern Bering Sea, Chukchi Sea and adjacent Arctic areas",Primary,NA,NA,NA,NA,NA,NA,NA,NA,NA,NA,NA,NA,NA,NA,NA,mg/kg (dry),12.52,NA,NA,NA,NA,NA,NA
CHIRE2008_C35,Copper,2008-08-01,Aquatic Sediment,1,,19.13,,NA,NA,mg/kg (dry),1,NA,,NA,,Grab,Acid extractable,Acid digestion,Gas chromatography tandem mass spectrometry,2011CaiContentAndDistribution,CHIRE2008_C35-Copper-AquaticSedim-2008-08-01-R 1,CHIRE2008,Aquatic,Stressor,Concentration,,NA,NA,NA,NA,NA,NA,NA,NA,NA,NA,2011,"Content and distribution of trace metals in surface sediments from the northern Bering Sea, Chukchi Sea and adjacent Arctic areas",Primary,NA,NA,NA,NA,NA,NA,NA,NA,NA,NA,NA,NA,NA,NA,NA,mg/kg (dry),19.13,NA,NA,NA,NA,NA,NA
CHIRE2008_R07,Copper,2008-08-01,Aquatic Sediment,1,,15.28,,NA,NA,mg/kg (dry),1,NA,,NA,,Grab,Acid extractable,Acid digestion,Gas chromatography tandem mass spectrometry,2011CaiContentAndDistribution,CHIRE2008_R07-Copper-AquaticSedim-2008-08-01-R 1,CHIRE2008,Aquatic,Stressor,Concentration,,NA,NA,NA,NA,NA,NA,NA,NA,NA,NA,2011,"Content and distribution of trace metals in surface sediments from the northern Bering Sea, Chukchi Sea and adjacent Arctic areas",Primary,NA,NA,NA,NA,NA,NA,NA,NA,NA,NA,NA,NA,NA,NA,NA,mg/kg (dry),15.28,NA,NA,NA,NA,NA,NA
CHIRE2008_R09,Copper,2008-08-01,Aquatic Sediment,1,,11.36,,NA,NA,mg/kg (dry),1,NA,,NA,,Grab,Acid extractable,Acid digestion,Gas chromatography tandem mass spectrometry,2011CaiContentAndDistribution,CHIRE2008_R09-Copper-AquaticSedim-2008-08-01-R 1,CHIRE2008,Aquatic,Stressor,Concentration,,NA,NA,NA,NA,NA,NA,NA,NA,NA,NA,2011,"Content and distribution of trace metals in surface sediments from the northern Bering Sea, Chukchi Sea and adjacent Arctic areas",Primary,NA,NA,NA,NA,NA,NA,NA,NA,NA,NA,NA,NA,NA,NA,NA,mg/kg (dry),11.36,NA,NA,NA,NA,NA,NA
CHIRE2008_R11,Copper,2008-08-01,Aquatic Sediment,1,,18.6,,NA,NA,mg/kg (dry),1,NA,,NA,,Grab,Acid extractable,Acid digestion,Gas chromatography tandem mass spectrometry,2011CaiContentAndDistribution,CHIRE2008_R11-Copper-AquaticSedim-2008-08-01-R 1,CHIRE2008,Aquatic,Stressor,Concentration,,NA,NA,NA,NA,NA,NA,NA,NA,NA,NA,2011,"Content and distribution of trace metals in surface sediments from the northern Bering Sea, Chukchi Sea and adjacent Arctic areas",Primary,NA,NA,NA,NA,NA,NA,NA,NA,NA,NA,NA,NA,NA,NA,NA,mg/kg (dry),18.6,NA,NA,NA,NA,NA,NA
CHIRE2008_B11,Copper,2008-08-01,Aquatic Sediment,1,,37.66,,NA,NA,mg/kg (dry),1,NA,,NA,,Grab,Acid extractable,Acid digestion,Gas chromatography tandem mass spectrometry,2011CaiContentAndDistribution,CHIRE2008_B11-Copper-AquaticSedim-2008-08-01-R 1,CHIRE2008,Aquatic,Stressor,Concentration,,NA,NA,NA,NA,NA,NA,NA,NA,NA,NA,2011,"Content and distribution of trace metals in surface sediments from the northern Bering Sea, Chukchi Sea and adjacent Arctic areas",Primary,NA,NA,NA,NA,NA,NA,NA,NA,NA,NA,NA,NA,NA,NA,NA,mg/kg (dry),37.66,NA,NA,NA,NA,NA,NA
CHIRE2008_M07,Copper,2008-08-01,Aquatic Sediment,1,,36.78,,NA,NA,mg/kg (dry),1,NA,,NA,,Grab,Acid extractable,Acid digestion,Gas chromatography tandem mass spectrometry,2011CaiContentAndDistribution,CHIRE2008_M07-Copper-AquaticSedim-2008-08-01-R 1,CHIRE2008,Aquatic,Stressor,Concentration,,NA,NA,NA,NA,NA,NA,NA,NA,NA,NA,2011,"Content and distribution of trace metals in surface sediments from the northern Bering Sea, Chukchi Sea and adjacent Arctic areas",Primary,NA,NA,NA,NA,NA,NA,NA,NA,NA,NA,NA,NA,NA,NA,NA,mg/kg (dry),36.78,NA,NA,NA,NA,NA,NA
CHIRE2008_P23,Copper,2008-08-01,Aquatic Sediment,1,,12.24,,NA,NA,mg/kg (dry),1,NA,,NA,,Grab,Acid extractable,Acid digestion,Gas chromatography tandem mass spectrometry,2011CaiContentAndDistribution,CHIRE2008_P23-Copper-AquaticSedim-2008-08-01-R 1,CHIRE2008,Aquatic,Stressor,Concentration,,NA,NA,NA,NA,NA,NA,NA,NA,NA,NA,2011,"Content and distribution of trace metals in surface sediments from the northern Bering Sea, Chukchi Sea and adjacent Arctic areas",Primary,NA,NA,NA,NA,NA,NA,NA,NA,NA,NA,NA,NA,NA,NA,NA,mg/kg (dry),12.24,NA,NA,NA,NA,NA,NA
CHIRE2008_P31,Copper,2008-08-01,Aquatic Sediment,1,,43.39,,NA,NA,mg/kg (dry),1,NA,,NA,,Grab,Acid extractable,Acid digestion,Gas chromatography tandem mass spectrometry,2011CaiContentAndDistribution,CHIRE2008_P31-Copper-AquaticSedim-2008-08-01-R 1,CHIRE2008,Aquatic,Stressor,Concentration,,NA,NA,NA,NA,NA,NA,NA,NA,NA,NA,2011,"Content and distribution of trace metals in surface sediments from the northern Bering Sea, Chukchi Sea and adjacent Arctic areas",Primary,NA,NA,NA,NA,NA,NA,NA,NA,NA,NA,NA,NA,NA,NA,NA,mg/kg (dry),43.39,NA,NA,NA,NA,NA,NA
CHIRE2008_R15,Copper,2008-08-01,Aquatic Sediment,1,,26,,NA,NA,mg/kg (dry),1,NA,,NA,,Grab,Acid extractable,Acid digestion,Gas chromatography tandem mass spectrometry,2011CaiContentAndDistribution,CHIRE2008_R15-Copper-AquaticSedim-2008-08-01-R 1,CHIRE2008,Aquatic,Stressor,Concentration,,NA,NA,NA,NA,NA,NA,NA,NA,NA,NA,2011,"Content and distribution of trace metals in surface sediments from the northern Bering Sea, Chukchi Sea and adjacent Arctic areas",Primary,NA,NA,NA,NA,NA,NA,NA,NA,NA,NA,NA,NA,NA,NA,NA,mg/kg (dry),26,NA,NA,NA,NA,NA,NA
CHIRE2008_R17,Copper,2008-08-01,Aquatic Sediment,1,,32.61,,NA,NA,mg/kg (dry),1,NA,,NA,,Grab,Acid extractable,Acid digestion,Gas chromatography tandem mass spectrometry,2011CaiContentAndDistribution,CHIRE2008_R17-Copper-AquaticSedim-2008-08-01-R 1,CHIRE2008,Aquatic,Stressor,Concentration,,NA,NA,NA,NA,NA,NA,NA,NA,NA,NA,2011,"Content and distribution of trace metals in surface sediments from the northern Bering Sea, Chukchi Sea and adjacent Arctic areas",Primary,NA,NA,NA,NA,NA,NA,NA,NA,NA,NA,NA,NA,NA,NA,NA,mg/kg (dry),32.61,NA,NA,NA,NA,NA,NA
CHIRE2008_S14,Copper,2008-08-01,Aquatic Sediment,1,,38.44,,NA,NA,mg/kg (dry),1,NA,,NA,,Grab,Acid extractable,Acid digestion,Gas chromatography tandem mass spectrometry,2011CaiContentAndDistribution,CHIRE2008_S14-Copper-AquaticSedim-2008-08-01-R 1,CHIRE2008,Aquatic,Stressor,Concentration,,NA,NA,NA,NA,NA,NA,NA,NA,NA,NA,2011,"Content and distribution of trace metals in surface sediments from the northern Bering Sea, Chukchi Sea and adjacent Arctic areas",Primary,NA,NA,NA,NA,NA,NA,NA,NA,NA,NA,NA,NA,NA,NA,NA,mg/kg (dry),38.44,NA,NA,NA,NA,NA,NA
CHIRE2008_S23,Copper,2008-08-01,Aquatic Sediment,1,,19.79,,NA,NA,mg/kg (dry),1,NA,,NA,,Grab,Acid extractable,Acid digestion,Gas chromatography tandem mass spectrometry,2011CaiContentAndDistribution,CHIRE2008_S23-Copper-AquaticSedim-2008-08-01-R 1,CHIRE2008,Aquatic,Stressor,Concentration,,NA,NA,NA,NA,NA,NA,NA,NA,NA,NA,2011,"Content and distribution of trace metals in surface sediments from the northern Bering Sea, Chukchi Sea and adjacent Arctic areas",Primary,NA,NA,NA,NA,NA,NA,NA,NA,NA,NA,NA,NA,NA,NA,NA,mg/kg (dry),19.79,NA,NA,NA,NA,NA,NA
CHIRE2008_B84A,Copper,2008-08-01,Aquatic Sediment,1,,49.39,,NA,NA,mg/kg (dry),1,NA,,NA,,Grab,Acid extractable,Acid digestion,Gas chromatography tandem mass spectrometry,2011CaiContentAndDistribution,CHIRE2008_B84A-Copper-AquaticSedim-2008-08-01-R 1,CHIRE2008,Aquatic,Stressor,Concentration,,NA,NA,NA,NA,NA,NA,NA,NA,NA,NA,2011,"Content and distribution of trace metals in surface sediments from the northern Bering Sea, Chukchi Sea and adjacent Arctic areas",Primary,NA,NA,NA,NA,NA,NA,NA,NA,NA,NA,NA,NA,NA,NA,NA,mg/kg (dry),49.39,NA,NA,NA,NA,NA,NA
KittiwakeKongs2007_Kongsfjorden,Copper,2007-05-11,"Biota, Other",liver,,NA,,NA,NA,,NA,NA,,NA,,S01_Other_KittiwakeK,E01_Microwaveassist_KittiwakeK,E01_Microwaveassist_KittiwakeK,A01_Icpms_KittiwakeK,2015verjordetToxicAndEssential,KittiwakeKongs2007_Kongsfjorden-Copper-BiotaOther-2007-05-11-Rliver,KittiwakeKongs2007,Biota,Stressor,Concentration,,"Kongsfjorden, Spitsbergen",Bare land and lichen/moss,Not relevant,Svalbard and Jan Mayen,Not relevant,78.9,12.7,0,m,"Birds were sampled with a shotgun """"in Kongsfjorden"""". I am inferring that they didn't fish them out of the water with nets, and that they were in fact shot on the rocky banks of Kongsfjorden.",2015,Toxic and essential elements changed in black-legged kittiwakes (Rissa tridactyla) during their stay in an Arctic breeding area,Primary,Birds,Rissa tridactyla,Liver,Adult,Mixed,Black-legged kittiwake trace element study Kongsfjorden,2007-05-11,2007-10-06,,Not relevant,NA,NTNU,Sam Welch,2025-11-03,"Study of seasonal fluctuations in mercury (Hg), cadmium (Cd), zinc (Zn), copper (Cu) and selenium (Se) concentrations in black-legged kittiwakes (Rissa tridactyla) from Kongsfjorden, Svalbard. Field sampling was part of International Polar Year (IPY) project Contaminants in Polar Regions (COPOL). Ten adult kittiwakes sampled each month using shotgun. Permission for sampling given by Governor of Svalbard.",NA,NA,NA,NA,NA,NA,NA,NA
KittiwakeKongs2007_Kongsfjorden,Copper,2007-05-11,"Biota, Other",muscle,,NA,,NA,NA,,NA,NA,,NA,,S01_Other_KittiwakeK,E01_Microwaveassist_KittiwakeK,E01_Microwaveassist_KittiwakeK,A01_Icpms_KittiwakeK,2015verjordetToxicAndEssential,KittiwakeKongs2007_Kongsfjorden-Copper-BiotaOther-2007-05-11-Rmuscle,KittiwakeKongs2007,Biota,Stressor,Concentration,,"Kongsfjorden, Spitsbergen",Bare land and lichen/moss,Not relevant,Svalbard and Jan Mayen,Not relevant,78.9,12.7,0,m,"Birds were sampled with a shotgun """"in Kongsfjorden"""". I am inferring that they didn't fish them out of the water with nets, and that they were in fact shot on the rocky banks of Kongsfjorden.",2015,Toxic and essential elements changed in black-legged kittiwakes (Rissa tridactyla) during their stay in an Arctic breeding area,Primary,Birds,Rissa tridactyla,Muscle,Adult,Mixed,Black-legged kittiwake trace element study Kongsfjorden,2007-05-11,2007-10-06,,Not relevant,NA,NTNU,Sam Welch,2025-11-03,"Study of seasonal fluctuations in mercury (Hg), cadmium (Cd), zinc (Zn), copper (Cu) and selenium (Se) concentrations in black-legged kittiwakes (Rissa tridactyla) from Kongsfjorden, Svalbard. Field sampling was part of International Polar Year (IPY) project Contaminants in Polar Regions (COPOL). Ten adult kittiwakes sampled each month using shotgun. Permission for sampling given by Governor of Svalbard.",NA,NA,NA,NA,NA,NA,NA,NA
KittiwakeKongs2007_Kongsfjorden,Copper,2007-07-21,"Biota, Other",liver,,NA,,NA,NA,,NA,NA,,NA,,S01_Other_KittiwakeK,E01_Microwaveassist_KittiwakeK,E01_Microwaveassist_KittiwakeK,A01_Icpms_KittiwakeK,2015verjordetToxicAndEssential,KittiwakeKongs2007_Kongsfjorden-Copper-BiotaOther-2007-07-21-Rliver,KittiwakeKongs2007,Biota,Stressor,Concentration,,"Kongsfjorden, Spitsbergen",Bare land and lichen/moss,Not relevant,Svalbard and Jan Mayen,Not relevant,78.9,12.7,0,m,"Birds were sampled with a shotgun """"in Kongsfjorden"""". I am inferring that they didn't fish them out of the water with nets, and that they were in fact shot on the rocky banks of Kongsfjorden.",2015,Toxic and essential elements changed in black-legged kittiwakes (Rissa tridactyla) during their stay in an Arctic breeding area,Primary,Birds,Rissa tridactyla,Liver,Adult,Mixed,Black-legged kittiwake trace element study Kongsfjorden,2007-05-11,2007-10-06,,Not relevant,NA,NTNU,Sam Welch,2025-11-03,"Study of seasonal fluctuations in mercury (Hg), cadmium (Cd), zinc (Zn), copper (Cu) and selenium (Se) concentrations in black-legged kittiwakes (Rissa tridactyla) from Kongsfjorden, Svalbard. Field sampling was part of International Polar Year (IPY) project Contaminants in Polar Regions (COPOL). Ten adult kittiwakes sampled each month using shotgun. Permission for sampling given by Governor of Svalbard.",NA,NA,NA,NA,NA,NA,NA,NA
KittiwakeKongs2007_Kongsfjorden,Copper,2007-07-21,"Biota, Other",muscle,,NA,,NA,NA,,NA,NA,,NA,,S01_Other_KittiwakeK,E01_Microwaveassist_KittiwakeK,E01_Microwaveassist_KittiwakeK,A01_Icpms_KittiwakeK,2015verjordetToxicAndEssential,KittiwakeKongs2007_Kongsfjorden-Copper-BiotaOther-2007-07-21-Rmuscle,KittiwakeKongs2007,Biota,Stressor,Concentration,,"Kongsfjorden, Spitsbergen",Bare land and lichen/moss,Not relevant,Svalbard and Jan Mayen,Not relevant,78.9,12.7,0,m,"Birds were sampled with a shotgun """"in Kongsfjorden"""". I am inferring that they didn't fish them out of the water with nets, and that they were in fact shot on the rocky banks of Kongsfjorden.",2015,Toxic and essential elements changed in black-legged kittiwakes (Rissa tridactyla) during their stay in an Arctic breeding area,Primary,Birds,Rissa tridactyla,Muscle,Adult,Mixed,Black-legged kittiwake trace element study Kongsfjorden,2007-05-11,2007-10-06,,Not relevant,NA,NTNU,Sam Welch,2025-11-03,"Study of seasonal fluctuations in mercury (Hg), cadmium (Cd), zinc (Zn), copper (Cu) and selenium (Se) concentrations in black-legged kittiwakes (Rissa tridactyla) from Kongsfjorden, Svalbard. Field sampling was part of International Polar Year (IPY) project Contaminants in Polar Regions (COPOL). Ten adult kittiwakes sampled each month using shotgun. Permission for sampling given by Governor of Svalbard.",NA,NA,NA,NA,NA,NA,NA,NA
KittiwakeKongs2007_Kongsfjorden,Copper,2007-10-05,"Biota, Other",liver,,NA,,NA,NA,,NA,NA,,NA,,S01_Other_KittiwakeK,E01_Microwaveassist_KittiwakeK,E01_Microwaveassist_KittiwakeK,A01_Icpms_KittiwakeK,2015verjordetToxicAndEssential,KittiwakeKongs2007_Kongsfjorden-Copper-BiotaOther-2007-10-05-Rliver,KittiwakeKongs2007,Biota,Stressor,Concentration,,"Kongsfjorden, Spitsbergen",Bare land and lichen/moss,Not relevant,Svalbard and Jan Mayen,Not relevant,78.9,12.7,0,m,"Birds were sampled with a shotgun """"in Kongsfjorden"""". I am inferring that they didn't fish them out of the water with nets, and that they were in fact shot on the rocky banks of Kongsfjorden.",2015,Toxic and essential elements changed in black-legged kittiwakes (Rissa tridactyla) during their stay in an Arctic breeding area,Primary,Birds,Rissa tridactyla,Liver,Adult,Mixed,Black-legged kittiwake trace element study Kongsfjorden,2007-05-11,2007-10-06,,Not relevant,NA,NTNU,Sam Welch,2025-11-03,"Study of seasonal fluctuations in mercury (Hg), cadmium (Cd), zinc (Zn), copper (Cu) and selenium (Se) concentrations in black-legged kittiwakes (Rissa tridactyla) from Kongsfjorden, Svalbard. Field sampling was part of International Polar Year (IPY) project Contaminants in Polar Regions (COPOL). Ten adult kittiwakes sampled each month using shotgun. Permission for sampling given by Governor of Svalbard.",NA,NA,NA,NA,NA,NA,NA,NA
KittiwakeKongs2007_Kongsfjorden,Copper,2007-10-05,"Biota, Other",muscle,,NA,,NA,NA,,NA,NA,,NA,,S01_Other_KittiwakeK,E01_Microwaveassist_KittiwakeK,E01_Microwaveassist_KittiwakeK,A01_Icpms_KittiwakeK,2015verjordetToxicAndEssential,KittiwakeKongs2007_Kongsfjorden-Copper-BiotaOther-2007-10-05-Rmuscle,KittiwakeKongs2007,Biota,Stressor,Concentration,,"Kongsfjorden, Spitsbergen",Bare land and lichen/moss,Not relevant,Svalbard and Jan Mayen,Not relevant,78.9,12.7,0,m,"Birds were sampled with a shotgun """"in Kongsfjorden"""". I am inferring that they didn't fish them out of the water with nets, and that they were in fact shot on the rocky banks of Kongsfjorden.",2015,Toxic and essential elements changed in black-legged kittiwakes (Rissa tridactyla) during their stay in an Arctic breeding area,Primary,Birds,Rissa tridactyla,Muscle,Adult,Mixed,Black-legged kittiwake trace element study Kongsfjorden,2007-05-11,2007-10-06,,Not relevant,NA,NTNU,Sam Welch,2025-11-03,"Study of seasonal fluctuations in mercury (Hg), cadmium (Cd), zinc (Zn), copper (Cu) and selenium (Se) concentrations in black-legged kittiwakes (Rissa tridactyla) from Kongsfjorden, Svalbard. Field sampling was part of International Polar Year (IPY) project Contaminants in Polar Regions (COPOL). Ten adult kittiwakes sampled each month using shotgun. Permission for sampling given by Governor of Svalbard.",NA,NA,NA,NA,NA,NA,NA,NA
Frænfjord_Brooks_Biomonitoring_1,Copper,2016-06-21,"Biota, Aquatic",1,,8.02,Standard Deviation,7.32,8.72,μg/g (wet),100,NA,mg/L,NA,mg/L,Caged organisms,Acid digestion,Acid extractable,Inductively coupled plasma mass spectrometry,2018BrooksAnIntegrativeBiological,Frænfjord_Brooks_Biomonitoring_1-Copper-BiotaAquatic-2016-06-21-R 1,Hustadmarmor2016,Biota,Stressor,Concentration,NA,"Biomonitoring Site for Frænfjord limestone mine, 1500m from tailings source","Coastal, fjord","Water column, pelagic zone",Norway,NA,62.8403,7.0926,-19,m,Approximate coordinates of site used for biomonitoring with captured mussels.,2018,An integrative biological effects assessment of a mine discharge into a Norwegian fjord using field transplanted mussels,Primary,Molluscs,Mytilus edulis,Total Soft Tissues,Adult,Not reported,Omya Hustadmarmor mine discharge biological effects assessment,2016-04-27,2016-06-21,NA,Not relevant,NA,Norwegian Institute for Water Research (NIVA),Sam Welch,2025-10-31,Field transplanted mussels used to assess biological effects of mine discharge into Frænfjord. Mussels deployed at known distances from discharge outlet for 8 weeks.,mg/kg (wet),0.00802,0.00732,0.00872,mg/L,NA,mg/L,NA
Frænfjord_Brooks_Biomonitoring_2,Copper,2016-06-21,"Biota, Aquatic",1,,7.46,Standard Deviation,9.16,5.76,μg/g (wet),100,NA,mg/L,NA,mg/L,Caged organisms,Acid digestion,Acid extractable,Inductively coupled plasma mass spectrometry,2018BrooksAnIntegrativeBiological,Frænfjord_Brooks_Biomonitoring_2-Copper-BiotaAquatic-2016-06-21-R 1,Hustadmarmor2016,Biota,Stressor,Concentration,NA,"Biomonitoring Site for Frænfjord limestone mine, 2000m from tailings source","Coastal, fjord","Water column, pelagic zone",Norway,NA,62.8376,7.0822,-19,m,Approximate coordinates of site used for biomonitoring with captured mussels.,2018,An integrative biological effects assessment of a mine discharge into a Norwegian fjord using field transplanted mussels,Primary,Molluscs,Mytilus edulis,Total Soft Tissues,Adult,Not reported,Omya Hustadmarmor mine discharge biological effects assessment,2016-04-27,2016-06-21,NA,Not relevant,NA,Norwegian Institute for Water Research (NIVA),Sam Welch,2025-10-31,Field transplanted mussels used to assess biological effects of mine discharge into Frænfjord. Mussels deployed at known distances from discharge outlet for 8 weeks.,mg/kg (wet),0.00746,0.00916,0.0057599999999999995,mg/L,NA,mg/L,NA
Frænfjord_Brooks_Biomonitoring_3,Copper,2016-06-21,"Biota, Aquatic",1,,7.12,Standard Deviation,7.42,6.82,μg/g (wet),100,NA,mg/L,NA,mg/L,Caged organisms,Acid digestion,Acid extractable,Inductively coupled plasma mass spectrometry,2018BrooksAnIntegrativeBiological,Frænfjord_Brooks_Biomonitoring_3-Copper-BiotaAquatic-2016-06-21-R 1,Hustadmarmor2016,Biota,Stressor,Concentration,NA,"Biomonitoring Site for Frænfjord limestone mine, 6000m from tailings source","Coastal, fjord","Water column, pelagic zone",Norway,NA,62.8262,7.004,-19,m,Approximate coordinates of site used for biomonitoring with captured mussels.,2018,An integrative biological effects assessment of a mine discharge into a Norwegian fjord using field transplanted mussels,Primary,Molluscs,Mytilus edulis,Total Soft Tissues,Adult,Not reported,Omya Hustadmarmor mine discharge biological effects assessment,2016-04-27,2016-06-21,NA,Not relevant,NA,Norwegian Institute for Water Research (NIVA),Sam Welch,2025-10-31,Field transplanted mussels used to assess biological effects of mine discharge into Frænfjord. Mussels deployed at known distances from discharge outlet for 8 weeks.,mg/kg (wet),0.0071200000000000005,0.0074199999999999995,0.0068200000000000005,mg/L,NA,mg/L,NA
Solbergstrand_Brooks_Mussel_Source,Copper,2016-04-01,"Biota, Aquatic",1,,7.62,Standard Deviation,7.81,7.43,μg/g (wet),100,NA,mg/L,NA,mg/L,Caged organisms,Acid digestion,Acid extractable,Inductively coupled plasma mass spectrometry,2018BrooksAnIntegrativeBiological,Solbergstrand_Brooks_Mussel_Source-Copper-BiotaAquatic-2016-04-01-R 1,Hustadmarmor2016,Biota,Stressor,Concentration,NA,Location of Blue mussel collection/culturing with filtered seawater.,"Coastal, fjord","Water column, pelagic zone",Norway,NA,59.6162,10.6491,0,m,Mussels used in biomonitoring were collected from the vicinity of Solbergstrand station and cultured in filtered seawater. It is presumed that copper concentrations in this seawater will be roughly equivalent to fjord conditions.,2018,An integrative biological effects assessment of a mine discharge into a Norwegian fjord using field transplanted mussels,Primary,Molluscs,Mytilus edulis,Total Soft Tissues,Adult,Not reported,Omya Hustadmarmor mine discharge biological effects assessment,2016-04-27,2016-06-21,NA,Not relevant,NA,Norwegian Institute for Water Research (NIVA),Sam Welch,2025-10-31,Field transplanted mussels used to assess biological effects of mine discharge into Frænfjord. Mussels deployed at known distances from discharge outlet for 8 weeks.,mg/kg (wet),0.00762,0.007809999999999999,0.00743,mg/L,NA,mg/L,NA
Trondheim2016_LARA,Copper,2016-10-01,Sludge,sludge,,90,Standard Deviation,90,82.7,mg/kg (wet),6,NA,,NA,,S01_CompositeSampli_Trondheim2,E01_Filtration_Trondheim2,E01_Filtration_Trondheim2,A01_InductivelyCoup_Trondheim2,2020FarkasMonitoringAndModelling,Trondheim2016_LARA-Copper-AquaticSedim-2016-10-01-R 1,,Aquatic,Stressor,Concentration,Mean over 24h x sample size? Also reported in paper as dry weight.,Ladehammeren,WWTP,Other,Norway,Norway,63.44,10.42,0,m,"Primary wastewater treatment plant serving Trondheim, capacity 120,000 PE, receives substantial industrial loading contributions (up to 40%)",2020,"Monitoring and modelling of influent patterns, phase distribution and removal of 20 elements in two primary wastewater treatment plants in Norway",Primary,NA,NA,NA,NA,NA,NA,NA,NA,NA,NA,NA,NA,NA,NA,NA,mg/kg (wet),90,90,82.7,NA,NA,NA,NA
Trondheim2016_HØRA,Copper,2016-10-01,Sludge,sludge,,105,Standard Deviation,105.32,104.68,mg/kg (wet),5,NA,,NA,,S01_CompositeSampli_Trondheim2,E01_Filtration_Trondheim2,E01_Filtration_Trondheim2,A01_InductivelyCoup_Trondheim2,2020FarkasMonitoringAndModelling,Trondheim2016_HØRA-Copper-AquaticSedim-2016-10-01-R 1,,Aquatic,Stressor,Concentration,Mean over 24h x sample size? Also reported in paper as dry weight.,Høvringen,WWTP,Other,Norway,Norway,63.44,10.33,0,m,"Primary wastewater treatment plant serving Trondheim, capacity 170,000 PE, receives household and hospital discharges",2020,"Monitoring and modelling of influent patterns, phase distribution and removal of 20 elements in two primary wastewater treatment plants in Norway",Primary,NA,NA,NA,NA,NA,NA,NA,NA,NA,NA,NA,NA,NA,NA,NA,mg/kg (wet),105,105.32,104.68,NA,NA,NA,NA
Trondheim2016_LARA,Copper,2016-10-01,Wastewater,wastewater in,,80.4,Standard Deviation,93.4,67.4,µg/L,3,NA,,NA,,S01_CompositeSampli_Trondheim2,E01_Filtration_Trondheim2,E01_Filtration_Trondheim2,A01_InductivelyCoup_Trondheim2,2020FarkasMonitoringAndModelling,Trondheim2016_LARA-Copper-Wastewater-2016-10-01-Rwastewater in,,Aquatic,Stressor,Concentration,Mean over 24h x sample size?,Ladehammeren,WWTP,Other,Norway,Norway,63.44,10.42,0,m,"Primary wastewater treatment plant serving Trondheim, capacity 120,000 PE, receives substantial industrial loading contributions (up to 40%)",2020,"Monitoring and modelling of influent patterns, phase distribution and removal of 20 elements in two primary wastewater treatment plants in Norway",Primary,NA,NA,NA,NA,NA,NA,NA,NA,NA,NA,NA,NA,NA,NA,NA,mg/L,0.0804,0.09340000000000001,0.0674,NA,NA,NA,NA
Trondheim2016_HØRA,Copper,2016-10-01,Wastewater,wastewater in,,94.6,Standard Deviation,113.2,76,µg/L,2,NA,,NA,,S01_CompositeSampli_Trondheim2,E01_Filtration_Trondheim2,E01_Filtration_Trondheim2,A01_InductivelyCoup_Trondheim2,2020FarkasMonitoringAndModelling,Trondheim2016_HØRA-Copper-Wastewater-2016-10-01-Rwastewater in,,Aquatic,Stressor,Concentration,Mean over 24h x sample size?,Høvringen,WWTP,Other,Norway,Norway,63.44,10.33,0,m,"Primary wastewater treatment plant serving Trondheim, capacity 170,000 PE, receives household and hospital discharges",2020,"Monitoring and modelling of influent patterns, phase distribution and removal of 20 elements in two primary wastewater treatment plants in Norway",Primary,NA,NA,NA,NA,NA,NA,NA,NA,NA,NA,NA,NA,NA,NA,NA,mg/L,0.09459999999999999,0.11320000000000001,0.076,NA,NA,NA,NA
Trondheim2016_LARA,Copper,2016-10-01,Wastewater,wastewater out,,33.5,Standard Deviation,40.41,26.59,µg/L,3,NA,,NA,,S01_CompositeSampli_Trondheim2,E01_Filtration_Trondheim2,E01_Filtration_Trondheim2,A01_InductivelyCoup_Trondheim2,2020FarkasMonitoringAndModelling,Trondheim2016_LARA-Copper-Wastewater-2016-10-01-Rwastewater out,,Aquatic,Stressor,Concentration,Mean over 24h x sample size?,Ladehammeren,WWTP,Other,Norway,Norway,63.44,10.42,0,m,"Primary wastewater treatment plant serving Trondheim, capacity 120,000 PE, receives substantial industrial loading contributions (up to 40%)",2020,"Monitoring and modelling of influent patterns, phase distribution and removal of 20 elements in two primary wastewater treatment plants in Norway",Primary,NA,NA,NA,NA,NA,NA,NA,NA,NA,NA,NA,NA,NA,NA,NA,mg/L,0.0335,0.040409999999999995,0.02659,NA,NA,NA,NA
Trondheim2016_HØRA,Copper,2016-10-01,Wastewater,wastewater out,,59.4,Standard Deviation,81,37.8,µg/L,2,NA,,NA,,S01_CompositeSampli_Trondheim2,E01_Filtration_Trondheim2,E01_Filtration_Trondheim2,A01_InductivelyCoup_Trondheim2,2020FarkasMonitoringAndModelling,Trondheim2016_HØRA-Copper-Wastewater-2016-10-01-Rwastewater out,,Aquatic,Stressor,Concentration,Mean over 24h x sample size?,Høvringen,WWTP,Other,Norway,Norway,63.44,10.33,0,m,"Primary wastewater treatment plant serving Trondheim, capacity 170,000 PE, receives household and hospital discharges",2020,"Monitoring and modelling of influent patterns, phase distribution and removal of 20 elements in two primary wastewater treatment plants in Norway",Primary,NA,NA,NA,NA,NA,NA,NA,NA,NA,NA,NA,NA,NA,NA,NA,mg/L,0.0594,0.081,0.0378,NA,NA,NA,NA
BarentsHalibutCu2006_RH2,Copper,2006-10-01,"Biota, Aquatic",1,,0.21,Standard Deviation,0.29,0.13,mg/kg (wet),29,NA,mg/L,NA,mg/L,Trawl,Microwave-assisted acid digestion,Acid extractable,AAS,2021WojtasikTemporalIsolationBetween,BarentsHalibutCu2006_RH2-Copper-BiotaAquatic-2006-10-01-R 1,BarentsHalibutCu2006,Biota,Stressor,Concentration,NA,Western Barents Sea trawl location RH2,"Ocean, sea, territorial waters","Water column, pelagic zone",Not reported,Barents Sea,74.985,15.383,-700,m,Each point is the mid point (converted from minute deg) of a short linear trawl. Depth is roughly averaged from the reported range of sampled depths.,2021,"Temporal isolation between two strongly differentiated stocks of the Greenland halibut (Reinhardtius hippoglossoides Walbaum, 1792) from the Western Barents Sea",Primary,Fish,Reinhardtius hippoglossoides,Muscle,Adult,Mixed,Western Barents Sea Greenland halibut genetic diversity and heavy metals study,2006-10-09,2006-10-17,NA,Not relevant,NA,University of Gdansk,Sam Welch,2025-10-30,"Commercial cruise to study genetic diversity and heavy metal concentrations in Greenland halibut during spawning migration period in Western Barents Sea. Four samples collected from trawls at different depths and locations. Only two trawls analysed for metal content. Individual organism concentrations reported in paper, but summary statistics calculated in paper used here for efficiency's sake.",mg/kg (wet),0.21,0.29,0.13,mg/L,NA,mg/L,NA
BarentsHalibutCu2006_RH4,Copper,2006-10-01,"Biota, Aquatic",1,,0.17,Standard Deviation,0.24,0.1,mg/kg (wet),14,NA,mg/L,NA,mg/L,Trawl,Microwave-assisted acid digestion,Acid extractable,AAS,2021WojtasikTemporalIsolationBetween,BarentsHalibutCu2006_RH4-Copper-BiotaAquatic-2006-10-01-R 1,BarentsHalibutCu2006,Biota,Stressor,Concentration,NA,Western Barents Sea trawl location RH4,"Ocean, sea, territorial waters","Water column, pelagic zone",Not reported,Barents Sea,74.645,15.567,-585,m,Each point is the mid point (converted from minute deg) of a short linear trawl. Depth is roughly averaged from the reported range of sampled depths.,2021,"Temporal isolation between two strongly differentiated stocks of the Greenland halibut (Reinhardtius hippoglossoides Walbaum, 1792) from the Western Barents Sea",Primary,Fish,Reinhardtius hippoglossoides,Muscle,Adult,Mixed,Western Barents Sea Greenland halibut genetic diversity and heavy metals study,2006-10-09,2006-10-17,NA,Not relevant,NA,University of Gdansk,Sam Welch,2025-10-30,"Commercial cruise to study genetic diversity and heavy metal concentrations in Greenland halibut during spawning migration period in Western Barents Sea. Four samples collected from trawls at different depths and locations. Only two trawls analysed for metal content. Individual organism concentrations reported in paper, but summary statistics calculated in paper used here for efficiency's sake.",mg/kg (wet),0.17,0.24,0.1,mg/L,NA,mg/L,NA
Flekkefjord2018_S1,Copper,2018-06-27,"Biota, Aquatic",5m,,2.6,Not Reported,NA,NA,mg/kg (wet),50,NA,,NA,,S01_CagedOrganismDe_Flekkefjor,F01_AcidFrac_Flekkefjor,E01_MicrowaveAcid_Flekkefjor,A01_ICPMS_Flekkefjor,2022ParoliniTrendsAndPotential,Flekkefjord2018_S1-Copper-BiotaAquatic-2018-06-27-R5m,Flekkefjord2018,Biota,Stressor,Concentration,caged exposure monitoring day t=0,S1 - Reference site in outer Flekkefjord,"Coastal, fjord","Water column, pelagic zone",Norway,Norway,58.275,6.6536,10,m,Located in the outer part of Flekkefjord and chosen as a reference site. Coordinates: 58° 16′ 30.0″ N—6° 39′ 12.9″ E,2022,Trends and potential human health risk of trace elements accumulated in transplanted blue mussels during restoration activities of Flekkefjord fjord (Southern Norway),Primary,Molluscs,Mytilus edulis,Total soft tissues,Adult,Not reported,Active biomonitoring of trace elements in Flekkefjord fjord during restoration activities,2018-06-27,2018-12-15,,Not relevant,NA,University of Milan,Sam Welch,2025-11-02,"6-months active biomonitoring using transplanted blue mussels (Mytilus edulis) in five locations within Flekkefjord fjord to monitor trace elements before and during restoration activities. Mussels were transplanted at 5m and 15m depths and sampled at t=0, 30, 135, 166, and 196 days. Some cages were lost due to storms and mortality occurred in some locations.",mg/kg (wet),2.6,NA,NA,NA,NA,NA,NA
Flekkefjord2018_S1,Copper,2018-06-27,"Biota, Aquatic",15m,,3.01,Not Reported,NA,NA,mg/kg (wet),50,NA,,NA,,S01_CagedOrganismDe_Flekkefjor,F01_AcidFrac_Flekkefjor,E01_MicrowaveAcid_Flekkefjor,A01_ICPMS_Flekkefjor,2022ParoliniTrendsAndPotential,Flekkefjord2018_S1-Copper-BiotaAquatic-2018-06-27-R15m,Flekkefjord2018,Biota,Stressor,Concentration,caged exposure monitoring day t=0,S1 - Reference site in outer Flekkefjord,"Coastal, fjord","Water column, pelagic zone",Norway,Norway,58.275,6.6536,10,m,Located in the outer part of Flekkefjord and chosen as a reference site. Coordinates: 58° 16′ 30.0″ N—6° 39′ 12.9″ E,2022,Trends and potential human health risk of trace elements accumulated in transplanted blue mussels during restoration activities of Flekkefjord fjord (Southern Norway),Primary,Molluscs,Mytilus edulis,Total soft tissues,Adult,Not reported,Active biomonitoring of trace elements in Flekkefjord fjord during restoration activities,2018-06-27,2018-12-15,,Not relevant,NA,University of Milan,Sam Welch,2025-11-02,"6-months active biomonitoring using transplanted blue mussels (Mytilus edulis) in five locations within Flekkefjord fjord to monitor trace elements before and during restoration activities. Mussels were transplanted at 5m and 15m depths and sampled at t=0, 30, 135, 166, and 196 days. Some cages were lost due to storms and mortality occurred in some locations.",mg/kg (wet),3.01,NA,NA,NA,NA,NA,NA
Flekkefjord2018_S1,Copper,2018-07-27,"Biota, Aquatic",5m,,1.13,Not Reported,NA,NA,mg/kg (wet),50,NA,,NA,,S01_CagedOrganismDe_Flekkefjor,F01_AcidFrac_Flekkefjor,E01_MicrowaveAcid_Flekkefjor,A01_ICPMS_Flekkefjor,2022ParoliniTrendsAndPotential,Flekkefjord2018_S1-Copper-BiotaAquatic-2018-07-27-R5m,Flekkefjord2018,Biota,Stressor,Concentration,caged exposure monitoring day t=30,S1 - Reference site in outer Flekkefjord,"Coastal, fjord","Water column, pelagic zone",Norway,Norway,58.275,6.6536,10,m,Located in the outer part of Flekkefjord and chosen as a reference site. Coordinates: 58° 16′ 30.0″ N—6° 39′ 12.9″ E,2022,Trends and potential human health risk of trace elements accumulated in transplanted blue mussels during restoration activities of Flekkefjord fjord (Southern Norway),Primary,Molluscs,Mytilus edulis,Total soft tissues,Adult,Not reported,Active biomonitoring of trace elements in Flekkefjord fjord during restoration activities,2018-06-27,2018-12-15,,Not relevant,NA,University of Milan,Sam Welch,2025-11-02,"6-months active biomonitoring using transplanted blue mussels (Mytilus edulis) in five locations within Flekkefjord fjord to monitor trace elements before and during restoration activities. Mussels were transplanted at 5m and 15m depths and sampled at t=0, 30, 135, 166, and 196 days. Some cages were lost due to storms and mortality occurred in some locations.",mg/kg (wet),1.13,NA,NA,NA,NA,NA,NA
Flekkefjord2018_S1,Copper,2018-07-27,"Biota, Aquatic",15m,,2.78,Not Reported,NA,NA,mg/kg (wet),50,NA,,NA,,S01_CagedOrganismDe_Flekkefjor,F01_AcidFrac_Flekkefjor,E01_MicrowaveAcid_Flekkefjor,A01_ICPMS_Flekkefjor,2022ParoliniTrendsAndPotential,Flekkefjord2018_S1-Copper-BiotaAquatic-2018-07-27-R15m,Flekkefjord2018,Biota,Stressor,Concentration,caged exposure monitoring day t=30,S1 - Reference site in outer Flekkefjord,"Coastal, fjord","Water column, pelagic zone",Norway,Norway,58.275,6.6536,10,m,Located in the outer part of Flekkefjord and chosen as a reference site. Coordinates: 58° 16′ 30.0″ N—6° 39′ 12.9″ E,2022,Trends and potential human health risk of trace elements accumulated in transplanted blue mussels during restoration activities of Flekkefjord fjord (Southern Norway),Primary,Molluscs,Mytilus edulis,Total soft tissues,Adult,Not reported,Active biomonitoring of trace elements in Flekkefjord fjord during restoration activities,2018-06-27,2018-12-15,,Not relevant,NA,University of Milan,Sam Welch,2025-11-02,"6-months active biomonitoring using transplanted blue mussels (Mytilus edulis) in five locations within Flekkefjord fjord to monitor trace elements before and during restoration activities. Mussels were transplanted at 5m and 15m depths and sampled at t=0, 30, 135, 166, and 196 days. Some cages were lost due to storms and mortality occurred in some locations.",mg/kg (wet),2.78,NA,NA,NA,NA,NA,NA
Flekkefjord2018_S1,Copper,2018-10-10,"Biota, Aquatic",5m,,2.5,Not Reported,NA,NA,mg/kg (wet),50,NA,,NA,,S01_CagedOrganismDe_Flekkefjor,F01_AcidFrac_Flekkefjor,E01_MicrowaveAcid_Flekkefjor,A01_ICPMS_Flekkefjor,2022ParoliniTrendsAndPotential,Flekkefjord2018_S1-Copper-BiotaAquatic-2018-10-10-R5m,Flekkefjord2018,Biota,Stressor,Concentration,caged exposure monitoring day t=135,S1 - Reference site in outer Flekkefjord,"Coastal, fjord","Water column, pelagic zone",Norway,Norway,58.275,6.6536,10,m,Located in the outer part of Flekkefjord and chosen as a reference site. Coordinates: 58° 16′ 30.0″ N—6° 39′ 12.9″ E,2022,Trends and potential human health risk of trace elements accumulated in transplanted blue mussels during restoration activities of Flekkefjord fjord (Southern Norway),Primary,Molluscs,Mytilus edulis,Total soft tissues,Adult,Not reported,Active biomonitoring of trace elements in Flekkefjord fjord during restoration activities,2018-06-27,2018-12-15,,Not relevant,NA,University of Milan,Sam Welch,2025-11-02,"6-months active biomonitoring using transplanted blue mussels (Mytilus edulis) in five locations within Flekkefjord fjord to monitor trace elements before and during restoration activities. Mussels were transplanted at 5m and 15m depths and sampled at t=0, 30, 135, 166, and 196 days. Some cages were lost due to storms and mortality occurred in some locations.",mg/kg (wet),2.5,NA,NA,NA,NA,NA,NA
Flekkefjord2018_S1,Copper,2018-10-10,"Biota, Aquatic",15m,,5.83,Not Reported,NA,NA,mg/kg (wet),50,NA,,NA,,S01_CagedOrganismDe_Flekkefjor,F01_AcidFrac_Flekkefjor,E01_MicrowaveAcid_Flekkefjor,A01_ICPMS_Flekkefjor,2022ParoliniTrendsAndPotential,Flekkefjord2018_S1-Copper-BiotaAquatic-2018-10-10-R15m,Flekkefjord2018,Biota,Stressor,Concentration,caged exposure monitoring day t=135,S1 - Reference site in outer Flekkefjord,"Coastal, fjord","Water column, pelagic zone",Norway,Norway,58.275,6.6536,10,m,Located in the outer part of Flekkefjord and chosen as a reference site. Coordinates: 58° 16′ 30.0″ N—6° 39′ 12.9″ E,2022,Trends and potential human health risk of trace elements accumulated in transplanted blue mussels during restoration activities of Flekkefjord fjord (Southern Norway),Primary,Molluscs,Mytilus edulis,Total soft tissues,Adult,Not reported,Active biomonitoring of trace elements in Flekkefjord fjord during restoration activities,2018-06-27,2018-12-15,,Not relevant,NA,University of Milan,Sam Welch,2025-11-02,"6-months active biomonitoring using transplanted blue mussels (Mytilus edulis) in five locations within Flekkefjord fjord to monitor trace elements before and during restoration activities. Mussels were transplanted at 5m and 15m depths and sampled at t=0, 30, 135, 166, and 196 days. Some cages were lost due to storms and mortality occurred in some locations.",mg/kg (wet),5.83,NA,NA,NA,NA,NA,NA
Flekkefjord2018_S1,Copper,2018-11-15,"Biota, Aquatic",5m,,2.49,Not Reported,NA,NA,mg/kg (wet),50,NA,,NA,,S01_CagedOrganismDe_Flekkefjor,F01_AcidFrac_Flekkefjor,E01_MicrowaveAcid_Flekkefjor,A01_ICPMS_Flekkefjor,2022ParoliniTrendsAndPotential,Flekkefjord2018_S1-Copper-BiotaAquatic-2018-11-15-R5m,Flekkefjord2018,Biota,Stressor,Concentration,caged exposure monitoring day t=166,S1 - Reference site in outer Flekkefjord,"Coastal, fjord","Water column, pelagic zone",Norway,Norway,58.275,6.6536,10,m,Located in the outer part of Flekkefjord and chosen as a reference site. Coordinates: 58° 16′ 30.0″ N—6° 39′ 12.9″ E,2022,Trends and potential human health risk of trace elements accumulated in transplanted blue mussels during restoration activities of Flekkefjord fjord (Southern Norway),Primary,Molluscs,Mytilus edulis,Total soft tissues,Adult,Not reported,Active biomonitoring of trace elements in Flekkefjord fjord during restoration activities,2018-06-27,2018-12-15,,Not relevant,NA,University of Milan,Sam Welch,2025-11-02,"6-months active biomonitoring using transplanted blue mussels (Mytilus edulis) in five locations within Flekkefjord fjord to monitor trace elements before and during restoration activities. Mussels were transplanted at 5m and 15m depths and sampled at t=0, 30, 135, 166, and 196 days. Some cages were lost due to storms and mortality occurred in some locations.",mg/kg (wet),2.49,NA,NA,NA,NA,NA,NA
Flekkefjord2018_S1,Copper,2018-11-15,"Biota, Aquatic",15m,,2.14,Not Reported,NA,NA,mg/kg (wet),50,NA,,NA,,S01_CagedOrganismDe_Flekkefjor,F01_AcidFrac_Flekkefjor,E01_MicrowaveAcid_Flekkefjor,A01_ICPMS_Flekkefjor,2022ParoliniTrendsAndPotential,Flekkefjord2018_S1-Copper-BiotaAquatic-2018-11-15-R15m,Flekkefjord2018,Biota,Stressor,Concentration,caged exposure monitoring day t=166,S1 - Reference site in outer Flekkefjord,"Coastal, fjord","Water column, pelagic zone",Norway,Norway,58.275,6.6536,10,m,Located in the outer part of Flekkefjord and chosen as a reference site. Coordinates: 58° 16′ 30.0″ N—6° 39′ 12.9″ E,2022,Trends and potential human health risk of trace elements accumulated in transplanted blue mussels during restoration activities of Flekkefjord fjord (Southern Norway),Primary,Molluscs,Mytilus edulis,Total soft tissues,Adult,Not reported,Active biomonitoring of trace elements in Flekkefjord fjord during restoration activities,2018-06-27,2018-12-15,,Not relevant,NA,University of Milan,Sam Welch,2025-11-02,"6-months active biomonitoring using transplanted blue mussels (Mytilus edulis) in five locations within Flekkefjord fjord to monitor trace elements before and during restoration activities. Mussels were transplanted at 5m and 15m depths and sampled at t=0, 30, 135, 166, and 196 days. Some cages were lost due to storms and mortality occurred in some locations.",mg/kg (wet),2.14,NA,NA,NA,NA,NA,NA
Flekkefjord2018_S1,Copper,2018-12-15,"Biota, Aquatic",5m,,2.45,Not Reported,NA,NA,mg/kg (wet),50,NA,,NA,,S01_CagedOrganismDe_Flekkefjor,F01_AcidFrac_Flekkefjor,E01_MicrowaveAcid_Flekkefjor,A01_ICPMS_Flekkefjor,2022ParoliniTrendsAndPotential,Flekkefjord2018_S1-Copper-BiotaAquatic-2018-12-15-R5m,Flekkefjord2018,Biota,Stressor,Concentration,caged exposure monitoring day t=196,S1 - Reference site in outer Flekkefjord,"Coastal, fjord","Water column, pelagic zone",Norway,Norway,58.275,6.6536,10,m,Located in the outer part of Flekkefjord and chosen as a reference site. Coordinates: 58° 16′ 30.0″ N—6° 39′ 12.9″ E,2022,Trends and potential human health risk of trace elements accumulated in transplanted blue mussels during restoration activities of Flekkefjord fjord (Southern Norway),Primary,Molluscs,Mytilus edulis,Total soft tissues,Adult,Not reported,Active biomonitoring of trace elements in Flekkefjord fjord during restoration activities,2018-06-27,2018-12-15,,Not relevant,NA,University of Milan,Sam Welch,2025-11-02,"6-months active biomonitoring using transplanted blue mussels (Mytilus edulis) in five locations within Flekkefjord fjord to monitor trace elements before and during restoration activities. Mussels were transplanted at 5m and 15m depths and sampled at t=0, 30, 135, 166, and 196 days. Some cages were lost due to storms and mortality occurred in some locations.",mg/kg (wet),2.45,NA,NA,NA,NA,NA,NA
Flekkefjord2018_S1,Copper,2018-12-15,"Biota, Aquatic",15m,,2.82,Not Reported,NA,NA,mg/kg (wet),50,NA,,NA,,S01_CagedOrganismDe_Flekkefjor,F01_AcidFrac_Flekkefjor,E01_MicrowaveAcid_Flekkefjor,A01_ICPMS_Flekkefjor,2022ParoliniTrendsAndPotential,Flekkefjord2018_S1-Copper-BiotaAquatic-2018-12-15-R15m,Flekkefjord2018,Biota,Stressor,Concentration,caged exposure monitoring day t=196,S1 - Reference site in outer Flekkefjord,"Coastal, fjord","Water column, pelagic zone",Norway,Norway,58.275,6.6536,10,m,Located in the outer part of Flekkefjord and chosen as a reference site. Coordinates: 58° 16′ 30.0″ N—6° 39′ 12.9″ E,2022,Trends and potential human health risk of trace elements accumulated in transplanted blue mussels during restoration activities of Flekkefjord fjord (Southern Norway),Primary,Molluscs,Mytilus edulis,Total soft tissues,Adult,Not reported,Active biomonitoring of trace elements in Flekkefjord fjord during restoration activities,2018-06-27,2018-12-15,,Not relevant,NA,University of Milan,Sam Welch,2025-11-02,"6-months active biomonitoring using transplanted blue mussels (Mytilus edulis) in five locations within Flekkefjord fjord to monitor trace elements before and during restoration activities. Mussels were transplanted at 5m and 15m depths and sampled at t=0, 30, 135, 166, and 196 days. Some cages were lost due to storms and mortality occurred in some locations.",mg/kg (wet),2.82,NA,NA,NA,NA,NA,NA
Flekkefjord2018_S2,Copper,2018-06-27,"Biota, Aquatic",5m,,0.75,Not Reported,NA,NA,mg/kg (wet),50,NA,,NA,,S01_CagedOrganismDe_Flekkefjor,F01_AcidFrac_Flekkefjor,E01_MicrowaveAcid_Flekkefjor,A01_ICPMS_Flekkefjor,2022ParoliniTrendsAndPotential,Flekkefjord2018_S2-Copper-BiotaAquatic-2018-06-27-R5m,Flekkefjord2018,Biota,Stressor,Concentration,caged exposure monitoring day t=0,S2 - Near old ship industry,"Coastal, fjord","Water column, pelagic zone",Norway,Norway,58.2841,6.6543,10,m,Located nearby an old ship industry. Coordinates: 58° 17′ 02.7″ N—6° 39′ 15.6″ E,2022,Trends and potential human health risk of trace elements accumulated in transplanted blue mussels during restoration activities of Flekkefjord fjord (Southern Norway),Primary,Molluscs,Mytilus edulis,Total soft tissues,Adult,Not reported,Active biomonitoring of trace elements in Flekkefjord fjord during restoration activities,2018-06-27,2018-12-15,,Not relevant,NA,University of Milan,Sam Welch,2025-11-02,"6-months active biomonitoring using transplanted blue mussels (Mytilus edulis) in five locations within Flekkefjord fjord to monitor trace elements before and during restoration activities. Mussels were transplanted at 5m and 15m depths and sampled at t=0, 30, 135, 166, and 196 days. Some cages were lost due to storms and mortality occurred in some locations.",mg/kg (wet),0.75,NA,NA,NA,NA,NA,NA
Flekkefjord2018_S2,Copper,2018-06-27,"Biota, Aquatic",15m,,1.49,Not Reported,NA,NA,mg/kg (wet),50,NA,,NA,,S01_CagedOrganismDe_Flekkefjor,F01_AcidFrac_Flekkefjor,E01_MicrowaveAcid_Flekkefjor,A01_ICPMS_Flekkefjor,2022ParoliniTrendsAndPotential,Flekkefjord2018_S2-Copper-BiotaAquatic-2018-06-27-R15m,Flekkefjord2018,Biota,Stressor,Concentration,caged exposure monitoring day t=0,S2 - Near old ship industry,"Coastal, fjord","Water column, pelagic zone",Norway,Norway,58.2841,6.6543,10,m,Located nearby an old ship industry. Coordinates: 58° 17′ 02.7″ N—6° 39′ 15.6″ E,2022,Trends and potential human health risk of trace elements accumulated in transplanted blue mussels during restoration activities of Flekkefjord fjord (Southern Norway),Primary,Molluscs,Mytilus edulis,Total soft tissues,Adult,Not reported,Active biomonitoring of trace elements in Flekkefjord fjord during restoration activities,2018-06-27,2018-12-15,,Not relevant,NA,University of Milan,Sam Welch,2025-11-02,"6-months active biomonitoring using transplanted blue mussels (Mytilus edulis) in five locations within Flekkefjord fjord to monitor trace elements before and during restoration activities. Mussels were transplanted at 5m and 15m depths and sampled at t=0, 30, 135, 166, and 196 days. Some cages were lost due to storms and mortality occurred in some locations.",mg/kg (wet),1.49,NA,NA,NA,NA,NA,NA
Flekkefjord2018_S2,Copper,2018-07-27,"Biota, Aquatic",5m,,5.78,Not Reported,NA,NA,mg/kg (wet),50,NA,,NA,,S01_CagedOrganismDe_Flekkefjor,F01_AcidFrac_Flekkefjor,E01_MicrowaveAcid_Flekkefjor,A01_ICPMS_Flekkefjor,2022ParoliniTrendsAndPotential,Flekkefjord2018_S2-Copper-BiotaAquatic-2018-07-27-R5m,Flekkefjord2018,Biota,Stressor,Concentration,caged exposure monitoring day t=30,S2 - Near old ship industry,"Coastal, fjord","Water column, pelagic zone",Norway,Norway,58.2841,6.6543,10,m,Located nearby an old ship industry. Coordinates: 58° 17′ 02.7″ N—6° 39′ 15.6″ E,2022,Trends and potential human health risk of trace elements accumulated in transplanted blue mussels during restoration activities of Flekkefjord fjord (Southern Norway),Primary,Molluscs,Mytilus edulis,Total soft tissues,Adult,Not reported,Active biomonitoring of trace elements in Flekkefjord fjord during restoration activities,2018-06-27,2018-12-15,,Not relevant,NA,University of Milan,Sam Welch,2025-11-02,"6-months active biomonitoring using transplanted blue mussels (Mytilus edulis) in five locations within Flekkefjord fjord to monitor trace elements before and during restoration activities. Mussels were transplanted at 5m and 15m depths and sampled at t=0, 30, 135, 166, and 196 days. Some cages were lost due to storms and mortality occurred in some locations.",mg/kg (wet),5.78,NA,NA,NA,NA,NA,NA
Flekkefjord2018_S2,Copper,2018-07-27,"Biota, Aquatic",15m,,1.69,Not Reported,NA,NA,mg/kg (wet),50,NA,,NA,,S01_CagedOrganismDe_Flekkefjor,F01_AcidFrac_Flekkefjor,E01_MicrowaveAcid_Flekkefjor,A01_ICPMS_Flekkefjor,2022ParoliniTrendsAndPotential,Flekkefjord2018_S2-Copper-BiotaAquatic-2018-07-27-R15m,Flekkefjord2018,Biota,Stressor,Concentration,caged exposure monitoring day t=30,S2 - Near old ship industry,"Coastal, fjord","Water column, pelagic zone",Norway,Norway,58.2841,6.6543,10,m,Located nearby an old ship industry. Coordinates: 58° 17′ 02.7″ N—6° 39′ 15.6″ E,2022,Trends and potential human health risk of trace elements accumulated in transplanted blue mussels during restoration activities of Flekkefjord fjord (Southern Norway),Primary,Molluscs,Mytilus edulis,Total soft tissues,Adult,Not reported,Active biomonitoring of trace elements in Flekkefjord fjord during restoration activities,2018-06-27,2018-12-15,,Not relevant,NA,University of Milan,Sam Welch,2025-11-02,"6-months active biomonitoring using transplanted blue mussels (Mytilus edulis) in five locations within Flekkefjord fjord to monitor trace elements before and during restoration activities. Mussels were transplanted at 5m and 15m depths and sampled at t=0, 30, 135, 166, and 196 days. Some cages were lost due to storms and mortality occurred in some locations.",mg/kg (wet),1.69,NA,NA,NA,NA,NA,NA
Flekkefjord2018_S2,Copper,2018-10-10,"Biota, Aquatic",5m,,0.79,Not Reported,NA,NA,mg/kg (wet),50,NA,,NA,,S01_CagedOrganismDe_Flekkefjor,F01_AcidFrac_Flekkefjor,E01_MicrowaveAcid_Flekkefjor,A01_ICPMS_Flekkefjor,2022ParoliniTrendsAndPotential,Flekkefjord2018_S2-Copper-BiotaAquatic-2018-10-10-R5m,Flekkefjord2018,Biota,Stressor,Concentration,caged exposure monitoring day t=135,S2 - Near old ship industry,"Coastal, fjord","Water column, pelagic zone",Norway,Norway,58.2841,6.6543,10,m,Located nearby an old ship industry. Coordinates: 58° 17′ 02.7″ N—6° 39′ 15.6″ E,2022,Trends and potential human health risk of trace elements accumulated in transplanted blue mussels during restoration activities of Flekkefjord fjord (Southern Norway),Primary,Molluscs,Mytilus edulis,Total soft tissues,Adult,Not reported,Active biomonitoring of trace elements in Flekkefjord fjord during restoration activities,2018-06-27,2018-12-15,,Not relevant,NA,University of Milan,Sam Welch,2025-11-02,"6-months active biomonitoring using transplanted blue mussels (Mytilus edulis) in five locations within Flekkefjord fjord to monitor trace elements before and during restoration activities. Mussels were transplanted at 5m and 15m depths and sampled at t=0, 30, 135, 166, and 196 days. Some cages were lost due to storms and mortality occurred in some locations.",mg/kg (wet),0.79,NA,NA,NA,NA,NA,NA
Flekkefjord2018_S2,Copper,2018-10-10,"Biota, Aquatic",15m,,1.42,Not Reported,NA,NA,mg/kg (wet),50,NA,,NA,,S01_CagedOrganismDe_Flekkefjor,F01_AcidFrac_Flekkefjor,E01_MicrowaveAcid_Flekkefjor,A01_ICPMS_Flekkefjor,2022ParoliniTrendsAndPotential,Flekkefjord2018_S2-Copper-BiotaAquatic-2018-10-10-R15m,Flekkefjord2018,Biota,Stressor,Concentration,caged exposure monitoring day t=135,S2 - Near old ship industry,"Coastal, fjord","Water column, pelagic zone",Norway,Norway,58.2841,6.6543,10,m,Located nearby an old ship industry. Coordinates: 58° 17′ 02.7″ N—6° 39′ 15.6″ E,2022,Trends and potential human health risk of trace elements accumulated in transplanted blue mussels during restoration activities of Flekkefjord fjord (Southern Norway),Primary,Molluscs,Mytilus edulis,Total soft tissues,Adult,Not reported,Active biomonitoring of trace elements in Flekkefjord fjord during restoration activities,2018-06-27,2018-12-15,,Not relevant,NA,University of Milan,Sam Welch,2025-11-02,"6-months active biomonitoring using transplanted blue mussels (Mytilus edulis) in five locations within Flekkefjord fjord to monitor trace elements before and during restoration activities. Mussels were transplanted at 5m and 15m depths and sampled at t=0, 30, 135, 166, and 196 days. Some cages were lost due to storms and mortality occurred in some locations.",mg/kg (wet),1.42,NA,NA,NA,NA,NA,NA
Flekkefjord2018_S2,Copper,2018-11-15,"Biota, Aquatic",5m,,1.03,Not Reported,NA,NA,mg/kg (wet),50,NA,,NA,,S01_CagedOrganismDe_Flekkefjor,F01_AcidFrac_Flekkefjor,E01_MicrowaveAcid_Flekkefjor,A01_ICPMS_Flekkefjor,2022ParoliniTrendsAndPotential,Flekkefjord2018_S2-Copper-BiotaAquatic-2018-11-15-R5m,Flekkefjord2018,Biota,Stressor,Concentration,caged exposure monitoring day t=166,S2 - Near old ship industry,"Coastal, fjord","Water column, pelagic zone",Norway,Norway,58.2841,6.6543,10,m,Located nearby an old ship industry. Coordinates: 58° 17′ 02.7″ N—6° 39′ 15.6″ E,2022,Trends and potential human health risk of trace elements accumulated in transplanted blue mussels during restoration activities of Flekkefjord fjord (Southern Norway),Primary,Molluscs,Mytilus edulis,Total soft tissues,Adult,Not reported,Active biomonitoring of trace elements in Flekkefjord fjord during restoration activities,2018-06-27,2018-12-15,,Not relevant,NA,University of Milan,Sam Welch,2025-11-02,"6-months active biomonitoring using transplanted blue mussels (Mytilus edulis) in five locations within Flekkefjord fjord to monitor trace elements before and during restoration activities. Mussels were transplanted at 5m and 15m depths and sampled at t=0, 30, 135, 166, and 196 days. Some cages were lost due to storms and mortality occurred in some locations.",mg/kg (wet),1.03,NA,NA,NA,NA,NA,NA
Flekkefjord2018_S2,Copper,2018-11-15,"Biota, Aquatic",15m,,0.79,Not Reported,NA,NA,mg/kg (wet),50,NA,,NA,,S01_CagedOrganismDe_Flekkefjor,F01_AcidFrac_Flekkefjor,E01_MicrowaveAcid_Flekkefjor,A01_ICPMS_Flekkefjor,2022ParoliniTrendsAndPotential,Flekkefjord2018_S2-Copper-BiotaAquatic-2018-11-15-R15m,Flekkefjord2018,Biota,Stressor,Concentration,caged exposure monitoring day t=166,S2 - Near old ship industry,"Coastal, fjord","Water column, pelagic zone",Norway,Norway,58.2841,6.6543,10,m,Located nearby an old ship industry. Coordinates: 58° 17′ 02.7″ N—6° 39′ 15.6″ E,2022,Trends and potential human health risk of trace elements accumulated in transplanted blue mussels during restoration activities of Flekkefjord fjord (Southern Norway),Primary,Molluscs,Mytilus edulis,Total soft tissues,Adult,Not reported,Active biomonitoring of trace elements in Flekkefjord fjord during restoration activities,2018-06-27,2018-12-15,,Not relevant,NA,University of Milan,Sam Welch,2025-11-02,"6-months active biomonitoring using transplanted blue mussels (Mytilus edulis) in five locations within Flekkefjord fjord to monitor trace elements before and during restoration activities. Mussels were transplanted at 5m and 15m depths and sampled at t=0, 30, 135, 166, and 196 days. Some cages were lost due to storms and mortality occurred in some locations.",mg/kg (wet),0.79,NA,NA,NA,NA,NA,NA
Flekkefjord2018_S2,Copper,2018-12-15,"Biota, Aquatic",5m,,3.1,Not Reported,NA,NA,mg/kg (wet),50,NA,,NA,,S01_CagedOrganismDe_Flekkefjor,F01_AcidFrac_Flekkefjor,E01_MicrowaveAcid_Flekkefjor,A01_ICPMS_Flekkefjor,2022ParoliniTrendsAndPotential,Flekkefjord2018_S2-Copper-BiotaAquatic-2018-12-15-R5m,Flekkefjord2018,Biota,Stressor,Concentration,caged exposure monitoring day t=196,S2 - Near old ship industry,"Coastal, fjord","Water column, pelagic zone",Norway,Norway,58.2841,6.6543,10,m,Located nearby an old ship industry. Coordinates: 58° 17′ 02.7″ N—6° 39′ 15.6″ E,2022,Trends and potential human health risk of trace elements accumulated in transplanted blue mussels during restoration activities of Flekkefjord fjord (Southern Norway),Primary,Molluscs,Mytilus edulis,Total soft tissues,Adult,Not reported,Active biomonitoring of trace elements in Flekkefjord fjord during restoration activities,2018-06-27,2018-12-15,,Not relevant,NA,University of Milan,Sam Welch,2025-11-02,"6-months active biomonitoring using transplanted blue mussels (Mytilus edulis) in five locations within Flekkefjord fjord to monitor trace elements before and during restoration activities. Mussels were transplanted at 5m and 15m depths and sampled at t=0, 30, 135, 166, and 196 days. Some cages were lost due to storms and mortality occurred in some locations.",mg/kg (wet),3.1,NA,NA,NA,NA,NA,NA
Flekkefjord2018_S2,Copper,2018-12-15,"Biota, Aquatic",15m,,2.81,Not Reported,NA,NA,mg/kg (wet),50,NA,,NA,,S01_CagedOrganismDe_Flekkefjor,F01_AcidFrac_Flekkefjor,E01_MicrowaveAcid_Flekkefjor,A01_ICPMS_Flekkefjor,2022ParoliniTrendsAndPotential,Flekkefjord2018_S2-Copper-BiotaAquatic-2018-12-15-R15m,Flekkefjord2018,Biota,Stressor,Concentration,caged exposure monitoring day t=196,S2 - Near old ship industry,"Coastal, fjord","Water column, pelagic zone",Norway,Norway,58.2841,6.6543,10,m,Located nearby an old ship industry. Coordinates: 58° 17′ 02.7″ N—6° 39′ 15.6″ E,2022,Trends and potential human health risk of trace elements accumulated in transplanted blue mussels during restoration activities of Flekkefjord fjord (Southern Norway),Primary,Molluscs,Mytilus edulis,Total soft tissues,Adult,Not reported,Active biomonitoring of trace elements in Flekkefjord fjord during restoration activities,2018-06-27,2018-12-15,,Not relevant,NA,University of Milan,Sam Welch,2025-11-02,"6-months active biomonitoring using transplanted blue mussels (Mytilus edulis) in five locations within Flekkefjord fjord to monitor trace elements before and during restoration activities. Mussels were transplanted at 5m and 15m depths and sampled at t=0, 30, 135, 166, and 196 days. Some cages were lost due to storms and mortality occurred in some locations.",mg/kg (wet),2.81,NA,NA,NA,NA,NA,NA
Flekkefjord2018_S3,Copper,2018-06-27,"Biota, Aquatic",5m,,2.62,Not Reported,NA,NA,mg/kg (wet),50,NA,,NA,,S01_CagedOrganismDe_Flekkefjor,F01_AcidFrac_Flekkefjor,E01_MicrowaveAcid_Flekkefjor,A01_ICPMS_Flekkefjor,2022ParoliniTrendsAndPotential,Flekkefjord2018_S3-Copper-BiotaAquatic-2018-06-27-R5m,Flekkefjord2018,Biota,Stressor,Concentration,caged exposure monitoring day t=0,S3 - Near Slippen industrial area,"Coastal, fjord","Water column, pelagic zone",Norway,Norway,58.2897,6.6586,10,m,Located nearby the old industrial area called 'Slippen'. Coordinates: 58° 17′ 23.0″ N—6° 39′ 30.9″ E,2022,Trends and potential human health risk of trace elements accumulated in transplanted blue mussels during restoration activities of Flekkefjord fjord (Southern Norway),Primary,Molluscs,Mytilus edulis,Total soft tissues,Adult,Not reported,Active biomonitoring of trace elements in Flekkefjord fjord during restoration activities,2018-06-27,2018-12-15,,Not relevant,NA,University of Milan,Sam Welch,2025-11-02,"6-months active biomonitoring using transplanted blue mussels (Mytilus edulis) in five locations within Flekkefjord fjord to monitor trace elements before and during restoration activities. Mussels were transplanted at 5m and 15m depths and sampled at t=0, 30, 135, 166, and 196 days. Some cages were lost due to storms and mortality occurred in some locations.",mg/kg (wet),2.62,NA,NA,NA,NA,NA,NA
Flekkefjord2018_S3,Copper,2018-06-27,"Biota, Aquatic",15m,,2.23,Not Reported,NA,NA,mg/kg (wet),50,NA,,NA,,S01_CagedOrganismDe_Flekkefjor,F01_AcidFrac_Flekkefjor,E01_MicrowaveAcid_Flekkefjor,A01_ICPMS_Flekkefjor,2022ParoliniTrendsAndPotential,Flekkefjord2018_S3-Copper-BiotaAquatic-2018-06-27-R15m,Flekkefjord2018,Biota,Stressor,Concentration,caged exposure monitoring day t=0,S3 - Near Slippen industrial area,"Coastal, fjord","Water column, pelagic zone",Norway,Norway,58.2897,6.6586,10,m,Located nearby the old industrial area called 'Slippen'. Coordinates: 58° 17′ 23.0″ N—6° 39′ 30.9″ E,2022,Trends and potential human health risk of trace elements accumulated in transplanted blue mussels during restoration activities of Flekkefjord fjord (Southern Norway),Primary,Molluscs,Mytilus edulis,Total soft tissues,Adult,Not reported,Active biomonitoring of trace elements in Flekkefjord fjord during restoration activities,2018-06-27,2018-12-15,,Not relevant,NA,University of Milan,Sam Welch,2025-11-02,"6-months active biomonitoring using transplanted blue mussels (Mytilus edulis) in five locations within Flekkefjord fjord to monitor trace elements before and during restoration activities. Mussels were transplanted at 5m and 15m depths and sampled at t=0, 30, 135, 166, and 196 days. Some cages were lost due to storms and mortality occurred in some locations.",mg/kg (wet),2.23,NA,NA,NA,NA,NA,NA
Flekkefjord2018_S3,Copper,2018-07-27,"Biota, Aquatic",5m,,2.03,Not Reported,NA,NA,mg/kg (wet),50,NA,,NA,,S01_CagedOrganismDe_Flekkefjor,F01_AcidFrac_Flekkefjor,E01_MicrowaveAcid_Flekkefjor,A01_ICPMS_Flekkefjor,2022ParoliniTrendsAndPotential,Flekkefjord2018_S3-Copper-BiotaAquatic-2018-07-27-R5m,Flekkefjord2018,Biota,Stressor,Concentration,caged exposure monitoring day t=30,S3 - Near Slippen industrial area,"Coastal, fjord","Water column, pelagic zone",Norway,Norway,58.2897,6.6586,10,m,Located nearby the old industrial area called 'Slippen'. Coordinates: 58° 17′ 23.0″ N—6° 39′ 30.9″ E,2022,Trends and potential human health risk of trace elements accumulated in transplanted blue mussels during restoration activities of Flekkefjord fjord (Southern Norway),Primary,Molluscs,Mytilus edulis,Total soft tissues,Adult,Not reported,Active biomonitoring of trace elements in Flekkefjord fjord during restoration activities,2018-06-27,2018-12-15,,Not relevant,NA,University of Milan,Sam Welch,2025-11-02,"6-months active biomonitoring using transplanted blue mussels (Mytilus edulis) in five locations within Flekkefjord fjord to monitor trace elements before and during restoration activities. Mussels were transplanted at 5m and 15m depths and sampled at t=0, 30, 135, 166, and 196 days. Some cages were lost due to storms and mortality occurred in some locations.",mg/kg (wet),2.03,NA,NA,NA,NA,NA,NA
Flekkefjord2018_S3,Copper,2018-10-10,"Biota, Aquatic",5m,,3.72,Not Reported,NA,NA,mg/kg (wet),50,NA,,NA,,S01_CagedOrganismDe_Flekkefjor,F01_AcidFrac_Flekkefjor,E01_MicrowaveAcid_Flekkefjor,A01_ICPMS_Flekkefjor,2022ParoliniTrendsAndPotential,Flekkefjord2018_S3-Copper-BiotaAquatic-2018-10-10-R5m,Flekkefjord2018,Biota,Stressor,Concentration,caged exposure monitoring day t=135,S3 - Near Slippen industrial area,"Coastal, fjord","Water column, pelagic zone",Norway,Norway,58.2897,6.6586,10,m,Located nearby the old industrial area called 'Slippen'. Coordinates: 58° 17′ 23.0″ N—6° 39′ 30.9″ E,2022,Trends and potential human health risk of trace elements accumulated in transplanted blue mussels during restoration activities of Flekkefjord fjord (Southern Norway),Primary,Molluscs,Mytilus edulis,Total soft tissues,Adult,Not reported,Active biomonitoring of trace elements in Flekkefjord fjord during restoration activities,2018-06-27,2018-12-15,,Not relevant,NA,University of Milan,Sam Welch,2025-11-02,"6-months active biomonitoring using transplanted blue mussels (Mytilus edulis) in five locations within Flekkefjord fjord to monitor trace elements before and during restoration activities. Mussels were transplanted at 5m and 15m depths and sampled at t=0, 30, 135, 166, and 196 days. Some cages were lost due to storms and mortality occurred in some locations.",mg/kg (wet),3.72,NA,NA,NA,NA,NA,NA
Flekkefjord2018_S3,Copper,2018-10-10,"Biota, Aquatic",15m,,1.18,Not Reported,NA,NA,mg/kg (wet),50,NA,,NA,,S01_CagedOrganismDe_Flekkefjor,F01_AcidFrac_Flekkefjor,E01_MicrowaveAcid_Flekkefjor,A01_ICPMS_Flekkefjor,2022ParoliniTrendsAndPotential,Flekkefjord2018_S3-Copper-BiotaAquatic-2018-10-10-R15m,Flekkefjord2018,Biota,Stressor,Concentration,caged exposure monitoring day t=135,S3 - Near Slippen industrial area,"Coastal, fjord","Water column, pelagic zone",Norway,Norway,58.2897,6.6586,10,m,Located nearby the old industrial area called 'Slippen'. Coordinates: 58° 17′ 23.0″ N—6° 39′ 30.9″ E,2022,Trends and potential human health risk of trace elements accumulated in transplanted blue mussels during restoration activities of Flekkefjord fjord (Southern Norway),Primary,Molluscs,Mytilus edulis,Total soft tissues,Adult,Not reported,Active biomonitoring of trace elements in Flekkefjord fjord during restoration activities,2018-06-27,2018-12-15,,Not relevant,NA,University of Milan,Sam Welch,2025-11-02,"6-months active biomonitoring using transplanted blue mussels (Mytilus edulis) in five locations within Flekkefjord fjord to monitor trace elements before and during restoration activities. Mussels were transplanted at 5m and 15m depths and sampled at t=0, 30, 135, 166, and 196 days. Some cages were lost due to storms and mortality occurred in some locations.",mg/kg (wet),1.18,NA,NA,NA,NA,NA,NA
Flekkefjord2018_S3,Copper,2018-11-15,"Biota, Aquatic",5m,,3.4,Not Reported,NA,NA,mg/kg (wet),50,NA,,NA,,S01_CagedOrganismDe_Flekkefjor,F01_AcidFrac_Flekkefjor,E01_MicrowaveAcid_Flekkefjor,A01_ICPMS_Flekkefjor,2022ParoliniTrendsAndPotential,Flekkefjord2018_S3-Copper-BiotaAquatic-2018-11-15-R5m,Flekkefjord2018,Biota,Stressor,Concentration,caged exposure monitoring day t=166,S3 - Near Slippen industrial area,"Coastal, fjord","Water column, pelagic zone",Norway,Norway,58.2897,6.6586,10,m,Located nearby the old industrial area called 'Slippen'. Coordinates: 58° 17′ 23.0″ N—6° 39′ 30.9″ E,2022,Trends and potential human health risk of trace elements accumulated in transplanted blue mussels during restoration activities of Flekkefjord fjord (Southern Norway),Primary,Molluscs,Mytilus edulis,Total soft tissues,Adult,Not reported,Active biomonitoring of trace elements in Flekkefjord fjord during restoration activities,2018-06-27,2018-12-15,,Not relevant,NA,University of Milan,Sam Welch,2025-11-02,"6-months active biomonitoring using transplanted blue mussels (Mytilus edulis) in five locations within Flekkefjord fjord to monitor trace elements before and during restoration activities. Mussels were transplanted at 5m and 15m depths and sampled at t=0, 30, 135, 166, and 196 days. Some cages were lost due to storms and mortality occurred in some locations.",mg/kg (wet),3.4,NA,NA,NA,NA,NA,NA
Flekkefjord2018_S3,Copper,2018-11-15,"Biota, Aquatic",15m,,3.43,Not Reported,NA,NA,mg/kg (wet),50,NA,,NA,,S01_CagedOrganismDe_Flekkefjor,F01_AcidFrac_Flekkefjor,E01_MicrowaveAcid_Flekkefjor,A01_ICPMS_Flekkefjor,2022ParoliniTrendsAndPotential,Flekkefjord2018_S3-Copper-BiotaAquatic-2018-11-15-R15m,Flekkefjord2018,Biota,Stressor,Concentration,caged exposure monitoring day t=166,S3 - Near Slippen industrial area,"Coastal, fjord","Water column, pelagic zone",Norway,Norway,58.2897,6.6586,10,m,Located nearby the old industrial area called 'Slippen'. Coordinates: 58° 17′ 23.0″ N—6° 39′ 30.9″ E,2022,Trends and potential human health risk of trace elements accumulated in transplanted blue mussels during restoration activities of Flekkefjord fjord (Southern Norway),Primary,Molluscs,Mytilus edulis,Total soft tissues,Adult,Not reported,Active biomonitoring of trace elements in Flekkefjord fjord during restoration activities,2018-06-27,2018-12-15,,Not relevant,NA,University of Milan,Sam Welch,2025-11-02,"6-months active biomonitoring using transplanted blue mussels (Mytilus edulis) in five locations within Flekkefjord fjord to monitor trace elements before and during restoration activities. Mussels were transplanted at 5m and 15m depths and sampled at t=0, 30, 135, 166, and 196 days. Some cages were lost due to storms and mortality occurred in some locations.",mg/kg (wet),3.43,NA,NA,NA,NA,NA,NA
Flekkefjord2018_S3,Copper,2018-12-15,"Biota, Aquatic",5m,,1.19,Not Reported,NA,NA,mg/kg (wet),50,NA,,NA,,S01_CagedOrganismDe_Flekkefjor,F01_AcidFrac_Flekkefjor,E01_MicrowaveAcid_Flekkefjor,A01_ICPMS_Flekkefjor,2022ParoliniTrendsAndPotential,Flekkefjord2018_S3-Copper-BiotaAquatic-2018-12-15-R5m,Flekkefjord2018,Biota,Stressor,Concentration,caged exposure monitoring day t=196,S3 - Near Slippen industrial area,"Coastal, fjord","Water column, pelagic zone",Norway,Norway,58.2897,6.6586,10,m,Located nearby the old industrial area called 'Slippen'. Coordinates: 58° 17′ 23.0″ N—6° 39′ 30.9″ E,2022,Trends and potential human health risk of trace elements accumulated in transplanted blue mussels during restoration activities of Flekkefjord fjord (Southern Norway),Primary,Molluscs,Mytilus edulis,Total soft tissues,Adult,Not reported,Active biomonitoring of trace elements in Flekkefjord fjord during restoration activities,2018-06-27,2018-12-15,,Not relevant,NA,University of Milan,Sam Welch,2025-11-02,"6-months active biomonitoring using transplanted blue mussels (Mytilus edulis) in five locations within Flekkefjord fjord to monitor trace elements before and during restoration activities. Mussels were transplanted at 5m and 15m depths and sampled at t=0, 30, 135, 166, and 196 days. Some cages were lost due to storms and mortality occurred in some locations.",mg/kg (wet),1.19,NA,NA,NA,NA,NA,NA
Flekkefjord2018_S3,Copper,2018-12-15,"Biota, Aquatic",15m,,2.6,Not Reported,NA,NA,mg/kg (wet),50,NA,,NA,,S01_CagedOrganismDe_Flekkefjor,F01_AcidFrac_Flekkefjor,E01_MicrowaveAcid_Flekkefjor,A01_ICPMS_Flekkefjor,2022ParoliniTrendsAndPotential,Flekkefjord2018_S3-Copper-BiotaAquatic-2018-12-15-R15m,Flekkefjord2018,Biota,Stressor,Concentration,caged exposure monitoring day t=196,S3 - Near Slippen industrial area,"Coastal, fjord","Water column, pelagic zone",Norway,Norway,58.2897,6.6586,10,m,Located nearby the old industrial area called 'Slippen'. Coordinates: 58° 17′ 23.0″ N—6° 39′ 30.9″ E,2022,Trends and potential human health risk of trace elements accumulated in transplanted blue mussels during restoration activities of Flekkefjord fjord (Southern Norway),Primary,Molluscs,Mytilus edulis,Total soft tissues,Adult,Not reported,Active biomonitoring of trace elements in Flekkefjord fjord during restoration activities,2018-06-27,2018-12-15,,Not relevant,NA,University of Milan,Sam Welch,2025-11-02,"6-months active biomonitoring using transplanted blue mussels (Mytilus edulis) in five locations within Flekkefjord fjord to monitor trace elements before and during restoration activities. Mussels were transplanted at 5m and 15m depths and sampled at t=0, 30, 135, 166, and 196 days. Some cages were lost due to storms and mortality occurred in some locations.",mg/kg (wet),2.6,NA,NA,NA,NA,NA,NA
Flekkefjord2018_S4,Copper,2018-10-10,"Biota, Aquatic",5m,,1.14,Not Reported,NA,NA,mg/kg (wet),50,NA,,NA,,S01_CagedOrganismDe_Flekkefjor,F01_AcidFrac_Flekkefjor,E01_MicrowaveAcid_Flekkefjor,A01_ICPMS_Flekkefjor,2022ParoliniTrendsAndPotential,Flekkefjord2018_S4-Copper-BiotaAquatic-2018-10-10-R5m,Flekkefjord2018,Biota,Stressor,Concentration,caged exposure monitoring day t=135,S4 - Near old landfill,"Coastal, fjord","Water column, pelagic zone",Norway,Norway,58.2927,6.6615,10,m,Located close to an old landfill. Coordinates: 58° 17′ 33.8″ N—6° 39′ 41.3″ E,2022,Trends and potential human health risk of trace elements accumulated in transplanted blue mussels during restoration activities of Flekkefjord fjord (Southern Norway),Primary,Molluscs,Mytilus edulis,Total soft tissues,Adult,Not reported,Active biomonitoring of trace elements in Flekkefjord fjord during restoration activities,2018-06-27,2018-12-15,,Not relevant,NA,University of Milan,Sam Welch,2025-11-02,"6-months active biomonitoring using transplanted blue mussels (Mytilus edulis) in five locations within Flekkefjord fjord to monitor trace elements before and during restoration activities. Mussels were transplanted at 5m and 15m depths and sampled at t=0, 30, 135, 166, and 196 days. Some cages were lost due to storms and mortality occurred in some locations.",mg/kg (wet),1.14,NA,NA,NA,NA,NA,NA
Flekkefjord2018_S4,Copper,2018-10-10,"Biota, Aquatic",15m,,3.88,Not Reported,NA,NA,mg/kg (wet),50,NA,,NA,,S01_CagedOrganismDe_Flekkefjor,F01_AcidFrac_Flekkefjor,E01_MicrowaveAcid_Flekkefjor,A01_ICPMS_Flekkefjor,2022ParoliniTrendsAndPotential,Flekkefjord2018_S4-Copper-BiotaAquatic-2018-10-10-R15m,Flekkefjord2018,Biota,Stressor,Concentration,caged exposure monitoring day t=135,S4 - Near old landfill,"Coastal, fjord","Water column, pelagic zone",Norway,Norway,58.2927,6.6615,10,m,Located close to an old landfill. Coordinates: 58° 17′ 33.8″ N—6° 39′ 41.3″ E,2022,Trends and potential human health risk of trace elements accumulated in transplanted blue mussels during restoration activities of Flekkefjord fjord (Southern Norway),Primary,Molluscs,Mytilus edulis,Total soft tissues,Adult,Not reported,Active biomonitoring of trace elements in Flekkefjord fjord during restoration activities,2018-06-27,2018-12-15,,Not relevant,NA,University of Milan,Sam Welch,2025-11-02,"6-months active biomonitoring using transplanted blue mussels (Mytilus edulis) in five locations within Flekkefjord fjord to monitor trace elements before and during restoration activities. Mussels were transplanted at 5m and 15m depths and sampled at t=0, 30, 135, 166, and 196 days. Some cages were lost due to storms and mortality occurred in some locations.",mg/kg (wet),3.88,NA,NA,NA,NA,NA,NA
Flekkefjord2018_S4,Copper,2018-11-15,"Biota, Aquatic",5m,,2.85,Not Reported,NA,NA,mg/kg (wet),50,NA,,NA,,S01_CagedOrganismDe_Flekkefjor,F01_AcidFrac_Flekkefjor,E01_MicrowaveAcid_Flekkefjor,A01_ICPMS_Flekkefjor,2022ParoliniTrendsAndPotential,Flekkefjord2018_S4-Copper-BiotaAquatic-2018-11-15-R5m,Flekkefjord2018,Biota,Stressor,Concentration,caged exposure monitoring day t=166,S4 - Near old landfill,"Coastal, fjord","Water column, pelagic zone",Norway,Norway,58.2927,6.6615,10,m,Located close to an old landfill. Coordinates: 58° 17′ 33.8″ N—6° 39′ 41.3″ E,2022,Trends and potential human health risk of trace elements accumulated in transplanted blue mussels during restoration activities of Flekkefjord fjord (Southern Norway),Primary,Molluscs,Mytilus edulis,Total soft tissues,Adult,Not reported,Active biomonitoring of trace elements in Flekkefjord fjord during restoration activities,2018-06-27,2018-12-15,,Not relevant,NA,University of Milan,Sam Welch,2025-11-02,"6-months active biomonitoring using transplanted blue mussels (Mytilus edulis) in five locations within Flekkefjord fjord to monitor trace elements before and during restoration activities. Mussels were transplanted at 5m and 15m depths and sampled at t=0, 30, 135, 166, and 196 days. Some cages were lost due to storms and mortality occurred in some locations.",mg/kg (wet),2.85,NA,NA,NA,NA,NA,NA
Flekkefjord2018_S4,Copper,2018-11-15,"Biota, Aquatic",15m,,2.92,Not Reported,NA,NA,mg/kg (wet),50,NA,,NA,,S01_CagedOrganismDe_Flekkefjor,F01_AcidFrac_Flekkefjor,E01_MicrowaveAcid_Flekkefjor,A01_ICPMS_Flekkefjor,2022ParoliniTrendsAndPotential,Flekkefjord2018_S4-Copper-BiotaAquatic-2018-11-15-R15m,Flekkefjord2018,Biota,Stressor,Concentration,caged exposure monitoring day t=166,S4 - Near old landfill,"Coastal, fjord","Water column, pelagic zone",Norway,Norway,58.2927,6.6615,10,m,Located close to an old landfill. Coordinates: 58° 17′ 33.8″ N—6° 39′ 41.3″ E,2022,Trends and potential human health risk of trace elements accumulated in transplanted blue mussels during restoration activities of Flekkefjord fjord (Southern Norway),Primary,Molluscs,Mytilus edulis,Total soft tissues,Adult,Not reported,Active biomonitoring of trace elements in Flekkefjord fjord during restoration activities,2018-06-27,2018-12-15,,Not relevant,NA,University of Milan,Sam Welch,2025-11-02,"6-months active biomonitoring using transplanted blue mussels (Mytilus edulis) in five locations within Flekkefjord fjord to monitor trace elements before and during restoration activities. Mussels were transplanted at 5m and 15m depths and sampled at t=0, 30, 135, 166, and 196 days. Some cages were lost due to storms and mortality occurred in some locations.",mg/kg (wet),2.92,NA,NA,NA,NA,NA,NA
Flekkefjord2018_S4,Copper,2018-12-15,"Biota, Aquatic",5m,,2.43,Not Reported,NA,NA,mg/kg (wet),50,NA,,NA,,S01_CagedOrganismDe_Flekkefjor,F01_AcidFrac_Flekkefjor,E01_MicrowaveAcid_Flekkefjor,A01_ICPMS_Flekkefjor,2022ParoliniTrendsAndPotential,Flekkefjord2018_S4-Copper-BiotaAquatic-2018-12-15-R5m,Flekkefjord2018,Biota,Stressor,Concentration,caged exposure monitoring day t=196,S4 - Near old landfill,"Coastal, fjord","Water column, pelagic zone",Norway,Norway,58.2927,6.6615,10,m,Located close to an old landfill. Coordinates: 58° 17′ 33.8″ N—6° 39′ 41.3″ E,2022,Trends and potential human health risk of trace elements accumulated in transplanted blue mussels during restoration activities of Flekkefjord fjord (Southern Norway),Primary,Molluscs,Mytilus edulis,Total soft tissues,Adult,Not reported,Active biomonitoring of trace elements in Flekkefjord fjord during restoration activities,2018-06-27,2018-12-15,,Not relevant,NA,University of Milan,Sam Welch,2025-11-02,"6-months active biomonitoring using transplanted blue mussels (Mytilus edulis) in five locations within Flekkefjord fjord to monitor trace elements before and during restoration activities. Mussels were transplanted at 5m and 15m depths and sampled at t=0, 30, 135, 166, and 196 days. Some cages were lost due to storms and mortality occurred in some locations.",mg/kg (wet),2.43,NA,NA,NA,NA,NA,NA
Flekkefjord2018_S4,Copper,2018-12-15,"Biota, Aquatic",15m,,2.25,Not Reported,NA,NA,mg/kg (wet),50,NA,,NA,,S01_CagedOrganismDe_Flekkefjor,F01_AcidFrac_Flekkefjor,E01_MicrowaveAcid_Flekkefjor,A01_ICPMS_Flekkefjor,2022ParoliniTrendsAndPotential,Flekkefjord2018_S4-Copper-BiotaAquatic-2018-12-15-R15m,Flekkefjord2018,Biota,Stressor,Concentration,caged exposure monitoring day t=196,S4 - Near old landfill,"Coastal, fjord","Water column, pelagic zone",Norway,Norway,58.2927,6.6615,10,m,Located close to an old landfill. Coordinates: 58° 17′ 33.8″ N—6° 39′ 41.3″ E,2022,Trends and potential human health risk of trace elements accumulated in transplanted blue mussels during restoration activities of Flekkefjord fjord (Southern Norway),Primary,Molluscs,Mytilus edulis,Total soft tissues,Adult,Not reported,Active biomonitoring of trace elements in Flekkefjord fjord during restoration activities,2018-06-27,2018-12-15,,Not relevant,NA,University of Milan,Sam Welch,2025-11-02,"6-months active biomonitoring using transplanted blue mussels (Mytilus edulis) in five locations within Flekkefjord fjord to monitor trace elements before and during restoration activities. Mussels were transplanted at 5m and 15m depths and sampled at t=0, 30, 135, 166, and 196 days. Some cages were lost due to storms and mortality occurred in some locations.",mg/kg (wet),2.25,NA,NA,NA,NA,NA,NA
Flekkefjord2018_S5,Copper,2018-07-27,"Biota, Aquatic",5m,,0.66,Not Reported,NA,NA,mg/kg (wet),50,NA,,NA,,S01_CagedOrganismDe_Flekkefjor,F01_AcidFrac_Flekkefjor,E01_MicrowaveAcid_Flekkefjor,A01_ICPMS_Flekkefjor,2022ParoliniTrendsAndPotential,Flekkefjord2018_S5-Copper-BiotaAquatic-2018-07-27-R5m,Flekkefjord2018,Biota,Stressor,Concentration,caged exposure monitoring day t=30,S5 - Near abandoned tannery,"Coastal, fjord","Water column, pelagic zone",Norway,Norway,58.2954,6.6535,10,m,Located close to an abandoned tannery. Complete mortality of mussels occurred at t=166 days in the cage placed at 15-m depth. Coordinates: 58° 17′ 43.3″ N—6° 39′ 12.5″ E,2022,Trends and potential human health risk of trace elements accumulated in transplanted blue mussels during restoration activities of Flekkefjord fjord (Southern Norway),Primary,Molluscs,Mytilus edulis,Total soft tissues,Adult,Not reported,Active biomonitoring of trace elements in Flekkefjord fjord during restoration activities,2018-06-27,2018-12-15,,Not relevant,NA,University of Milan,Sam Welch,2025-11-02,"6-months active biomonitoring using transplanted blue mussels (Mytilus edulis) in five locations within Flekkefjord fjord to monitor trace elements before and during restoration activities. Mussels were transplanted at 5m and 15m depths and sampled at t=0, 30, 135, 166, and 196 days. Some cages were lost due to storms and mortality occurred in some locations.",mg/kg (wet),0.66,NA,NA,NA,NA,NA,NA
Flekkefjord2018_S5,Copper,2018-10-10,"Biota, Aquatic",5m,,2.26,Not Reported,NA,NA,mg/kg (wet),50,NA,,NA,,S01_CagedOrganismDe_Flekkefjor,F01_AcidFrac_Flekkefjor,E01_MicrowaveAcid_Flekkefjor,A01_ICPMS_Flekkefjor,2022ParoliniTrendsAndPotential,Flekkefjord2018_S5-Copper-BiotaAquatic-2018-10-10-R5m,Flekkefjord2018,Biota,Stressor,Concentration,caged exposure monitoring day t=135,S5 - Near abandoned tannery,"Coastal, fjord","Water column, pelagic zone",Norway,Norway,58.2954,6.6535,10,m,Located close to an abandoned tannery. Complete mortality of mussels occurred at t=166 days in the cage placed at 15-m depth. Coordinates: 58° 17′ 43.3″ N—6° 39′ 12.5″ E,2022,Trends and potential human health risk of trace elements accumulated in transplanted blue mussels during restoration activities of Flekkefjord fjord (Southern Norway),Primary,Molluscs,Mytilus edulis,Total soft tissues,Adult,Not reported,Active biomonitoring of trace elements in Flekkefjord fjord during restoration activities,2018-06-27,2018-12-15,,Not relevant,NA,University of Milan,Sam Welch,2025-11-02,"6-months active biomonitoring using transplanted blue mussels (Mytilus edulis) in five locations within Flekkefjord fjord to monitor trace elements before and during restoration activities. Mussels were transplanted at 5m and 15m depths and sampled at t=0, 30, 135, 166, and 196 days. Some cages were lost due to storms and mortality occurred in some locations.",mg/kg (wet),2.26,NA,NA,NA,NA,NA,NA
Flekkefjord2018_S5,Copper,2018-10-10,"Biota, Aquatic",15m,,3.3,Not Reported,NA,NA,mg/kg (wet),50,NA,,NA,,S01_CagedOrganismDe_Flekkefjor,F01_AcidFrac_Flekkefjor,E01_MicrowaveAcid_Flekkefjor,A01_ICPMS_Flekkefjor,2022ParoliniTrendsAndPotential,Flekkefjord2018_S5-Copper-BiotaAquatic-2018-10-10-R15m,Flekkefjord2018,Biota,Stressor,Concentration,caged exposure monitoring day t=135,S5 - Near abandoned tannery,"Coastal, fjord","Water column, pelagic zone",Norway,Norway,58.2954,6.6535,10,m,Located close to an abandoned tannery. Complete mortality of mussels occurred at t=166 days in the cage placed at 15-m depth. Coordinates: 58° 17′ 43.3″ N—6° 39′ 12.5″ E,2022,Trends and potential human health risk of trace elements accumulated in transplanted blue mussels during restoration activities of Flekkefjord fjord (Southern Norway),Primary,Molluscs,Mytilus edulis,Total soft tissues,Adult,Not reported,Active biomonitoring of trace elements in Flekkefjord fjord during restoration activities,2018-06-27,2018-12-15,,Not relevant,NA,University of Milan,Sam Welch,2025-11-02,"6-months active biomonitoring using transplanted blue mussels (Mytilus edulis) in five locations within Flekkefjord fjord to monitor trace elements before and during restoration activities. Mussels were transplanted at 5m and 15m depths and sampled at t=0, 30, 135, 166, and 196 days. Some cages were lost due to storms and mortality occurred in some locations.",mg/kg (wet),3.3,NA,NA,NA,NA,NA,NA
Flekkefjord2018_S5,Copper,2018-11-15,"Biota, Aquatic",5m,,2.49,Not Reported,NA,NA,mg/kg (wet),50,NA,,NA,,S01_CagedOrganismDe_Flekkefjor,F01_AcidFrac_Flekkefjor,E01_MicrowaveAcid_Flekkefjor,A01_ICPMS_Flekkefjor,2022ParoliniTrendsAndPotential,Flekkefjord2018_S5-Copper-BiotaAquatic-2018-11-15-R5m,Flekkefjord2018,Biota,Stressor,Concentration,caged exposure monitoring day t=166,S5 - Near abandoned tannery,"Coastal, fjord","Water column, pelagic zone",Norway,Norway,58.2954,6.6535,10,m,Located close to an abandoned tannery. Complete mortality of mussels occurred at t=166 days in the cage placed at 15-m depth. Coordinates: 58° 17′ 43.3″ N—6° 39′ 12.5″ E,2022,Trends and potential human health risk of trace elements accumulated in transplanted blue mussels during restoration activities of Flekkefjord fjord (Southern Norway),Primary,Molluscs,Mytilus edulis,Total soft tissues,Adult,Not reported,Active biomonitoring of trace elements in Flekkefjord fjord during restoration activities,2018-06-27,2018-12-15,,Not relevant,NA,University of Milan,Sam Welch,2025-11-02,"6-months active biomonitoring using transplanted blue mussels (Mytilus edulis) in five locations within Flekkefjord fjord to monitor trace elements before and during restoration activities. Mussels were transplanted at 5m and 15m depths and sampled at t=0, 30, 135, 166, and 196 days. Some cages were lost due to storms and mortality occurred in some locations.",mg/kg (wet),2.49,NA,NA,NA,NA,NA,NA
Flekkefjord2018_S5,Copper,2018-11-15,"Biota, Aquatic",15m,,2.16,Not Reported,NA,NA,mg/kg (wet),50,NA,,NA,,S01_CagedOrganismDe_Flekkefjor,F01_AcidFrac_Flekkefjor,E01_MicrowaveAcid_Flekkefjor,A01_ICPMS_Flekkefjor,2022ParoliniTrendsAndPotential,Flekkefjord2018_S5-Copper-BiotaAquatic-2018-11-15-R15m,Flekkefjord2018,Biota,Stressor,Concentration,caged exposure monitoring day t=166,S5 - Near abandoned tannery,"Coastal, fjord","Water column, pelagic zone",Norway,Norway,58.2954,6.6535,10,m,Located close to an abandoned tannery. Complete mortality of mussels occurred at t=166 days in the cage placed at 15-m depth. Coordinates: 58° 17′ 43.3″ N—6° 39′ 12.5″ E,2022,Trends and potential human health risk of trace elements accumulated in transplanted blue mussels during restoration activities of Flekkefjord fjord (Southern Norway),Primary,Molluscs,Mytilus edulis,Total soft tissues,Adult,Not reported,Active biomonitoring of trace elements in Flekkefjord fjord during restoration activities,2018-06-27,2018-12-15,,Not relevant,NA,University of Milan,Sam Welch,2025-11-02,"6-months active biomonitoring using transplanted blue mussels (Mytilus edulis) in five locations within Flekkefjord fjord to monitor trace elements before and during restoration activities. Mussels were transplanted at 5m and 15m depths and sampled at t=0, 30, 135, 166, and 196 days. Some cages were lost due to storms and mortality occurred in some locations.",mg/kg (wet),2.16,NA,NA,NA,NA,NA,NA
Flekkefjord2018_S5,Copper,2018-12-15,"Biota, Aquatic",5m,,3.08,Not Reported,NA,NA,mg/kg (wet),50,NA,,NA,,S01_CagedOrganismDe_Flekkefjor,F01_AcidFrac_Flekkefjor,E01_MicrowaveAcid_Flekkefjor,A01_ICPMS_Flekkefjor,2022ParoliniTrendsAndPotential,Flekkefjord2018_S5-Copper-BiotaAquatic-2018-12-15-R5m,Flekkefjord2018,Biota,Stressor,Concentration,caged exposure monitoring day t=196,S5 - Near abandoned tannery,"Coastal, fjord","Water column, pelagic zone",Norway,Norway,58.2954,6.6535,10,m,Located close to an abandoned tannery. Complete mortality of mussels occurred at t=166 days in the cage placed at 15-m depth. Coordinates: 58° 17′ 43.3″ N—6° 39′ 12.5″ E,2022,Trends and potential human health risk of trace elements accumulated in transplanted blue mussels during restoration activities of Flekkefjord fjord (Southern Norway),Primary,Molluscs,Mytilus edulis,Total soft tissues,Adult,Not reported,Active biomonitoring of trace elements in Flekkefjord fjord during restoration activities,2018-06-27,2018-12-15,,Not relevant,NA,University of Milan,Sam Welch,2025-11-02,"6-months active biomonitoring using transplanted blue mussels (Mytilus edulis) in five locations within Flekkefjord fjord to monitor trace elements before and during restoration activities. Mussels were transplanted at 5m and 15m depths and sampled at t=0, 30, 135, 166, and 196 days. Some cages were lost due to storms and mortality occurred in some locations.",mg/kg (wet),3.08,NA,NA,NA,NA,NA,NA
TaraldrudNorway2020_P,Copper,2020-09-01,Aquatic Sediment,1,,216,Standard Deviation,421,11,mg/kg (dry),17,NA,,NA,,S01_PointSampling_TaraldrudN,E01_Microwaveassist_TaraldrudN,E01_Microwaveassist_TaraldrudN,A01_InductivelyCoup_TaraldrudN,2025PelkonenEnvironmentalImpactOf,TaraldrudNorway2020_P-Copper-AquaticSedim-2020-09-01-R 1,,Aquatic,Stressor,Concentration,"12-22cm sediment sampling depth, n based on core depths x cores.",Precipitation pond,"Drainage, sewer, artificial water",Water surface,Norway,Not relevant,59.7965,10.8397,0,m,Manmade precipitation pond built to catch acidic seepage waters originating from the alum shale waste rock. Liming has allegedly been periodically applied to increase pH. Estimated from Figure 1.,2025,Environmental impact of an acid-forming alum shale waste rock legacy site in Norway,Primary,NA,NA,NA,NA,NA,NA,NA,NA,NA,NA,NA,NA,NA,NA,NA,mg/kg (dry),216,421,11,NA,NA,NA,NA
TaraldrudNorway2020_R,Copper,2020-09-01,Freshwater,1,< LOD,NA,Not Reported,NA,NA,,3,NA,µg/L,NA,,S01_PointSampling_TaraldrudN,E01_Microwaveassist_TaraldrudN,E01_Microwaveassist_TaraldrudN,A01_InductivelyCoup_TaraldrudN,2025PelkonenEnvironmentalImpactOf,TaraldrudNorway2020_R-Copper-Freshwater-2020-09-01-R 1,,Aquatic,Stressor,Concentration,LOD Not reported.,Reference site upstream,"River, stream, canal",Water surface,Norway,Not relevant,59.7985,10.8401,0,m,Reference site selected upstream from the waste rock to represent the local background of the area. Estimated from Figure 1.,2025,Environmental impact of an acid-forming alum shale waste rock legacy site in Norway,Primary,NA,NA,NA,NA,NA,NA,NA,NA,NA,NA,NA,NA,NA,NA,NA,NA,NA,NA,NA,mg/L,NA,NA,NA
TaraldrudNorway2020_P,Copper,2020-09-01,Freshwater,1,,797,Standard Deviation,852,742,µg/L,3,NA,,NA,,S01_PointSampling_TaraldrudN,E01_Microwaveassist_TaraldrudN,E01_Microwaveassist_TaraldrudN,A01_InductivelyCoup_TaraldrudN,2025PelkonenEnvironmentalImpactOf,TaraldrudNorway2020_P-Copper-Freshwater-2020-09-01-R 1,,Aquatic,Stressor,Concentration,,Precipitation pond,"Drainage, sewer, artificial water",Water surface,Norway,Not relevant,59.7965,10.8397,0,m,Manmade precipitation pond built to catch acidic seepage waters originating from the alum shale waste rock. Liming has allegedly been periodically applied to increase pH. Estimated from Figure 1.,2025,Environmental impact of an acid-forming alum shale waste rock legacy site in Norway,Primary,NA,NA,NA,NA,NA,NA,NA,NA,NA,NA,NA,NA,NA,NA,NA,mg/L,0.797,0.852,0.742,NA,NA,NA,NA
TaraldrudNorway2020_MZ,Copper,2020-09-01,Freshwater,1,< LOD,NA,Not Reported,NA,NA,,3,NA,µg/L,NA,,S01_PointSampling_TaraldrudN,E01_Microwaveassist_TaraldrudN,E01_Microwaveassist_TaraldrudN,A01_InductivelyCoup_TaraldrudN,2025PelkonenEnvironmentalImpactOf,TaraldrudNorway2020_MZ-Copper-Freshwater-2020-09-01-R 1,,Aquatic,Stressor,Concentration,LOD Not reported.,Mixing zone,"River, stream, canal",Water surface,Norway,Not relevant,59.7945,10.8384,0,m,"Area where the precipitation pond is connected to the stream through a manmade canal. During sampling campaigns, levels of precipitation were low, and no visible surface water overflow was observed between the pond and stream. Estimated from Figure 1.",2025,Environmental impact of an acid-forming alum shale waste rock legacy site in Norway,Primary,NA,NA,NA,NA,NA,NA,NA,NA,NA,NA,NA,NA,NA,NA,NA,NA,NA,NA,NA,mg/L,NA,NA,NA
TaraldrudNorway2020_DS,Copper,2020-09-01,Freshwater,1,< LOD,NA,Not Reported,NA,NA,,3,NA,µg/L,NA,,S01_PointSampling_TaraldrudN,E01_Microwaveassist_TaraldrudN,E01_Microwaveassist_TaraldrudN,A01_InductivelyCoup_TaraldrudN,2025PelkonenEnvironmentalImpactOf,TaraldrudNorway2020_DS-Copper-Freshwater-2020-09-01-R 1,,Aquatic,Stressor,Concentration,LOD Not reported.,Downstream,"River, stream, canal",Water surface,Norway,Not relevant,59.7931,10.8371,0,m,Sampling point selected downstream from the deposit to investigate the impact of dilution. Estimated from Figure 1.,2025,Environmental impact of an acid-forming alum shale waste rock legacy site in Norway,Primary,NA,NA,NA,NA,NA,NA,NA,NA,NA,NA,NA,NA,NA,NA,NA,NA,NA,NA,NA,mg/L,NA,NA,NA
TaraldrudNorway2020_P,Copper,2020-09-01,Groundwater,1,,1095,Standard Deviation,1116.9,1073.1,µg/L,NA,NA,,NA,,S01_PointSampling_TaraldrudN,E01_Microwaveassist_TaraldrudN,E01_Microwaveassist_TaraldrudN,A01_InductivelyCoup_TaraldrudN,2025PelkonenEnvironmentalImpactOf,TaraldrudNorway2020_P-Copper-Groundwater-2020-09-01-R 1,,Aquatic,Stressor,Concentration,Porewater extracted from 5cm down into soil sample.,Precipitation pond,"Drainage, sewer, artificial water",Water surface,Norway,Not relevant,59.7965,10.8397,0,m,Manmade precipitation pond built to catch acidic seepage waters originating from the alum shale waste rock. Liming has allegedly been periodically applied to increase pH. Estimated from Figure 1.,2025,Environmental impact of an acid-forming alum shale waste rock legacy site in Norway,Primary,NA,NA,NA,NA,NA,NA,NA,NA,NA,NA,NA,NA,NA,NA,NA,mg/L,1.095,1.1169,1.0731,NA,NA,NA,NA
TaraldrudNorway2020_R,Copper,2020-09-01,Soil O Horizon (Organic),1,,23,Standard Deviation,29,17,mg/kg (dry),7,NA,,NA,,S01_PointSampling_TaraldrudN,E01_Microwaveassist_TaraldrudN,E01_Microwaveassist_TaraldrudN,A01_InductivelyCoup_TaraldrudN,2025PelkonenEnvironmentalImpactOf,TaraldrudNorway2020_R-Copper-SoilOHorizon-2020-09-01-R 1,,Terrestrial,Stressor,Concentration,"14-20cm soil sampling depth, n based on core depths x cores.",Reference site upstream,"River, stream, canal",Water surface,Norway,Not relevant,59.7985,10.8401,0,m,Reference site selected upstream from the waste rock to represent the local background of the area. Estimated from Figure 1.,2025,Environmental impact of an acid-forming alum shale waste rock legacy site in Norway,Primary,NA,NA,NA,NA,NA,NA,NA,NA,NA,NA,NA,NA,NA,NA,NA,mg/kg (dry),23,29,17,NA,NA,NA,NA
TaraldrudNorway2020_P,Copper,2020-09-01,Soil O Horizon (Organic),1,,105,Standard Deviation,171,39,mg/kg (dry),16,NA,,NA,,S01_PointSampling_TaraldrudN,E01_Microwaveassist_TaraldrudN,E01_Microwaveassist_TaraldrudN,A01_InductivelyCoup_TaraldrudN,2025PelkonenEnvironmentalImpactOf,TaraldrudNorway2020_P-Copper-SoilOHorizon-2020-09-01-R 1,,Terrestrial,Stressor,Concentration,"14-20cm soil sampling depth, n based on core depths, not number of cores.",Precipitation pond,"Drainage, sewer, artificial water",Water surface,Norway,Not relevant,59.7965,10.8397,0,m,Manmade precipitation pond built to catch acidic seepage waters originating from the alum shale waste rock. Liming has allegedly been periodically applied to increase pH. Estimated from Figure 1.,2025,Environmental impact of an acid-forming alum shale waste rock legacy site in Norway,Primary,NA,NA,NA,NA,NA,NA,NA,NA,NA,NA,NA,NA,NA,NA,NA,mg/kg (dry),105,171,39,NA,NA,NA,NA
TaraldrudNorway2020_MZ,Copper,2020-09-01,Soil O Horizon (Organic),1,,177,Standard Deviation,324,30,mg/kg (dry),17,NA,,NA,,S01_PointSampling_TaraldrudN,E01_Microwaveassist_TaraldrudN,E01_Microwaveassist_TaraldrudN,A01_InductivelyCoup_TaraldrudN,2025PelkonenEnvironmentalImpactOf,TaraldrudNorway2020_MZ-Copper-SoilOHorizon-2020-09-01-R 1,,Terrestrial,Stressor,Concentration,"14-20cm soil sampling depth, n based on core depths x cores.",Mixing zone,"River, stream, canal",Water surface,Norway,Not relevant,59.7945,10.8384,0,m,"Area where the precipitation pond is connected to the stream through a manmade canal. During sampling campaigns, levels of precipitation were low, and no visible surface water overflow was observed between the pond and stream. Estimated from Figure 1.",2025,Environmental impact of an acid-forming alum shale waste rock legacy site in Norway,Primary,NA,NA,NA,NA,NA,NA,NA,NA,NA,NA,NA,NA,NA,NA,NA,mg/kg (dry),177,324,30,NA,NA,NA,NA
